{"type": "FeatureCollection", "features": [{"type": "Feature", "geometry": {"type": "Polygon", "coordinates": [[[121.40926763381091, 23.213948229442792], [121.40126323152964, 23.222936659127047], [121.35998505480175, 23.23012193878346], [121.35685924807147, 23.237197936620003], [121.3559536405141, 23.223892875050904], [121.34657622032327, 23.21714472267397], [121.34689756494039, 23.20922179073344], [121.3349201746655, 23.177912549340867], [121.32378996565394, 23.17837699707531], [121.31750913904638, 23.164361603677065], [121.3244034417412, 23.148980187530448], [121.32037202745354, 23.13775148053887], [121.3219787505392, 23.117233818858395], [121.31578556337267, 23.109748014197343], [121.31768441792845, 23.089694800251316], [121.3134192984647, 23.06559815897012], [121.3185608123388, 23.059696940697172], [121.30997214711729, 23.043714474541275], [121.31137437817387, 23.03027281069734], [121.30290256554039, 23.019453910530274], [121.30699240612208, 23.001149205702156], [121.29898800384079, 22.995329948794108], [121.30041944804438, 22.97847322807926], [121.31111145985076, 22.97442980074409], [121.32376075250693, 22.993881964680842], [121.32323491586072, 23.004864787577713], [121.3351538798416, 23.021803469657467], [121.34932225614239, 23.06669097716881], [121.36614902882127, 23.096169748078573], [121.38294658835315, 23.09548673670439], [121.39515768380414, 23.113408955162967], [121.40701822149099, 23.115895116564996], [121.41113727521967, 23.12398197123533], [121.39980257417903, 23.135101396407038], [121.40760248443124, 23.16225792864458], [121.39930595067983, 23.183130756239628], [121.39620935709657, 23.20113493606311], [121.40926763381091, 23.213948229442792]]]}, "properties": {"county": "臺東縣", "town": "成功鎮"}}, {"type": "Feature", "geometry": {"type": "Polygon", "coordinates": [[[120.57657609138226, 22.45774535640169], [120.56135604178904, 22.461761463281892], [120.5414618886739, 22.46310016557529], [120.53304850233445, 22.44963118127639], [120.52580364187548, 22.44883888808234], [120.52504410005318, 22.42998777415487], [120.51032067395916, 22.41190163296649], [120.54017651020537, 22.39720322819406], [120.56576722698784, 22.401738423718637], [120.56477397998944, 22.409169587469755], [120.57619632047111, 22.414551717098323], [120.56702339230935, 22.429659928695262], [120.57657609138226, 22.45774535640169]]]}, "properties": {"county": "屏東縣", "town": "佳冬鄉"}}, {"type": "Feature", "geometry": {"type": "Polygon", "coordinates": [[[120.2989927684747, 23.74093248530788], [120.3006871310014, 23.753937021872336], [120.3067926787269, 23.763089374286395], [120.30591628431654, 23.77642175631046], [120.29464000956992, 23.78021929955092], [120.29329620480738, 23.79275938838093], [120.30188487002889, 23.8063376544997], [120.30203093576395, 23.821882993376118], [120.2549977690747, 23.834259159476325], [120.23595079722291, 23.848165271054704], [120.22035097671854, 23.86622409178812], [120.21430385528706, 23.850733393821635], [120.20521856656634, 23.84838383469444], [120.20767247091534, 23.837209768612798], [120.19169287949981, 23.818249372865463], [120.16505048942491, 23.794453256588906], [120.16014268072689, 23.786721567833148], [120.16776731209701, 23.75696959237371], [120.20124557857271, 23.756751028733973], [120.20863650476674, 23.761969235632733], [120.22388576750697, 23.76194191517777], [120.23910581710021, 23.751396219560373], [120.24269903418268, 23.7444295035437], [120.25114163366912, 23.735932842048857], [120.26455046814762, 23.7336379238316], [120.28946928254881, 23.741533535317163], [120.2989927684747, 23.74093248530788]]]}, "properties": {"county": "雲林縣", "town": "麥寮鄉"}}, {"type": "Feature", "geometry": {"type": "Polygon", "coordinates": [[[121.49153185579657, 22.677456455249068], [121.46526923663282, 22.67046241877743], [121.47531855920494, 22.65871462314147], [121.4735073440902, 22.646475059316103], [121.49343071035234, 22.638415525100736], [121.50876761253362, 22.653824261702315], [121.51002377785512, 22.677073968879526], [121.49153185579657, 22.677456455249068]]]}, "properties": {"county": "臺東縣", "town": "綠島鄉"}}, {"type": "Feature", "geometry": {"type": "Polygon", "coordinates": [[[121.50467777195195, 22.084793825642485], [121.51084174597146, 22.049550438734613], [121.53871108822086, 22.024388299709692], [121.54884805023401, 22.025699681548122], [121.5622568847125, 22.017312301873147], [121.5698523029356, 22.003979919849083], [121.59310596795711, 22.001794283451698], [121.60295079850015, 22.01854172234668], [121.5967283981866, 22.025125951993807], [121.57867467333321, 22.03244783392506], [121.56804108782086, 22.04083521360003], [121.56386360779815, 22.054058313804227], [121.57087476308102, 22.064740611696458], [121.56646357788222, 22.084302057453076], [121.51335407661449, 22.080395232392746], [121.50467777195195, 22.084793825642485]]]}, "properties": {"county": "臺東縣", "town": "蘭嶼鄉"}}, {"type": "Feature", "geometry": {"type": "Polygon", "coordinates": [[[120.62480699709899, 23.877070312410154], [120.59276017482688, 23.882698326133426], [120.57610868103006, 23.877152273775053], [120.56810427874879, 23.888736146681207], [120.5600414501735, 23.886004101184476], [120.55495836259341, 23.869939673663676], [120.55469544427031, 23.86496735085962], [120.57198962730138, 23.851252482466013], [120.56275827284561, 23.84327490961555], [120.57228175877151, 23.833002418547828], [120.59170850153446, 23.820189125168145], [120.60278028425198, 23.81991592061847], [120.59801854128904, 23.831062666245145], [120.61557564264322, 23.84059750502875], [120.62594630983246, 23.852072096115034], [120.62007446728306, 23.86537715768413], [120.62480699709899, 23.877070312410154]]]}, "properties": {"county": "彰化縣", "town": "田中鎮"}}, {"type": "Feature", "geometry": {"type": "Polygon", "coordinates": [[[120.62480699709899, 23.877070312410154], [120.62942267432688, 23.889091312595784], [120.63506081170019, 23.89859883092442], [120.63213949699899, 23.910674472019984], [120.63725179772608, 23.924553263143395], [120.6284878536225, 23.931356056430264], [120.60248815278186, 23.935590726950203], [120.59284781426791, 23.933213847368044], [120.58113334231612, 23.92326920175993], [120.57534913920776, 23.933295808732947], [120.57120087233206, 23.927094065455357], [120.57707271488147, 23.914581297080314], [120.56620542419302, 23.91195853340345], [120.56451106166632, 23.90332526963377], [120.56810427874879, 23.888736146681207], [120.57610868103006, 23.877152273775053], [120.59276017482688, 23.882698326133426], [120.62480699709899, 23.877070312410154]]]}, "properties": {"county": "彰化縣", "town": "社頭鄉"}}, {"type": "Feature", "geometry": {"type": "Polygon", "coordinates": [[[120.5079544090512, 22.620739190736863], [120.50687352261174, 22.61604007248248], [120.5231452454974, 22.595522410802005], [120.50617240708345, 22.574048533197672], [120.49457478771971, 22.569212812668454], [120.50401063420458, 22.558175348861646], [120.50418591308664, 22.5427392918051], [120.50862631143247, 22.546700757775362], [120.52963056413405, 22.565715794432634], [120.5397675261472, 22.564377092139235], [120.55414039447709, 22.5736933672831], [120.55682800400218, 22.580933287849444], [120.55259209768545, 22.606450592788942], [120.53652486682887, 22.602215922269004], [120.53646644053485, 22.640000111488842], [120.5258328550225, 22.62797911130321], [120.5079544090512, 22.620739190736863]]]}, "properties": {"county": "屏東縣", "town": "竹田鄉"}}, {"type": "Feature", "geometry": {"type": "Polygon", "coordinates": [[[120.5079544090512, 22.620739190736863], [120.5062892596715, 22.6248918998919], [120.48069854288904, 22.62068454982693], [120.45805835395477, 22.63013742724563], [120.43527209928546, 22.628826045407198], [120.43369458934681, 22.617624658870586], [120.44578883220976, 22.598828185853055], [120.44701578438426, 22.586178815203173], [120.44073495777668, 22.5576289397623], [120.47663791545438, 22.5603063443491], [120.48119516638825, 22.55588043064439], [120.47818621224602, 22.53110077798901], [120.48443782570656, 22.5266748642843], [120.49179953875358, 22.529379589326066], [120.50418591308664, 22.5427392918051], [120.50401063420458, 22.558175348861646], [120.49457478771971, 22.569212812668454], [120.50617240708345, 22.574048533197672], [120.5231452454974, 22.595522410802005], [120.50687352261174, 22.61604007248248], [120.5079544090512, 22.620739190736863]]]}, "properties": {"county": "屏東縣", "town": "萬丹鄉"}}, {"type": "Feature", "geometry": {"type": "Polygon", "coordinates": [[[120.97454679312607, 24.583276752861014], [120.98386578702288, 24.60614397366868], [120.98006807791133, 24.61723607838542], [120.96873337687069, 24.623191937568304], [120.96087504032448, 24.61685359201588], [120.95202345677986, 24.639338326454002], [120.95474027945197, 24.646496285655445], [120.97220974136512, 24.639420287818904], [120.98751743039938, 24.638354790075176], [121.00817112533683, 24.644392610622962], [121.01021604562766, 24.656249688078788], [120.99712855576631, 24.654665101690682], [120.97702991062208, 24.673652817892986], [120.95056279942926, 24.678925665701684], [120.93978314818185, 24.657506429007285], [120.92900349693444, 24.662669994996115], [120.9105992143169, 24.653681565311857], [120.91273177404878, 24.64174252649113], [120.89657690375117, 24.625432214875623], [120.90966439361253, 24.62824622173726], [120.91445534972249, 24.608384250976002], [120.94875158431452, 24.605406321384564], [120.94907292893164, 24.60122629177456], [120.97454679312607, 24.583276752861014]]]}, "properties": {"county": "苗栗縣", "town": "三灣鄉"}}, {"type": "Feature", "geometry": {"type": "Polygon", "coordinates": [[[121.00817112533683, 24.644392610622962], [121.04313926231013, 24.62723536490347], [121.04904031800655, 24.64078631056727], [121.0389033559934, 24.64895512660251], [121.04646956106949, 24.66712322915579], [121.03668315682049, 24.67351621561815], [121.04068535796112, 24.704306368366346], [121.03703371458464, 24.710672034373736], [121.01798674273284, 24.71086327755851], [121.01150142409618, 24.706054877484256], [120.99274658371452, 24.717174302655962], [120.98570621528464, 24.710808636648572], [120.97378725130376, 24.7118741343923], [120.97405016962686, 24.699388686472226], [120.96519858608224, 24.68799605675084], [120.97641643453484, 24.683133015766654], [120.97702991062208, 24.673652817892986], [120.99712855576631, 24.654665101690682], [121.01021604562766, 24.656249688078788], [121.00817112533683, 24.644392610622962]]]}, "properties": {"county": "新竹縣", "town": "峨眉鄉"}}, {"type": "Feature", "geometry": {"type": "Polygon", "coordinates": [[[120.97454679312607, 24.583276752861014], [120.97007718163324, 24.569042795823027], [120.95634700253763, 24.551366461459157], [120.95181896475077, 24.531040042963454], [120.95453578742288, 24.516915367745337], [120.9656075701404, 24.506533594857746], [120.97922089664799, 24.501834476603364], [120.99844314738185, 24.50164323341859], [121.01211490018343, 24.510795585832653], [121.02049907337587, 24.50699804259219], [121.02677989998344, 24.492654803734336], [121.05111445144439, 24.497408562898652], [121.07188499896989, 24.498392099277478], [121.0670356165659, 24.522980508748088], [121.07743549690215, 24.528198715646848], [121.0802399590153, 24.541421815851045], [121.06218623416193, 24.55614754107844], [121.07057040735435, 24.563360141189822], [121.07544900290534, 24.58103647555369], [121.08301520798145, 24.589779021143244], [121.08126241916072, 24.60057060085534], [121.07153444120574, 24.61395762378934], [121.06151433178064, 24.62177127391], [121.05321779802925, 24.61540560790261], [121.04313926231013, 24.62723536490347], [121.00817112533683, 24.644392610622962], [120.98751743039938, 24.638354790075176], [120.97220974136512, 24.639420287818904], [120.95474027945197, 24.646496285655445], [120.95202345677986, 24.639338326454002], [120.96087504032448, 24.61685359201588], [120.96873337687069, 24.623191937568304], [120.98006807791133, 24.61723607838542], [120.98386578702288, 24.60614397366868], [120.97454679312607, 24.583276752861014]]]}, "properties": {"county": "苗栗縣", "town": "南庄鄉"}}, {"type": "Feature", "geometry": {"type": "Polygon", "coordinates": [[[120.38879398238944, 23.516057820471676], [120.38008846457988, 23.514555195448473], [120.37000992886075, 23.5023156316231], [120.36399202057629, 23.51403610680409], [120.35148879365518, 23.50521159984964], [120.33431146321215, 23.50832613171592], [120.32592729001972, 23.50581264985892], [120.32078577614561, 23.49340916330375], [120.30799041775438, 23.475650867574977], [120.29005354548904, 23.478109708522037], [120.29466922271693, 23.466881001530457], [120.29122207136952, 23.445653008020834], [120.29274115501414, 23.434560903304092], [120.31140835595478, 23.438194523814747], [120.34254957066952, 23.428932889580818], [120.35601683144203, 23.434533582849124], [120.35175171197828, 23.443986460267823], [120.35554942108983, 23.458794146860125], [120.37903679128745, 23.464640724223138], [120.39416920143964, 23.46253704919065], [120.39925228901971, 23.47106103114046], [120.38934903218266, 23.498572729292576], [120.40880498809263, 23.50655030214304], [120.39302988870617, 23.506604943052974], [120.38879398238944, 23.516057820471676]]]}, "properties": {"county": "嘉義縣", "town": "太保市"}}, {"type": "Feature", "geometry": {"type": "Polygon", "coordinates": [[[120.49515905065995, 23.45286560813221], [120.47698847321853, 23.461935999181367], [120.46866272632012, 23.461608153721762], [120.44964496761533, 23.44341273071351], [120.4395372187492, 23.439560546563115], [120.4466360134731, 23.42983446459474], [120.4571235332504, 23.427129739552974], [120.4725480748727, 23.44196474660024], [120.48586926991015, 23.438932176098866], [120.49320176981016, 23.432566510091476], [120.47917945924442, 23.421474405374735], [120.49837249683127, 23.399235555031314], [120.49512983751295, 23.393197734483532], [120.49790508647908, 23.385466045727775], [120.48335693926713, 23.375794604669334], [120.50345558441134, 23.368882529562597], [120.51236559424999, 23.35568674981337], [120.50360165014641, 23.351014952013955], [120.53372040471572, 23.336480469971328], [120.54715845234122, 23.339813565477343], [120.5747356631205, 23.363227195384358], [120.58715125060058, 23.36186117263599], [120.597930901848, 23.37082228186528], [120.59798932814202, 23.38098549111313], [120.60485441768984, 23.39579317770543], [120.60117356116632, 23.42467089860591], [120.59249725650378, 23.439041457918734], [120.5664099162221, 23.45040676718515], [120.54254277511333, 23.453330055866655], [120.51867563400458, 23.449532512626195], [120.49515905065995, 23.45286560813221]]]}, "properties": {"county": "嘉義縣", "town": "中埔鄉"}}, {"type": "Feature", "geometry": {"type": "Polygon", "coordinates": [[[120.58715125060058, 23.36186117263599], [120.58969279439063, 23.353883599785526], [120.60830156903724, 23.343856992812512], [120.63219792329302, 23.34117958822571], [120.63503159855317, 23.35322790886631], [120.64630787329979, 23.36707937953475], [120.64213039327709, 23.387924886674835], [120.65369879949381, 23.39950875958099], [120.66351441688983, 23.421392444009832], [120.67438170757828, 23.436254771512065], [120.67414800240218, 23.44988767854077], [120.65410778355198, 23.452838287677242], [120.64224724586512, 23.47313738571798], [120.63771920807828, 23.487480624575834], [120.62942267432688, 23.4981356020131], [120.60394881013247, 23.46811042200399], [120.58332432834202, 23.461362269627056], [120.5475966495464, 23.47108835159543], [120.54569779499063, 23.482918108596287], [120.53287322345238, 23.479748935820076], [120.50810047478625, 23.48269954495655], [120.50129381153246, 23.489830183703027], [120.50923978751972, 23.47485857438092], [120.49515905065995, 23.45286560813221], [120.51867563400458, 23.449532512626195], [120.54254277511333, 23.453330055866655], [120.5664099162221, 23.45040676718515], [120.59249725650378, 23.439041457918734], [120.60117356116632, 23.42467089860591], [120.60485441768984, 23.39579317770543], [120.59798932814202, 23.38098549111313], [120.597930901848, 23.37082228186528], [120.58715125060058, 23.36186117263599]]]}, "properties": {"county": "嘉義縣", "town": "番路鄉"}}, {"type": "Feature", "geometry": {"type": "Polygon", "coordinates": [[[120.35601683144203, 23.434533582849124], [120.35303709044682, 23.411994207501063], [120.35587076570697, 23.401721716433343], [120.38686591468665, 23.404781607389687], [120.40941846417988, 23.412431334780543], [120.4234115615986, 23.406448155142694], [120.43836869286872, 23.4133875507044], [120.47403794537031, 23.39735044363857], [120.4794131644205, 23.387597041215226], [120.49512983751295, 23.393197734483532], [120.49837249683127, 23.399235555031314], [120.47917945924442, 23.421474405374735], [120.49320176981016, 23.432566510091476], [120.48586926991015, 23.438932176098866], [120.4725480748727, 23.44196474660024], [120.4571235332504, 23.427129739552974], [120.4466360134731, 23.42983446459474], [120.4395372187492, 23.439560546563115], [120.43015979855836, 23.452537762672602], [120.42928340414801, 23.461034424167448], [120.41125889244162, 23.464777326497973], [120.39416920143964, 23.46253704919065], [120.37903679128745, 23.464640724223138], [120.35554942108983, 23.458794146860125], [120.35175171197828, 23.443986460267823], [120.35601683144203, 23.434533582849124]]]}, "properties": {"county": "嘉義縣", "town": "水上鄉"}}, {"type": "Feature", "geometry": {"type": "Polygon", "coordinates": [[[120.6284878536225, 23.931356056430264], [120.63529451687629, 23.938759899726413], [120.62965637950298, 23.956135709085643], [120.6196946963719, 23.978702404888672], [120.60879819253644, 23.990149675519987], [120.57590418900098, 23.975669834387297], [120.56150210752409, 23.979904504907232], [120.54718766548824, 23.975505911657493], [120.54724609178226, 23.96307510464735], [120.56328410949182, 23.95722852728434], [120.56147289437708, 23.93796760653236], [120.57534913920776, 23.933295808732947], [120.58113334231612, 23.92326920175993], [120.59284781426791, 23.933213847368044], [120.60248815278186, 23.935590726950203], [120.6284878536225, 23.931356056430264]]]}, "properties": {"county": "彰化縣", "town": "員林市"}}, {"type": "Feature", "geometry": {"type": "Polygon", "coordinates": [[[120.31710491962211, 22.55907692387557], [120.3036084457026, 22.545635260031638], [120.32183744943805, 22.52779500293796], [120.35096295700896, 22.509544939019776], [120.35893814614323, 22.500720432065325], [120.36028195090577, 22.507741788991932], [120.37371999853127, 22.52645630064456], [120.39250405205996, 22.537411803086467], [120.39884330496155, 22.54910495781249], [120.39516244843804, 22.563448196670343], [120.3855221099241, 22.57738162870369], [120.37021442088984, 22.58787268341115], [120.36343697078307, 22.58519527882435], [120.33927769820419, 22.584539587905134], [120.33366877397789, 22.573529444553294], [120.31710491962211, 22.55907692387557]]]}, "properties": {"county": "高雄市", "town": "小港區"}}, {"type": "Feature", "geometry": {"type": "Polygon", "coordinates": [[[121.84515700037623, 24.644665815172633], [121.8355458750093, 24.642780703779888], [121.82272130347106, 24.653900128951598], [121.81398657251448, 24.651550569824405], [121.82450330543878, 24.640157940103023], [121.82298422179416, 24.62679823762399], [121.8123506362818, 24.622645528468958], [121.80837764828819, 24.608575494160775], [121.79584520822006, 24.60130825313946], [121.80659564632046, 24.593030155284357], [121.81503824580692, 24.578741557336436], [121.81471690118978, 24.55893422748511], [121.82295500864716, 24.551475743279028], [121.83461105430492, 24.55114789781942], [121.84895470948778, 24.537023222601302], [121.82908976951965, 24.51462044952808], [121.82935268784277, 24.507489810781603], [121.820121333387, 24.48016935581426], [121.80370354476628, 24.465607553316666], [121.78094650324397, 24.457711941831104], [121.78784080593879, 24.44121038703083], [121.80046088544795, 24.431375023242584], [121.83265377345512, 24.467438023799478], [121.85070749830851, 24.484923114978578], [121.85050300627942, 24.49467651740192], [121.84021997853121, 24.49806425381787], [121.8418851279109, 24.520248463251352], [121.86969604386627, 24.52808943382698], [121.8736982450069, 24.534619022564176], [121.86981289645432, 24.576091473204603], [121.88500373290053, 24.599614384931485], [121.88085546602484, 24.6055429236594], [121.86613203993082, 24.609941516909142], [121.8587703268838, 24.616716989741043], [121.84515700037623, 24.644665815172633]]]}, "properties": {"county": "宜蘭縣", "town": "蘇澳鎮"}}, {"type": "Feature", "geometry": {"type": "Polygon", "coordinates": [[[121.84515700037623, 24.644665815172633], [121.83817505824038, 24.672915165608867], [121.83659754830173, 24.710699354828705], [121.83852561600452, 24.717884634485117], [121.81252591516389, 24.712010736667136], [121.77609712083998, 24.714715461708902], [121.76078943180572, 24.716627893556616], [121.74726374473919, 24.718458364039428], [121.7407199998085, 24.709524575265107], [121.75742991989935, 24.706792529768375], [121.77016685199655, 24.690209013603194], [121.78524083585472, 24.678789063426848], [121.79917550697942, 24.67627558156985], [121.80241816629776, 24.67031972238697], [121.81129896298938, 24.672341436054552], [121.81398657251448, 24.651550569824405], [121.82272130347106, 24.653900128951598], [121.8355458750093, 24.642780703779888], [121.84515700037623, 24.644665815172633]]]}, "properties": {"county": "宜蘭縣", "town": "五結鄉"}}, {"type": "Feature", "geometry": {"type": "Polygon", "coordinates": [[[121.77609712083998, 24.714715461708902], [121.7734387244619, 24.71925065723348], [121.7768566626623, 24.738238373435784], [121.788366642585, 24.758810676026197], [121.77197806711129, 24.771542008040978], [121.76222087600931, 24.779710824076215], [121.73806160343042, 24.782142344568307], [121.73367963137864, 24.768509437539603], [121.72801228085831, 24.75146147363998], [121.74212223086508, 24.74457671898821], [121.73367963137864, 24.734795996109902], [121.73785711140134, 24.726517898254794], [121.75646588604795, 24.723649250483223], [121.76078943180572, 24.716627893556616], [121.77609712083998, 24.714715461708902]]]}, "properties": {"county": "宜蘭縣", "town": "宜蘭市"}}, {"type": "Feature", "geometry": {"type": "Polygon", "coordinates": [[[121.83852561600452, 24.717884634485117], [121.83361780730651, 24.719032093593743], [121.82096851465033, 24.747691250854487], [121.81798877365512, 24.778153558143075], [121.82029661226906, 24.807249842683294], [121.81658654259854, 24.807714290417742], [121.80373275791328, 24.793534974289688], [121.79415084569337, 24.795720610687077], [121.78848349517305, 24.78438262187563], [121.781034142685, 24.784628505970336], [121.77197806711129, 24.771542008040978], [121.788366642585, 24.758810676026197], [121.7768566626623, 24.738238373435784], [121.7734387244619, 24.71925065723348], [121.77609712083998, 24.714715461708902], [121.81252591516389, 24.712010736667136], [121.83852561600452, 24.717884634485117]]]}, "properties": {"county": "宜蘭縣", "town": "壯圍鄉"}}, {"type": "Feature", "geometry": {"type": "Polygon", "coordinates": [[[119.91703087129345, 26.175185022898184], [119.9176735605277, 26.157891174903853], [119.90890961642413, 26.145351086073845], [119.92456786322252, 26.137810640502856], [119.93210485515161, 26.144558792879792], [119.94197889884165, 26.143247411041358], [119.95497874926197, 26.150623933882542], [119.96298315154324, 26.163874354541704], [119.94901926727152, 26.16748065459739], [119.9418620462536, 26.158902031737647], [119.92459707636954, 26.161251590864836], [119.92506448672172, 26.17152408193256], [119.91703087129345, 26.175185022898184]]]}, "properties": {"county": "連江縣", "town": "南竿鄉"}}, {"type": "Feature", "geometry": {"type": "Polygon", "coordinates": [[[119.94460808207272, 25.982084047188998], [119.92687570183647, 25.981646919909522], [119.93318574159105, 25.97014500836827], [119.94460808207272, 25.982084047188998]]]}, "properties": {"county": "連江縣", "town": "莒光鄉"}}, {"type": "Feature", "geometry": {"type": "Polygon", "coordinates": [[[118.36584197810586, 24.473749048896934], [118.35044664963056, 24.471645373864447], [118.33134125148474, 24.4790492171606], [118.31284932942617, 24.495523451505907], [118.29453268624968, 24.491343421895902], [118.28620693935127, 24.474841867095627], [118.29535065436602, 24.462356419175553], [118.30300449888315, 24.44159287340037], [118.33040643078036, 24.432467841441277], [118.32529413005327, 24.421812864004014], [118.34457480708116, 24.41126716838662], [118.36055439849669, 24.426511982258397], [118.3605836116437, 24.44839566668724], [118.36779925895566, 24.457903185015876], [118.36584197810586, 24.473749048896934]]]}, "properties": {"county": "金門縣", "town": "金寧鄉"}}, {"type": "Feature", "geometry": null, "properties": {"county": "金門縣", "town": "烏坵鄉"}}, {"type": "Feature", "geometry": {"type": "Polygon", "coordinates": [[[121.75742991989935, 24.706792529768375], [121.75111988014476, 24.69386995456882], [121.74860754950174, 24.68018240663018], [121.75477152352126, 24.666850024606116], [121.76853091576389, 24.670292401932002], [121.78059594547982, 24.665429360947815], [121.79981819621368, 24.664008697289514], [121.80241816629776, 24.67031972238697], [121.79917550697942, 24.67627558156985], [121.78524083585472, 24.678789063426848], [121.77016685199655, 24.690209013603194], [121.75742991989935, 24.706792529768375]]]}, "properties": {"county": "宜蘭縣", "town": "羅東鎮"}}, {"type": "Feature", "geometry": {"type": "Polygon", "coordinates": [[[121.76078943180572, 24.716627893556616], [121.75646588604795, 24.723649250483223], [121.73785711140134, 24.726517898254794], [121.73367963137864, 24.734795996109902], [121.74212223086508, 24.74457671898821], [121.72801228085831, 24.75146147363998], [121.73367963137864, 24.768509437539603], [121.71352255994039, 24.780339194540463], [121.68539029936787, 24.785065633249815], [121.67382189315114, 24.783590328681576], [121.64846488154477, 24.795256162952633], [121.62354606714358, 24.794381908393678], [121.60961139601888, 24.793780858384395], [121.59196665522366, 24.787524474196875], [121.59757557944995, 24.77255286487477], [121.59047678472605, 24.76072310787391], [121.59535538027704, 24.739112627994743], [121.58702963337863, 24.72009759133747], [121.59485875677784, 24.70908744798563], [121.61104284022245, 24.701628963779545], [121.62667187387385, 24.687149122646854], [121.62281573846828, 24.68163039074345], [121.63707175421011, 24.68307837485672], [121.65161990142205, 24.69810462508876], [121.66289617616867, 24.703923881996804], [121.67858363611408, 24.700618106945754], [121.71273380497107, 24.70012633875634], [121.7407199998085, 24.709524575265107], [121.74726374473919, 24.718458364039428], [121.76078943180572, 24.716627893556616]]]}, "properties": {"county": "宜蘭縣", "town": "員山鄉"}}, {"type": "Feature", "geometry": {"type": "Polygon", "coordinates": [[[121.81398657251448, 24.651550569824405], [121.81129896298938, 24.672341436054552], [121.80241816629776, 24.67031972238697], [121.79981819621368, 24.664008697289514], [121.78059594547982, 24.665429360947815], [121.76853091576389, 24.670292401932002], [121.75477152352126, 24.666850024606116], [121.74860754950174, 24.68018240663018], [121.75111988014476, 24.69386995456882], [121.73321222102643, 24.690755422702544], [121.72453591636389, 24.68471760215476], [121.72263706180811, 24.67001919738233], [121.73251110549815, 24.66960939055782], [121.72368873510054, 24.652069658468786], [121.7059855680113, 24.649911342526366], [121.7013114644894, 24.641360040121587], [121.67986901458261, 24.637589817336092], [121.68337459222406, 24.63207108543269], [121.7123248209129, 24.61808301248941], [121.72444827692286, 24.618219614764246], [121.73438074690691, 24.621416107995426], [121.74784800767942, 24.61313801014032], [121.75702093584118, 24.61912118977817], [121.76584330623879, 24.616088619276795], [121.79309917240094, 24.599286539471876], [121.79584520822006, 24.60130825313946], [121.80837764828819, 24.608575494160775], [121.8123506362818, 24.622645528468958], [121.82298422179416, 24.62679823762399], [121.82450330543878, 24.640157940103023], [121.81398657251448, 24.651550569824405]]]}, "properties": {"county": "宜蘭縣", "town": "冬山鄉"}}, {"type": "Feature", "geometry": {"type": "Polygon", "coordinates": [[[121.7407199998085, 24.709524575265107], [121.71273380497107, 24.70012633875634], [121.67858363611408, 24.700618106945754], [121.66289617616867, 24.703923881996804], [121.65161990142205, 24.69810462508876], [121.63707175421011, 24.68307837485672], [121.62281573846828, 24.68163039074345], [121.58808130667106, 24.661030767698072], [121.57584099807306, 24.648736562962767], [121.57823647612804, 24.637125369601648], [121.58895770108143, 24.63958421054871], [121.59605649580533, 24.631934483157853], [121.60762490202205, 24.636551640047333], [121.62421796952485, 24.62507704896105], [121.62857072842962, 24.638737276444722], [121.6470626504882, 24.636278435497662], [121.67986901458261, 24.637589817336092], [121.7013114644894, 24.641360040121587], [121.7059855680113, 24.649911342526366], [121.72368873510054, 24.652069658468786], [121.73251110549815, 24.66960939055782], [121.72263706180811, 24.67001919738233], [121.72453591636389, 24.68471760215476], [121.73321222102643, 24.690755422702544], [121.75111988014476, 24.69386995456882], [121.75742991989935, 24.706792529768375], [121.7407199998085, 24.709524575265107]]]}, "properties": {"county": "宜蘭縣", "town": "三星鄉"}}, {"type": "Feature", "geometry": {"type": "Polygon", "coordinates": [[[121.58702963337863, 24.72009759133747], [121.57727244227664, 24.714879384438706], [121.54338519174279, 24.705727032024647], [121.53622797072485, 24.688269261300515], [121.52378317009776, 24.683296938496458], [121.51218555073402, 24.684471718060053], [121.49270038167704, 24.67318837015854], [121.47999266272684, 24.673871381532724], [121.45948503352446, 24.673161049703573], [121.44791662730772, 24.65510222897016], [121.45136377865514, 24.651058801634992], [121.43482913744637, 24.624475998951766], [121.4278179821635, 24.606089332758746], [121.41326983495155, 24.60346656908188], [121.40301602035035, 24.591691452990958], [121.4121597353651, 24.57311354361316], [121.40392162790772, 24.568988154913093], [121.39469027345194, 24.555573811524127], [121.40164300244079, 24.529236892935607], [121.3918565981918, 24.52410064740175], [121.38370613017545, 24.510358458553174], [121.37336467613322, 24.50989401081873], [121.37064785346111, 24.4978730106331], [121.35773564248183, 24.486589662731586], [121.3456706127659, 24.484349385424263], [121.33600106110494, 24.467356062434575], [121.32378996565394, 24.456728405452278], [121.31765520478143, 24.44151091203547], [121.32805508511768, 24.433915825554546], [121.32799665882366, 24.398289952277132], [121.34239874030055, 24.392661938553857], [121.36489286349976, 24.389082958953136], [121.3735691681623, 24.368155490448153], [121.38113537323841, 24.366871429064688], [121.3958003730384, 24.378018174691363], [121.41963830100015, 24.379220274709926], [121.43693248403123, 24.382935856585483], [121.44721551177943, 24.408835647894527], [121.4581412287619, 24.414518302527732], [121.45875470484916, 24.428697618655786], [121.47739269264278, 24.443505305248085], [121.48399486386748, 24.45293086221182], [121.49635202505354, 24.458394953205286], [121.50756987350613, 24.457356775916526], [121.54545932518063, 24.463476557829214], [121.55825468357186, 24.459323848674178], [121.57405899610532, 24.459542412313915], [121.58536448399896, 24.467656587439215], [121.61600907521449, 24.461646087346402], [121.63105384592565, 24.49806425381787], [121.64826038951568, 24.50371958799611], [121.65629400494397, 24.510740944922716], [121.66181528972923, 24.525029542870637], [121.66844667410095, 24.557131077457267], [121.68439705236946, 24.564043152564004], [121.6901228291838, 24.573605311802574], [121.70516759989496, 24.58092719373382], [121.7152753487611, 24.572976941338325], [121.72663926294875, 24.572785698153552], [121.73639645405073, 24.56606486623159], [121.74796486026747, 24.565545777587207], [121.76078943180572, 24.576583241394015], [121.73408861543679, 24.592155900725402], [121.72380558768859, 24.6083022896111], [121.72444827692286, 24.618219614764246], [121.7123248209129, 24.61808301248941], [121.68337459222406, 24.63207108543269], [121.67986901458261, 24.637589817336092], [121.6470626504882, 24.636278435497662], [121.62857072842962, 24.638737276444722], [121.62421796952485, 24.62507704896105], [121.60762490202205, 24.636551640047333], [121.59605649580533, 24.631934483157853], [121.58895770108143, 24.63958421054871], [121.57823647612804, 24.637125369601648], [121.57584099807306, 24.648736562962767], [121.58808130667106, 24.661030767698072], [121.62281573846828, 24.68163039074345], [121.62667187387385, 24.687149122646854], [121.61104284022245, 24.701628963779545], [121.59485875677784, 24.70908744798563], [121.58702963337863, 24.72009759133747]]]}, "properties": {"county": "宜蘭縣", "town": "大同鄉"}}, {"type": "Feature", "geometry": {"type": "Polygon", "coordinates": [[[121.06145590548662, 24.786486296908116], [121.03314836603204, 24.800283126666624], [121.02117097575714, 24.8020589562395], [121.02061592596391, 24.794108703844003], [121.03276859512088, 24.76203448971234], [121.02631248963125, 24.757663216917567], [121.03455059708861, 24.748237659953833], [121.04614821645237, 24.752581612293643], [121.06282892339618, 24.74572417809684], [121.06954794720893, 24.73080720968467], [121.07281981967427, 24.71474278216387], [121.08450507847905, 24.709770459359813], [121.09405777755197, 24.687067161281952], [121.08500170197826, 24.676521465664557], [121.08587809638861, 24.66518347685311], [121.09671617393005, 24.641332719666618], [121.11056320561372, 24.649501535701855], [121.12417653212128, 24.64534882654682], [121.12709784682248, 24.65376352667676], [121.1173698688675, 24.668516572359124], [121.10501270768144, 24.666658781421347], [121.09957906233721, 24.67515544291619], [121.10521719971052, 24.695481861411892], [121.09823525757467, 24.701355759229873], [121.10682392279618, 24.732173232433034], [121.10410710012407, 24.744713321263045], [121.0855859649185, 24.75424816004665], [121.07468946108304, 24.77307195351915], [121.06145590548662, 24.786486296908116]]]}, "properties": {"county": "新竹縣", "town": "竹東鎮"}}, {"type": "Feature", "geometry": {"type": "Polygon", "coordinates": [[[121.15815142209618, 24.875305096006947], [121.15566830460017, 24.88071454609048], [121.1220439723894, 24.880250098356036], [121.12099229909698, 24.875305096006947], [121.08798144297347, 24.86500528448426], [121.05348071635237, 24.859076745756347], [121.04471677224878, 24.852410554744313], [121.01670136426432, 24.85421370477216], [121.01360477068104, 24.850716686536337], [121.02759786809978, 24.84093596365803], [121.02745180236471, 24.831647008969135], [121.042817917693, 24.82137451790141], [121.05865144337348, 24.814790288254283], [121.07273218023323, 24.809408158625715], [121.08529383344838, 24.791240056072432], [121.09671617393005, 24.79506491976786], [121.10889805623403, 24.792414835636027], [121.11339688087388, 24.80585649947996], [121.10498349453444, 24.832903749897632], [121.11865524733602, 24.831319163509527], [121.12613381297108, 24.83629148631358], [121.15040993813801, 24.83713842041757], [121.14994252778583, 24.844378340983916], [121.1613648682675, 24.859595834400725], [121.15815142209618, 24.875305096006947]]]}, "properties": {"county": "新竹縣", "town": "新埔鎮"}}, {"type": "Feature", "geometry": {"type": "Polygon", "coordinates": [[[121.10889805623403, 24.792414835636027], [121.11842154215992, 24.76730733752104], [121.14278530676789, 24.765504187493196], [121.15300990822207, 24.757909101012274], [121.1643153961157, 24.7548765305109], [121.20375314458184, 24.725370439146168], [121.2161103057679, 24.736845030232452], [121.2445054846635, 24.746898957660434], [121.25288965785595, 24.745478294002133], [121.26565580310016, 24.757991062377176], [121.28630949803761, 24.75946636694541], [121.29305773499738, 24.765394905673325], [121.27742870134598, 24.770940958031694], [121.25849858208224, 24.78509295370478], [121.24783578342287, 24.796622185701], [121.24316167990096, 24.808752467706498], [121.24310325360693, 24.808725147251533], [121.22151473796511, 24.799518153927536], [121.21704512647227, 24.812413408672125], [121.20959577398423, 24.809490119990617], [121.20083182988064, 24.817822858755658], [121.1831286627914, 24.825035458867035], [121.17632199953762, 24.83200217488371], [121.14994252778583, 24.844378340983916], [121.15040993813801, 24.83713842041757], [121.12613381297108, 24.83629148631358], [121.11865524733602, 24.831319163509527], [121.10498349453444, 24.832903749897632], [121.11339688087388, 24.80585649947996], [121.10889805623403, 24.792414835636027]]]}, "properties": {"county": "新竹縣", "town": "關西鎮"}}, {"type": "Feature", "geometry": {"type": "Polygon", "coordinates": [[[121.1220439723894, 24.880250098356036], [121.10872277735196, 24.885960073444213], [121.10907333511611, 24.897735189535137], [121.09128252858582, 24.893363916740363], [121.08342419203962, 24.898855328188798], [121.0613974791926, 24.903800330537887], [121.05833009875634, 24.936830760593406], [121.0462358558934, 24.942431453861712], [121.02791921271691, 24.91716003301692], [121.01900920287827, 24.88863747803101], [120.99262973112647, 24.864759400389552], [121.01360477068104, 24.850716686536337], [121.01670136426432, 24.85421370477216], [121.04471677224878, 24.852410554744313], [121.05348071635237, 24.859076745756347], [121.08798144297347, 24.86500528448426], [121.12099229909698, 24.875305096006947], [121.1220439723894, 24.880250098356036]]]}, "properties": {"county": "新竹縣", "town": "湖口鄉"}}, {"type": "Feature", "geometry": {"type": "Polygon", "coordinates": [[[121.10682392279618, 24.732173232433034], [121.12417653212128, 24.72299355956401], [121.12958096431849, 24.730315441495257], [121.14298979879698, 24.732309834707873], [121.147926820642, 24.738538898440428], [121.15300990822207, 24.757909101012274], [121.14278530676789, 24.765504187493196], [121.11842154215992, 24.76730733752104], [121.10889805623403, 24.792414835636027], [121.09671617393005, 24.79506491976786], [121.08529383344838, 24.791240056072432], [121.07273218023323, 24.809408158625715], [121.05865144337348, 24.814790288254283], [121.06201095527985, 24.80257804488388], [121.06145590548662, 24.786486296908116], [121.07468946108304, 24.77307195351915], [121.0855859649185, 24.75424816004665], [121.10410710012407, 24.744713321263045], [121.10682392279618, 24.732173232433034]]]}, "properties": {"county": "新竹縣", "town": "芎林鄉"}}, {"type": "Feature", "geometry": {"type": "Polygon", "coordinates": [[[121.12709784682248, 24.65376352667676], [121.13895838450932, 24.66570256549749], [121.15187059548862, 24.671904308775076], [121.16411090408661, 24.685072768069336], [121.16726592396391, 24.693706031839017], [121.18894207904678, 24.698213906908627], [121.20375314458184, 24.725370439146168], [121.1643153961157, 24.7548765305109], [121.15300990822207, 24.757909101012274], [121.147926820642, 24.738538898440428], [121.14298979879698, 24.732309834707873], [121.12958096431849, 24.730315441495257], [121.12417653212128, 24.72299355956401], [121.10682392279618, 24.732173232433034], [121.09823525757467, 24.701355759229873], [121.10521719971052, 24.695481861411892], [121.09957906233721, 24.67515544291619], [121.10501270768144, 24.666658781421347], [121.1173698688675, 24.668516572359124], [121.12709784682248, 24.65376352667676]]]}, "properties": {"county": "新竹縣", "town": "橫山鄉"}}, {"type": "Feature", "geometry": {"type": "Polygon", "coordinates": [[[121.04313926231013, 24.62723536490347], [121.05321779802925, 24.61540560790261], [121.06151433178064, 24.62177127391], [121.07153444120574, 24.61395762378934], [121.07328723002647, 24.620323289796733], [121.09671617393005, 24.641332719666618], [121.08587809638861, 24.66518347685311], [121.08500170197826, 24.676521465664557], [121.09405777755197, 24.687067161281952], [121.08450507847905, 24.709770459359813], [121.07281981967427, 24.71474278216387], [121.06954794720893, 24.73080720968467], [121.05862223022646, 24.730151518765453], [121.04763808694997, 24.71660057310165], [121.03703371458464, 24.710672034373736], [121.04068535796112, 24.704306368366346], [121.03668315682049, 24.67351621561815], [121.04646956106949, 24.66712322915579], [121.0389033559934, 24.64895512660251], [121.04904031800655, 24.64078631056727], [121.04313926231013, 24.62723536490347]]]}, "properties": {"county": "新竹縣", "town": "北埔鄉"}}, {"type": "Feature", "geometry": {"type": "Polygon", "coordinates": [[[121.40301602035035, 24.591691452990958], [121.39133076154558, 24.586445925637225], [121.37278041319298, 24.593740487113507], [121.36331535356112, 24.603138723622273], [121.35884574206828, 24.61737268066026], [121.36556476588103, 24.630868985414125], [121.35238963657865, 24.643545676518976], [121.35364580190016, 24.665128835943175], [121.33985719651052, 24.670128479202198], [121.33898080210015, 24.67906226797652], [121.32939888988024, 24.691329152256856], [121.31818104142765, 24.69799534326889], [121.29948462734001, 24.695591143231763], [121.30760588220932, 24.719906348152698], [121.29811160943044, 24.733238730176762], [121.30769352165036, 24.754985812330766], [121.29305773499738, 24.765394905673325], [121.28630949803761, 24.75946636694541], [121.26565580310016, 24.757991062377176], [121.25288965785595, 24.745478294002133], [121.2445054846635, 24.746898957660434], [121.2161103057679, 24.736845030232452], [121.20375314458184, 24.725370439146168], [121.18894207904678, 24.698213906908627], [121.16726592396391, 24.693706031839017], [121.16411090408661, 24.685072768069336], [121.15187059548862, 24.671904308775076], [121.15622335439339, 24.667177870065725], [121.18219384208702, 24.660101872229184], [121.1897308340161, 24.644747776537535], [121.18567020658143, 24.634065478645304], [121.21240023609738, 24.61294676695555], [121.22043385152566, 24.599641705386453], [121.19811500720853, 24.581091116463625], [121.19758917056231, 24.566529313966033], [121.19306113277547, 24.556557347902952], [121.2002475669404, 24.547705520493533], [121.19598244747665, 24.539236179453656], [121.2031688816416, 24.512516774495595], [121.21397774603602, 24.514784372257886], [121.22212821405236, 24.507489810781603], [121.21865184955793, 24.498282817457607], [121.22861353268901, 24.49249088100453], [121.2422852854906, 24.478475487606286], [121.24438863207546, 24.470060787476342], [121.25808959802407, 24.463257994189476], [121.2615951756655, 24.444024393892462], [121.2589075661404, 24.438041214254618], [121.25978396055076, 24.429353309575], [121.2698917094169, 24.42738623681735], [121.30547332247745, 24.432577123261147], [121.31765520478143, 24.44151091203547], [121.32378996565394, 24.456728405452278], [121.33600106110494, 24.467356062434575], [121.3456706127659, 24.484349385424263], [121.35773564248183, 24.486589662731586], [121.37064785346111, 24.4978730106331], [121.37336467613322, 24.50989401081873], [121.38370613017545, 24.510358458553174], [121.3918565981918, 24.52410064740175], [121.40164300244079, 24.529236892935607], [121.39469027345194, 24.555573811524127], [121.40392162790772, 24.568988154913093], [121.4121597353651, 24.57311354361316], [121.40301602035035, 24.591691452990958]]]}, "properties": {"county": "新竹縣", "town": "尖石鄉"}}, {"type": "Feature", "geometry": {"type": "Polygon", "coordinates": [[[121.07188499896989, 24.498392099277478], [121.08555675177148, 24.501315387958982], [121.09773863407547, 24.49639770606486], [121.12367990862208, 24.5100852540035], [121.16934005740175, 24.502626769797416], [121.18669266672686, 24.50535881529415], [121.2031688816416, 24.512516774495595], [121.19598244747665, 24.539236179453656], [121.2002475669404, 24.547705520493533], [121.19306113277547, 24.556557347902952], [121.19758917056231, 24.566529313966033], [121.19811500720853, 24.581091116463625], [121.22043385152566, 24.599641705386453], [121.21240023609738, 24.61294676695555], [121.18567020658143, 24.634065478645304], [121.1897308340161, 24.644747776537535], [121.18219384208702, 24.660101872229184], [121.15622335439339, 24.667177870065725], [121.15187059548862, 24.671904308775076], [121.13895838450932, 24.66570256549749], [121.12709784682248, 24.65376352667676], [121.12417653212128, 24.64534882654682], [121.11056320561372, 24.649501535701855], [121.09671617393005, 24.641332719666618], [121.07328723002647, 24.620323289796733], [121.07153444120574, 24.61395762378934], [121.08126241916072, 24.60057060085534], [121.08301520798145, 24.589779021143244], [121.07544900290534, 24.58103647555369], [121.07057040735435, 24.563360141189822], [121.06218623416193, 24.55614754107844], [121.0802399590153, 24.541421815851045], [121.07743549690215, 24.528198715646848], [121.0670356165659, 24.522980508748088], [121.07188499896989, 24.498392099277478]]]}, "properties": {"county": "新竹縣", "town": "五峰鄉"}}, {"type": "Feature", "geometry": {"type": "Polygon", "coordinates": [[[120.54674946828305, 24.217865667672797], [120.5126285125731, 24.22603448370803], [120.48709622208466, 24.247672284042167], [120.47631657083724, 24.22431329504509], [120.46880879205517, 24.214477931256845], [120.45656848345716, 24.207183369780566], [120.50439040511573, 24.19114626271473], [120.5126285125731, 24.17696694658668], [120.5258328550225, 24.17666642158204], [120.54184165958505, 24.170683241944193], [120.57052896995079, 24.1763658965774], [120.58364567295915, 24.174234901089946], [120.59781404925995, 24.18942507405179], [120.58773551354082, 24.19264888773794], [120.56594250586991, 24.196145905973758], [120.56366388040298, 24.20289405835069], [120.54674946828305, 24.217865667672797]]]}, "properties": {"county": "臺中市", "town": "龍井區"}}, {"type": "Feature", "geometry": {"type": "Polygon", "coordinates": [[[120.68136364971413, 24.23209962471078], [120.6751704625476, 24.24308244760765], [120.65302689711254, 24.25133322500779], [120.64402924783286, 24.243164408972554], [120.63316195714441, 24.259283477403287], [120.62398902898266, 24.25051361135877], [120.61709472628783, 24.2355966429466], [120.60587687783524, 24.23920294300229], [120.59632417876234, 24.214177406252205], [120.6355866483464, 24.203877594729516], [120.65159545290895, 24.209833453912395], [120.66444923759421, 24.20158267651226], [120.6698244566444, 24.203686351544743], [120.67306711596274, 24.218466717682077], [120.68136364971413, 24.23209962471078]]]}, "properties": {"county": "臺中市", "town": "大雅區"}}, {"type": "Feature", "geometry": {"type": "Polygon", "coordinates": [[[120.58773551354082, 24.19264888773794], [120.59632417876234, 24.214177406252205], [120.60587687783524, 24.23920294300229], [120.61709472628783, 24.2355966429466], [120.62398902898266, 24.25051361135877], [120.63316195714441, 24.259283477403287], [120.62030817245915, 24.260048450142374], [120.60938245547668, 24.265976988870285], [120.58720967689462, 24.267015166159045], [120.57234018506553, 24.258955631943678], [120.5627290596986, 24.257890134199954], [120.55925269520418, 24.243902061256673], [120.54861910969183, 24.23046039741274], [120.54674946828305, 24.217865667672797], [120.56366388040298, 24.20289405835069], [120.56594250586991, 24.196145905973758], [120.58773551354082, 24.19264888773794]]]}, "properties": {"county": "臺中市", "town": "沙鹿區"}}, {"type": "Feature", "geometry": {"type": "Polygon", "coordinates": [[[120.54674946828305, 24.217865667672797], [120.54861910969183, 24.23046039741274], [120.55925269520418, 24.243902061256673], [120.5627290596986, 24.257890134199954], [120.53988437873525, 24.262725854729172], [120.53421702821493, 24.271550361683627], [120.50953191898984, 24.287997275573964], [120.4981972179492, 24.263927954747736], [120.48709622208466, 24.247672284042167], [120.5126285125731, 24.22603448370803], [120.54674946828305, 24.217865667672797]]]}, "properties": {"county": "臺中市", "town": "梧棲區"}}, {"type": "Feature", "geometry": {"type": "Polygon", "coordinates": [[[119.63468580542293, 23.551055323284842], [119.64663398255082, 23.56053552115851], [119.67605162159185, 23.559743227964457], [119.67815496817671, 23.55138316874445], [119.69355029665202, 23.555153391529945], [119.68060887252572, 23.572939007713686], [119.68052123308469, 23.58523321244899], [119.654404679656, 23.600286783135996], [119.64669240884484, 23.601024435420115], [119.64134640294166, 23.58883951250468], [119.62787914216915, 23.595696946701484], [119.62887238916755, 23.606734410508288], [119.61262987942891, 23.605996758224173], [119.61227932166477, 23.606024078679138], [119.60296032776796, 23.600614628595604], [119.60617377393928, 23.58526053290396], [119.61078945116716, 23.580370171464804], [119.60938722011059, 23.560590162068447], [119.63468580542293, 23.551055323284842]]]}, "properties": {"county": "澎湖縣", "town": "湖西鄉"}}, {"type": "Feature", "geometry": {"type": "Polygon", "coordinates": [[[120.84370110765954, 24.586473246092194], [120.82374852825038, 24.5974287485341], [120.80721388704161, 24.599013334922205], [120.79926791105436, 24.588221755210103], [120.78042543123165, 24.581938050567615], [120.77840972408784, 24.56934332082767], [120.78705681560336, 24.56385190937923], [120.79216911633046, 24.5463941386551], [120.7832298933448, 24.533936011189994], [120.78752422595556, 24.51942884960233], [120.7971645644695, 24.525603272424952], [120.8128228112679, 24.526887333808418], [120.82006767172687, 24.537815515795355], [120.83464503208583, 24.54885297960216], [120.84153933478066, 24.560546134328185], [120.84370110765954, 24.586473246092194]]]}, "properties": {"county": "苗栗縣", "town": "苗栗市"}}, {"type": "Feature", "geometry": {"type": "Polygon", "coordinates": [[[120.90820373626192, 24.364248665387823], [120.8844242345942, 24.362991924459322], [120.85769420507826, 24.35594324707775], [120.85220213344002, 24.361735183530826], [120.83052597835714, 24.34307531278813], [120.81022284118384, 24.343649042342445], [120.77598503288584, 24.339305090002636], [120.77227496321532, 24.3270382057223], [120.77770860855955, 24.320617898804976], [120.80551952451492, 24.315946101005558], [120.81755534108385, 24.307422119055747], [120.83356414564639, 24.290483436975993], [120.85722679472607, 24.28909009377266], [120.87490074866831, 24.294882030225736], [120.90586668450098, 24.292614432463445], [120.9098396724946, 24.293980455211813], [120.91433849713444, 24.30791388724516], [120.90297458294678, 24.327639255731583], [120.9096059673185, 24.352582831116766], [120.90820373626192, 24.364248665387823]]]}, "properties": {"county": "苗栗縣", "town": "卓蘭鎮"}}, {"type": "Feature", "geometry": {"type": "Polygon", "coordinates": [[[120.90820373626192, 24.364248665387823], [120.91354974216512, 24.36695339042959], [120.91801935365794, 24.402879788711644], [120.90723970241054, 24.416348773010547], [120.91170931390336, 24.428779580020688], [120.90995652508265, 24.443723868887822], [120.90411389568025, 24.447111605303775], [120.8866444337671, 24.44580022346534], [120.874170419993, 24.457302135006593], [120.86686713324002, 24.455717548618487], [120.85375043023166, 24.439188673363244], [120.84498648612806, 24.43541845057775], [120.83955284078384, 24.426238777708726], [120.83765398622806, 24.401868931877853], [120.82266764181094, 24.389110279408104], [120.81863622752329, 24.375969140568813], [120.79541177564879, 24.356516976632065], [120.77773782170655, 24.350233271989573], [120.77598503288584, 24.339305090002636], [120.81022284118384, 24.343649042342445], [120.83052597835714, 24.34307531278813], [120.85220213344002, 24.361735183530826], [120.85769420507826, 24.35594324707775], [120.8844242345942, 24.362991924459322], [120.90820373626192, 24.364248665387823]]]}, "properties": {"county": "苗栗縣", "town": "大湖鄉"}}, {"type": "Feature", "geometry": {"type": "Polygon", "coordinates": [[[120.8128228112679, 24.526887333808418], [120.8110992355942, 24.501288067504017], [120.81267674553285, 24.474486701181053], [120.84484042039301, 24.446729118934233], [120.84498648612806, 24.43541845057775], [120.85375043023166, 24.439188673363244], [120.86686713324002, 24.455717548618487], [120.874170419993, 24.457302135006593], [120.86593231253563, 24.46965098065183], [120.87303110725954, 24.49076969234159], [120.88722869670735, 24.51194304494128], [120.89163988190616, 24.510385779008143], [120.9069183577934, 24.53366280664032], [120.903471206446, 24.542022865860325], [120.88860171461691, 24.54390797725307], [120.8670716252691, 24.538498527169537], [120.84565838850934, 24.549208145516737], [120.84153933478066, 24.560546134328185], [120.83464503208583, 24.54885297960216], [120.82006767172687, 24.537815515795355], [120.8128228112679, 24.526887333808418]]]}, "properties": {"county": "苗栗縣", "town": "公館鄉"}}, {"type": "Feature", "geometry": {"type": "Polygon", "coordinates": [[[120.78752422595556, 24.51942884960233], [120.77765018226552, 24.502544808432514], [120.76327731393565, 24.487218033195834], [120.75124149736672, 24.46607200105111], [120.75600324032966, 24.449679728070706], [120.75129992366074, 24.428397093651142], [120.77361876797787, 24.438150496074485], [120.78708602875038, 24.434544196018795], [120.78600514231094, 24.41946330487682], [120.80163417596233, 24.409054211534265], [120.81609468373324, 24.388044781664377], [120.82266764181094, 24.389110279408104], [120.83765398622806, 24.401868931877853], [120.83955284078384, 24.426238777708726], [120.84498648612806, 24.43541845057775], [120.84484042039301, 24.446729118934233], [120.81267674553285, 24.474486701181053], [120.8110992355942, 24.501288067504017], [120.8128228112679, 24.526887333808418], [120.7971645644695, 24.525603272424952], [120.78752422595556, 24.51942884960233]]]}, "properties": {"county": "苗栗縣", "town": "銅鑼鄉"}}, {"type": "Feature", "geometry": {"type": "Polygon", "coordinates": [[[120.84153933478066, 24.560546134328185], [120.84565838850934, 24.549208145516737], [120.8670716252691, 24.538498527169537], [120.88860171461691, 24.54390797725307], [120.903471206446, 24.542022865860325], [120.91094977208105, 24.55778676837648], [120.91921709268543, 24.558005332016222], [120.93686183348065, 24.589560457503502], [120.92099909465317, 24.597073582619522], [120.87092776067468, 24.60316604407724], [120.85822004172448, 24.60029739630567], [120.83975733281292, 24.60327532589711], [120.83540457390815, 24.598794771282464], [120.84370110765954, 24.586473246092194], [120.84153933478066, 24.560546134328185]]]}, "properties": {"county": "苗栗縣", "town": "頭屋鄉"}}, {"type": "Feature", "geometry": {"type": "Polygon", "coordinates": [[[120.77598503288584, 24.339305090002636], [120.77773782170655, 24.350233271989573], [120.79541177564879, 24.356516976632065], [120.81863622752329, 24.375969140568813], [120.82266764181094, 24.389110279408104], [120.81609468373324, 24.388044781664377], [120.80163417596233, 24.409054211534265], [120.78600514231094, 24.41946330487682], [120.78708602875038, 24.434544196018795], [120.77361876797787, 24.438150496074485], [120.75129992366074, 24.428397093651142], [120.74840782210656, 24.404710259194456], [120.73272036216113, 24.379630081534437], [120.7243361889687, 24.35411277659494], [120.76450426611014, 24.32572682388387], [120.77770860855955, 24.320617898804976], [120.77227496321532, 24.3270382057223], [120.77598503288584, 24.339305090002636]]]}, "properties": {"county": "苗栗縣", "town": "三義鄉"}}, {"type": "Feature", "geometry": {"type": "Polygon", "coordinates": [[[120.77840972408784, 24.56934332082767], [120.76397842946393, 24.579752414170226], [120.75287743359938, 24.581227718738464], [120.73219452551493, 24.568141220809107], [120.7270237984938, 24.560027045683803], [120.7343562983938, 24.546257536380264], [120.73461921671692, 24.536804658961564], [120.75033588980935, 24.507380528961733], [120.75588638774161, 24.492600162824402], [120.76327731393565, 24.487218033195834], [120.77765018226552, 24.502544808432514], [120.78752422595556, 24.51942884960233], [120.7832298933448, 24.533936011189994], [120.79216911633046, 24.5463941386551], [120.78705681560336, 24.56385190937923], [120.77840972408784, 24.56934332082767]]]}, "properties": {"county": "苗栗縣", "town": "西湖鄉"}}, {"type": "Feature", "geometry": {"type": "Polygon", "coordinates": [[[120.89657690375117, 24.625432214875623], [120.87831868686871, 24.633764953640664], [120.87694566895914, 24.647862308403813], [120.86929182444202, 24.65294391302774], [120.8650851312723, 24.666221654141868], [120.84638871718464, 24.662314829081538], [120.84016631687109, 24.665729885952455], [120.8255013170711, 24.64368227879381], [120.81904521158145, 24.639638851458642], [120.82249236292887, 24.62362906484778], [120.82924059988862, 24.625322933055756], [120.8321034882958, 24.60707286913757], [120.83975733281292, 24.60327532589711], [120.85822004172448, 24.60029739630567], [120.87092776067468, 24.60316604407724], [120.92099909465317, 24.597073582619522], [120.93686183348065, 24.589560457503502], [120.94907292893164, 24.60122629177456], [120.94875158431452, 24.605406321384564], [120.91445534972249, 24.608384250976002], [120.90966439361253, 24.62824622173726], [120.89657690375117, 24.625432214875623]]]}, "properties": {"county": "苗栗縣", "town": "造橋鄉"}}, {"type": "Feature", "geometry": {"type": "Polygon", "coordinates": [[[120.94907292893164, 24.60122629177456], [120.93686183348065, 24.589560457503502], [120.91921709268543, 24.558005332016222], [120.91094977208105, 24.55778676837648], [120.903471206446, 24.542022865860325], [120.9069183577934, 24.53366280664032], [120.89163988190616, 24.510385779008143], [120.88722869670735, 24.51194304494128], [120.87303110725954, 24.49076969234159], [120.86593231253563, 24.46965098065183], [120.874170419993, 24.457302135006593], [120.8866444337671, 24.44580022346534], [120.90411389568025, 24.447111605303775], [120.9100733776707, 24.45148287809855], [120.92193391535754, 24.481016289918248], [120.92117437353524, 24.495468810595973], [120.93876068803642, 24.499020469741726], [120.94945269984281, 24.506478953947813], [120.9656075701404, 24.506533594857746], [120.95453578742288, 24.516915367745337], [120.95181896475077, 24.531040042963454], [120.95634700253763, 24.551366461459157], [120.97007718163324, 24.569042795823027], [120.97454679312607, 24.583276752861014], [120.94907292893164, 24.60122629177456]]]}, "properties": {"county": "苗栗縣", "town": "獅潭鄉"}}, {"type": "Feature", "geometry": {"type": "Polygon", "coordinates": [[[120.9656075701404, 24.506533594857746], [120.94945269984281, 24.506478953947813], [120.93876068803642, 24.499020469741726], [120.92117437353524, 24.495468810595973], [120.92193391535754, 24.481016289918248], [120.9100733776707, 24.45148287809855], [120.90411389568025, 24.447111605303775], [120.90995652508265, 24.443723868887822], [120.91170931390336, 24.428779580020688], [120.90723970241054, 24.416348773010547], [120.91801935365794, 24.402879788711644], [120.91354974216512, 24.36695339042959], [120.90820373626192, 24.364248665387823], [120.9096059673185, 24.352582831116766], [120.90297458294678, 24.327639255731583], [120.91433849713444, 24.30791388724516], [120.9098396724946, 24.293980455211813], [120.92245975200376, 24.30359725536032], [120.91699689351253, 24.335726110401914], [120.93563488130616, 24.342938710513295], [120.9567851997428, 24.339305090002636], [120.97235580710017, 24.33351315354956], [120.9819669324671, 24.335917353586687], [120.99102300804081, 24.329770251219035], [121.00472397398941, 24.33195588761642], [121.02000244987667, 24.30922526908359], [121.03528092576391, 24.297176948442992], [121.0521076984428, 24.299007418925804], [121.0552627183201, 24.31029076682732], [121.08155455063084, 24.324032955675893], [121.08660842506391, 24.3175853283036], [121.10863513791092, 24.330999671692563], [121.12157656203722, 24.330671826232958], [121.12528663170774, 24.341982494589438], [121.14097409165315, 24.35963150849834], [121.16799625263921, 24.360724326697035], [121.17468606330495, 24.373838145081358], [121.19025667066232, 24.381624474747053], [121.19720939965116, 24.396596084069156], [121.21064744727666, 24.3957218295102], [121.21342269624279, 24.382116242936466], [121.23135956850813, 24.383673508869602], [121.23466065412047, 24.397333736353275], [121.24357066395913, 24.40572111602825], [121.24389200857625, 24.42009167534107], [121.25762218767187, 24.425036677690162], [121.2589075661404, 24.438041214254618], [121.2615951756655, 24.444024393892462], [121.25808959802407, 24.463257994189476], [121.24438863207546, 24.470060787476342], [121.2422852854906, 24.478475487606286], [121.22861353268901, 24.49249088100453], [121.21865184955793, 24.498282817457607], [121.22212821405236, 24.507489810781603], [121.21397774603602, 24.514784372257886], [121.2031688816416, 24.512516774495595], [121.18669266672686, 24.50535881529415], [121.16934005740175, 24.502626769797416], [121.12367990862208, 24.5100852540035], [121.09773863407547, 24.49639770606486], [121.08555675177148, 24.501315387958982], [121.07188499896989, 24.498392099277478], [121.05111445144439, 24.497408562898652], [121.02677989998344, 24.492654803734336], [121.02049907337587, 24.50699804259219], [121.01211490018343, 24.510795585832653], [120.99844314738185, 24.50164323341859], [120.97922089664799, 24.501834476603364], [120.9656075701404, 24.506533594857746]]]}, "properties": {"county": "苗栗縣", "town": "泰安鄉"}}, {"type": "Feature", "geometry": {"type": "Polygon", "coordinates": [[[120.5818052446974, 24.109540063727277], [120.57260310338863, 24.10831064325375], [120.54958314354322, 24.113911336522055], [120.5419292990261, 24.095060222594586], [120.50923978751972, 24.077821015510192], [120.49980394103486, 24.07631839048699], [120.50663981743566, 24.06713871761796], [120.50488702861493, 24.056593022000566], [120.51741946868306, 24.052194428750823], [120.55016740648345, 24.054024899233635], [120.55814259561772, 24.04935310143422], [120.57076267512689, 24.056265176540958], [120.5847557725456, 24.05140213555677], [120.59281860112091, 24.037796548983035], [120.60742517462688, 24.04391633089572], [120.6258002440974, 24.046730337757356], [120.6253328337452, 24.068969188100773], [120.61516665858505, 24.084268642882485], [120.6123621964719, 24.10260066816557], [120.5818052446974, 24.109540063727277]]]}, "properties": {"county": "彰化縣", "town": "彰化市"}}, {"type": "Feature", "geometry": {"type": "Polygon", "coordinates": [[[120.54958314354322, 24.113911336522055], [120.53225974736513, 24.12691587308651], [120.52367108214362, 24.139483282371486], [120.52586206816952, 24.14852635296568], [120.519727307297, 24.161476248620197], [120.50929821381374, 24.155110582612807], [120.5018780744727, 24.132489245899848], [120.48201313450457, 24.140193614200637], [120.48659959858546, 24.123063688936114], [120.47739745727668, 24.102464065890736], [120.48619061452729, 24.097327820356874], [120.49276357260497, 24.077219965500912], [120.49980394103486, 24.07631839048699], [120.50923978751972, 24.077821015510192], [120.5419292990261, 24.095060222594586], [120.54958314354322, 24.113911336522055]]]}, "properties": {"county": "彰化縣", "town": "和美鎮"}}, {"type": "Feature", "geometry": {"type": "Polygon", "coordinates": [[[120.48201313450457, 24.140193614200637], [120.45548759701772, 24.14563038473914], [120.43965407133724, 24.15590287580686], [120.42472615321414, 24.17759531705093], [120.4160790616986, 24.169535782835563], [120.41499817525916, 24.157569423559867], [120.40711062556593, 24.13956524373639], [120.39998261769502, 24.135275932306516], [120.39843432090338, 24.123664738945394], [120.43629455943088, 24.124101866224873], [120.45271234805159, 24.126314823077227], [120.46726049526355, 24.107463709149762], [120.47739745727668, 24.102464065890736], [120.48659959858546, 24.123063688936114], [120.48201313450457, 24.140193614200637]]]}, "properties": {"county": "彰化縣", "town": "線西鄉"}}, {"type": "Feature", "geometry": {"type": "Polygon", "coordinates": [[[120.45656848345716, 24.207183369780566], [120.443948403948, 24.188960626317346], [120.42469694006712, 24.183305292139107], [120.42472615321414, 24.17759531705093], [120.43965407133724, 24.15590287580686], [120.45548759701772, 24.14563038473914], [120.48201313450457, 24.140193614200637], [120.5018780744727, 24.132489245899848], [120.50929821381374, 24.155110582612807], [120.519727307297, 24.161476248620197], [120.5126285125731, 24.17696694658668], [120.50439040511573, 24.19114626271473], [120.45656848345716, 24.207183369780566]]]}, "properties": {"county": "彰化縣", "town": "伸港鄉"}}, {"type": "Feature", "geometry": {"type": "Polygon", "coordinates": [[[120.49980394103486, 24.07631839048699], [120.49276357260497, 24.077219965500912], [120.48169178988745, 24.068368138091493], [120.47970529589062, 24.05399757877867], [120.48286031576792, 24.040173428565193], [120.49150740728346, 24.029163285213354], [120.48224683968067, 24.024710051053678], [120.49571410045318, 24.015475737274716], [120.49457478771971, 24.005886257581178], [120.50567578358425, 23.990805366439204], [120.52136324352968, 23.99626945743267], [120.52872495657668, 24.01091322129517], [120.53483050430218, 24.01285297359785], [120.52647554425677, 24.018644910050927], [120.51741946868306, 24.052194428750823], [120.50488702861493, 24.056593022000566], [120.50663981743566, 24.06713871761796], [120.49980394103486, 24.07631839048699]]]}, "properties": {"county": "彰化縣", "town": "秀水鄉"}}, {"type": "Feature", "geometry": {"type": "Polygon", "coordinates": [[[120.51741946868306, 24.052194428750823], [120.52647554425677, 24.018644910050927], [120.53483050430218, 24.01285297359785], [120.55212468733326, 24.00774404851896], [120.55440331280019, 24.002416559800324], [120.57879629055518, 24.00566769394144], [120.59360735609023, 24.011077144024974], [120.60508812286592, 24.009601839456735], [120.59541857120497, 24.024546128323873], [120.59281860112091, 24.037796548983035], [120.5847557725456, 24.05140213555677], [120.57076267512689, 24.056265176540958], [120.55814259561772, 24.04935310143422], [120.55016740648345, 24.054024899233635], [120.51741946868306, 24.052194428750823]]]}, "properties": {"county": "彰化縣", "town": "花壇鄉"}}, {"type": "Feature", "geometry": {"type": "Polygon", "coordinates": [[[120.62965637950298, 23.956135709085643], [120.63672596107986, 23.95269333175976], [120.64683370994601, 23.963402950106957], [120.65010558241134, 23.984904148166258], [120.63748550290218, 23.99372865512071], [120.64154613033683, 24.008153855343465], [120.67257049246354, 24.00585893712621], [120.678617613895, 24.014027753161447], [120.65571450663764, 24.030693230691526], [120.64484721594918, 24.025939471527206], [120.62866313250457, 24.029627732947798], [120.6258002440974, 24.046730337757356], [120.60742517462688, 24.04391633089572], [120.59281860112091, 24.037796548983035], [120.59541857120497, 24.024546128323873], [120.60508812286592, 24.009601839456735], [120.60879819253644, 23.990149675519987], [120.6196946963719, 23.978702404888672], [120.62965637950298, 23.956135709085643]]]}, "properties": {"county": "彰化縣", "town": "芬園鄉"}}, {"type": "Feature", "geometry": {"type": "Polygon", "coordinates": [[[120.51224874166195, 23.977554945780042], [120.50444883140976, 23.973402236625006], [120.4850220886468, 23.9732383138952], [120.47281099319581, 23.983674727692726], [120.46577062476592, 23.98034163218671], [120.4654784932958, 23.968375272911015], [120.44587647165079, 23.95884043412741], [120.45557523645876, 23.94004396110988], [120.4666762323233, 23.931438017795166], [120.47488512663367, 23.921985140376464], [120.49033888140298, 23.92059179717313], [120.4945455745727, 23.92512699269771], [120.50812968793326, 23.934989676940923], [120.51318356236632, 23.944988963458968], [120.51525769580418, 23.96542466377454], [120.51224874166195, 23.977554945780042]]]}, "properties": {"county": "彰化縣", "town": "溪湖鎮"}}, {"type": "Feature", "geometry": {"type": "Polygon", "coordinates": [[[120.18249073819104, 23.50985607719409], [120.16656957306952, 23.51723260003527], [120.14582823869104, 23.520811579635993], [120.12721946404443, 23.520183209171744], [120.11892293029304, 23.515046963637886], [120.11941955379224, 23.495485517881267], [120.13355871694603, 23.48816363595002], [120.15786405525996, 23.495048390601788], [120.15578992182212, 23.484092888159886], [120.14410466301734, 23.470132135671573], [120.14968437409662, 23.45428627179051], [120.14550689407392, 23.428577723666244], [120.15123267088825, 23.42614620317415], [120.1494214557735, 23.406147630138054], [120.15996740184482, 23.405382657398967], [120.17384364667551, 23.4106281847527], [120.18807044927033, 23.42325023494761], [120.19963885548705, 23.418496475783293], [120.20717584741614, 23.424233771326435], [120.20621181356475, 23.452947569497113], [120.22639809815, 23.463602546934375], [120.22631045870897, 23.469148599292748], [120.22511271968148, 23.47816434943197], [120.21547238116753, 23.485486231363218], [120.21503418396236, 23.500840327054867], [120.20185905465996, 23.51127674085239], [120.18249073819104, 23.50985607719409]]]}, "properties": {"county": "嘉義縣", "town": "東石鄉"}}, {"type": "Feature", "geometry": {"type": "Polygon", "coordinates": [[[120.60879819253644, 23.990149675519987], [120.60508812286592, 24.009601839456735], [120.59360735609023, 24.011077144024974], [120.57879629055518, 24.00566769394144], [120.55440331280019, 24.002416559800324], [120.55212468733326, 24.00774404851896], [120.53483050430218, 24.01285297359785], [120.52872495657668, 24.01091322129517], [120.52136324352968, 23.99626945743267], [120.50567578358425, 23.990805366439204], [120.50880159031453, 23.982581909494034], [120.51400153048266, 23.97818331624429], [120.54718766548824, 23.975505911657493], [120.56150210752409, 23.979904504907232], [120.57590418900098, 23.975669834387297], [120.60879819253644, 23.990149675519987]]]}, "properties": {"county": "彰化縣", "town": "大村鄉"}}, {"type": "Feature", "geometry": {"type": "Polygon", "coordinates": [[[120.49457478771971, 24.005886257581178], [120.49191639134163, 24.00943791672693], [120.46273245747669, 24.01255244859321], [120.4468697186492, 24.023808476039754], [120.4353889518735, 24.022797619205964], [120.42864071491374, 24.01460148271576], [120.42493064524322, 23.993674014210775], [120.41254427091016, 23.99640605970751], [120.42957553561813, 23.97099803658788], [120.43816420083964, 23.96864847746069], [120.44587647165079, 23.95884043412741], [120.4654784932958, 23.968375272911015], [120.46577062476592, 23.98034163218671], [120.47281099319581, 23.983674727692726], [120.4850220886468, 23.9732383138952], [120.50444883140976, 23.973402236625006], [120.51224874166195, 23.977554945780042], [120.50880159031453, 23.982581909494034], [120.50567578358425, 23.990805366439204], [120.49457478771971, 24.005886257581178]]]}, "properties": {"county": "彰化縣", "town": "埔鹽鄉"}}, {"type": "Feature", "geometry": {"type": "Polygon", "coordinates": [[[120.54718766548824, 23.975505911657493], [120.51400153048266, 23.97818331624429], [120.50880159031453, 23.982581909494034], [120.51224874166195, 23.977554945780042], [120.51525769580418, 23.96542466377454], [120.51318356236632, 23.944988963458968], [120.50812968793326, 23.934989676940923], [120.52816990678346, 23.937639761072752], [120.53716755606314, 23.92941630412758], [120.56147289437708, 23.93796760653236], [120.56328410949182, 23.95722852728434], [120.54724609178226, 23.96307510464735], [120.54718766548824, 23.975505911657493]]]}, "properties": {"county": "彰化縣", "town": "埔心鄉"}}, {"type": "Feature", "geometry": {"type": "Polygon", "coordinates": [[[120.57534913920776, 23.933295808732947], [120.56147289437708, 23.93796760653236], [120.53716755606314, 23.92941630412758], [120.52816990678346, 23.937639761072752], [120.50812968793326, 23.934989676940923], [120.4945455745727, 23.92512699269771], [120.51549140098027, 23.913351876606786], [120.52410927934879, 23.914390053895545], [120.53874506600178, 23.90742333787887], [120.53792709788544, 23.901822644610565], [120.56451106166632, 23.90332526963377], [120.56620542419302, 23.91195853340345], [120.57707271488147, 23.914581297080314], [120.57120087233206, 23.927094065455357], [120.57534913920776, 23.933295808732947]]]}, "properties": {"county": "彰化縣", "town": "永靖鄉"}}, {"type": "Feature", "geometry": {"type": "Polygon", "coordinates": [[[120.60278028425198, 23.81991592061847], [120.58189288413844, 23.80245814989434], [120.58361645981213, 23.79327847702531], [120.59372420867828, 23.791092840627922], [120.61502059284999, 23.791366045177597], [120.64037760445636, 23.78606587691393], [120.6666402236201, 23.79357900202995], [120.68381755406314, 23.801365331695642], [120.67879289277708, 23.816282300107815], [120.65068984535158, 23.81273064096206], [120.64002704669223, 23.820298406988012], [120.63605405869859, 23.83163639579946], [120.62632608074361, 23.840515543663848], [120.61557564264322, 23.84059750502875], [120.59801854128904, 23.831062666245145], [120.60278028425198, 23.81991592061847]]]}, "properties": {"county": "彰化縣", "town": "二水鄉"}}, {"type": "Feature", "geometry": {"type": "Polygon", "coordinates": [[[120.44587647165079, 23.95884043412741], [120.43816420083964, 23.96864847746069], [120.42957553561813, 23.97099803658788], [120.41254427091016, 23.99640605970751], [120.40880498809263, 23.99872829837973], [120.40188147225079, 23.983346882233118], [120.40275786666115, 23.97099803658788], [120.39671074522968, 23.950862861276946], [120.38178282710658, 23.947365843041126], [120.38143226934243, 23.92564608134209], [120.36624143289622, 23.92050983580823], [120.36054486922889, 23.90627587877024], [120.3537382059751, 23.90116695369135], [120.34357203081494, 23.877671362419434], [120.3415271105241, 23.869885032753743], [120.36551110422091, 23.853192234768695], [120.37112002844721, 23.86302759855694], [120.39974891251892, 23.8640657758457], [120.40372190051255, 23.874693432827993], [120.40129720931056, 23.88504788526062], [120.42081159151454, 23.885812857999703], [120.44210797568626, 23.874584151008126], [120.44757083417748, 23.876004814666427], [120.4468697186492, 23.89171407627265], [120.44108551554083, 23.894664685409122], [120.44748319473645, 23.915783397098878], [120.44581804535677, 23.930345199596474], [120.45975271648147, 23.92728530864013], [120.4666762323233, 23.931438017795166], [120.45557523645876, 23.94004396110988], [120.44587647165079, 23.95884043412741]]]}, "properties": {"county": "彰化縣", "town": "二林鎮"}}, {"type": "Feature", "geometry": {"type": "Polygon", "coordinates": [[[120.4666762323233, 23.931438017795166], [120.45975271648147, 23.92728530864013], [120.44581804535677, 23.930345199596474], [120.44748319473645, 23.915783397098878], [120.44108551554083, 23.894664685409122], [120.4468697186492, 23.89171407627265], [120.44757083417748, 23.876004814666427], [120.44210797568626, 23.874584151008126], [120.4473663421484, 23.85592428026543], [120.44470794577032, 23.850023061992484], [120.4588471089241, 23.835106093580315], [120.46769869246872, 23.829013632122596], [120.47541096327987, 23.847454939225553], [120.47526489754482, 23.857590828018438], [120.48616140138027, 23.85663461209458], [120.4862490408213, 23.86783599863119], [120.50731171981693, 23.871087132772303], [120.4996870884468, 23.882479762493688], [120.49997921991692, 23.894937889958797], [120.4823344791217, 23.90373507645828], [120.47392109278226, 23.913215274331947], [120.47488512663367, 23.921985140376464], [120.4666762323233, 23.931438017795166]]]}, "properties": {"county": "彰化縣", "town": "埤頭鄉"}}, {"type": "Feature", "geometry": {"type": "Polygon", "coordinates": [[[120.40880498809263, 23.99872829837973], [120.38975801624083, 24.007662087154053], [120.38753781706792, 24.016104107738965], [120.37409976944242, 24.037687267163165], [120.34184845514123, 24.04790511732095], [120.33413618433008, 24.013918471341576], [120.31643301724084, 23.999220066569144], [120.30872074642969, 23.987089784563643], [120.30772749943128, 23.97312903207533], [120.28400642405757, 23.955807863626035], [120.27953681256474, 23.934907715576017], [120.26913693222849, 23.93059108369118], [120.26063590644802, 23.91835151986581], [120.29691863503686, 23.89551161951311], [120.31897456103087, 23.89346258539056], [120.32385315658188, 23.878163130608847], [120.34357203081494, 23.877671362419434], [120.3537382059751, 23.90116695369135], [120.36054486922889, 23.90627587877024], [120.36624143289622, 23.92050983580823], [120.38143226934243, 23.92564608134209], [120.38178282710658, 23.947365843041126], [120.39671074522968, 23.950862861276946], [120.40275786666115, 23.97099803658788], [120.40188147225079, 23.983346882233118], [120.40880498809263, 23.99872829837973]]]}, "properties": {"county": "彰化縣", "town": "芳苑鄉"}}, {"type": "Feature", "geometry": {"type": "Polygon", "coordinates": [[[120.30203093576395, 23.821882993376118], [120.31637459094681, 23.820052522893306], [120.35055397295079, 23.82229280020063], [120.37518065588188, 23.828631145753054], [120.36551110422091, 23.853192234768695], [120.3415271105241, 23.869885032753743], [120.34357203081494, 23.877671362419434], [120.32385315658188, 23.878163130608847], [120.31897456103087, 23.89346258539056], [120.29691863503686, 23.89551161951311], [120.26063590644802, 23.91835151986581], [120.25774380489383, 23.899336483208536], [120.24713943252848, 23.888435621676567], [120.23530810798864, 23.885266448900357], [120.22035097671854, 23.86622409178812], [120.23595079722291, 23.848165271054704], [120.2549977690747, 23.834259159476325], [120.30203093576395, 23.821882993376118]]]}, "properties": {"county": "彰化縣", "town": "大城鄉"}}, {"type": "Feature", "geometry": {"type": "Polygon", "coordinates": [[[120.36551110422091, 23.853192234768695], [120.37518065588188, 23.828631145753054], [120.41035328488427, 23.82639086844573], [120.43308111325956, 23.830133770776257], [120.44730791585438, 23.820708213812523], [120.45534153128267, 23.816664786477357], [120.4588471089241, 23.835106093580315], [120.44470794577032, 23.850023061992484], [120.4473663421484, 23.85592428026543], [120.44210797568626, 23.874584151008126], [120.42081159151454, 23.885812857999703], [120.40129720931056, 23.88504788526062], [120.40372190051255, 23.874693432827993], [120.39974891251892, 23.8640657758457], [120.37112002844721, 23.86302759855694], [120.36551110422091, 23.853192234768695]]]}, "properties": {"county": "彰化縣", "town": "竹塘鄉"}}, {"type": "Feature", "geometry": {"type": "Polygon", "coordinates": [[[120.56275827284561, 23.84327490961555], [120.55986617129142, 23.840952670943324], [120.52334973752649, 23.858109916662816], [120.51400153048266, 23.869885032753743], [120.50731171981693, 23.871087132772303], [120.4862490408213, 23.86783599863119], [120.48616140138027, 23.85663461209458], [120.47526489754482, 23.857590828018438], [120.47541096327987, 23.847454939225553], [120.46769869246872, 23.829013632122596], [120.4588471089241, 23.835106093580315], [120.45534153128267, 23.816664786477357], [120.48315244723804, 23.806583538594406], [120.5133880543954, 23.799999308947278], [120.55075166942369, 23.801174088510873], [120.58361645981213, 23.79327847702531], [120.58189288413844, 23.80245814989434], [120.60278028425198, 23.81991592061847], [120.59170850153446, 23.820189125168145], [120.57228175877151, 23.833002418547828], [120.56275827284561, 23.84327490961555]]]}, "properties": {"county": "彰化縣", "town": "溪州鄉"}}, {"type": "Feature", "geometry": {"type": "Polygon", "coordinates": [[[120.62942267432688, 23.889091312595784], [120.64312364027549, 23.88859954440637], [120.66167398862808, 23.88212459657911], [120.68314565168185, 23.88040340791617], [120.70315665738505, 23.889009351230882], [120.71454978471971, 23.890293412614348], [120.727491208846, 23.880840535195645], [120.72430697582169, 23.890457335344152], [120.7120958803707, 23.89952772639331], [120.71925310138863, 23.91381632434123], [120.71612729465835, 23.92100160399764], [120.72588448576035, 23.930645724601113], [120.73473606930496, 23.929607547312354], [120.73447315098186, 23.94927827488884], [120.71066443616712, 23.954878968157146], [120.7018128526225, 23.960752865975124], [120.685920900648, 23.96121731370957], [120.67113904825995, 23.944797720274195], [120.66450766388823, 23.945972499837794], [120.64683370994601, 23.963402950106957], [120.63672596107986, 23.95269333175976], [120.62965637950298, 23.956135709085643], [120.63529451687629, 23.938759899726413], [120.6284878536225, 23.931356056430264], [120.63725179772608, 23.924553263143395], [120.63213949699899, 23.910674472019984], [120.63506081170019, 23.89859883092442], [120.62942267432688, 23.889091312595784]]]}, "properties": {"county": "南投縣", "town": "南投市"}}, {"type": "Feature", "geometry": {"type": "Polygon", "coordinates": [[[120.94366849673443, 24.053041362854813], [120.93946180356471, 24.04618392865801], [120.91781486162886, 24.048096360505724], [120.90291615665276, 24.03968166037578], [120.90209818853643, 24.029928257952438], [120.88866014091093, 24.018890794145634], [120.9064217342942, 24.00266244389503], [120.90402625623922, 23.993318848296198], [120.90776553905675, 23.971189279772652], [120.8995566447464, 23.97211817524154], [120.88576803935675, 23.96542466377454], [120.87922429442607, 23.953103138584268], [120.87972091792528, 23.925099672242744], [120.89312975240377, 23.93307724509321], [120.90951832787746, 23.92277743357052], [120.91682161463045, 23.92791367910438], [120.92859451287627, 23.92340580403477], [120.94349321785236, 23.93304992463824], [120.96470196258304, 23.92810492228915], [120.97150862583683, 23.91731334257705], [120.98602755990177, 23.90496449693181], [120.99116907377586, 23.89551161951311], [120.98190850617308, 23.91906185169496], [120.99169491042208, 23.92449862223346], [121.0051621711946, 23.939552192920466], [121.00212400390535, 23.966818006977874], [121.01722720091053, 23.96802010699644], [121.02771472068783, 23.95537073634656], [121.03092816685914, 23.94406006799008], [121.04617742959937, 23.943677581620538], [121.04906953115356, 23.954851647702178], [121.06937266832686, 23.98310099813841], [121.05783347525714, 23.997252993811497], [121.03285623456192, 23.99927470747908], [121.02634170277825, 24.003946505278495], [121.01442273879738, 23.999985039308232], [121.00399364531411, 24.005886257581178], [121.00276669313962, 24.02044806007877], [120.99090615545276, 24.020202175984064], [120.98141188267388, 24.031321601155774], [120.97147941268982, 24.030884473876295], [120.95909303835674, 24.044817905909643], [120.94366849673443, 24.053041362854813]]]}, "properties": {"county": "南投縣", "town": "埔里鎮"}}, {"type": "Feature", "geometry": {"type": "Polygon", "coordinates": [[[120.64683370994601, 23.963402950106957], [120.66450766388823, 23.945972499837794], [120.67113904825995, 23.944797720274195], [120.685920900648, 23.96121731370957], [120.7018128526225, 23.960752865975124], [120.71066443616712, 23.954878968157146], [120.73447315098186, 23.94927827488884], [120.76348180596473, 23.96761030017193], [120.77525470421054, 23.957474411379046], [120.78693996301531, 23.956354272725385], [120.80283191498982, 23.963047784192383], [120.80519817989779, 23.96832063200108], [120.8347910978209, 23.9704789479435], [120.8355214264962, 23.982937075408607], [120.83090574926831, 23.992526555102145], [120.80823634718703, 24.001870150700977], [120.7973982696456, 24.015967505464126], [120.7795490368213, 24.020092894164197], [120.77055138754162, 24.009082750812357], [120.7460415571986, 23.998564375649927], [120.73172711516273, 24.009000789447455], [120.71922388824161, 24.009656480366672], [120.70637010355635, 24.005203246206992], [120.678617613895, 24.014027753161447], [120.67257049246354, 24.00585893712621], [120.64154613033683, 24.008153855343465], [120.63748550290218, 23.99372865512071], [120.65010558241134, 23.984904148166258], [120.64683370994601, 23.963402950106957]]]}, "properties": {"county": "南投縣", "town": "草屯鎮"}}, {"type": "Feature", "geometry": {"type": "Polygon", "coordinates": [[[120.64037760445636, 23.78606587691393], [120.64849885932568, 23.77322526307928], [120.65597742496074, 23.753745778687563], [120.65445834131611, 23.73978502619925], [120.6446135107731, 23.736670494332976], [120.63973491522209, 23.714486284899493], [120.6480314489735, 23.681018727564496], [120.64435059244998, 23.668369356914617], [120.62907211656274, 23.635175004129295], [120.63541136946434, 23.619875549347583], [120.6451101342723, 23.63099497451929], [120.65361116005278, 23.628754697211967], [120.65139096087987, 23.616214608381956], [120.66120657827588, 23.610477312838814], [120.68358384888704, 23.610887119663325], [120.6915298248743, 23.62039463799196], [120.70502629879381, 23.617280106125683], [120.7238395654695, 23.621897263015164], [120.73087993389939, 23.61083247875339], [120.7529066467464, 23.61484858563359], [120.76429977408105, 23.612225821956724], [120.77957824996831, 23.60159816497443], [120.8037375225472, 23.59684440581011], [120.81381605826631, 23.600942474055213], [120.82401144657348, 23.613974331074637], [120.81656209408544, 23.623044722123794], [120.81323179532608, 23.641759233776423], [120.80394201457628, 23.64949092253218], [120.77066824012967, 23.659626811325065], [120.76789299116354, 23.67295919334913], [120.73926410709181, 23.69118193681235], [120.73155183628066, 23.701481748335038], [120.7355540374213, 23.732135298808394], [120.72909793193166, 23.74123301031252], [120.7399360094731, 23.746041410386773], [120.73987758317907, 23.75410094460214], [120.72556314114321, 23.759483074230708], [120.7138194560444, 23.773252583534248], [120.73061701557629, 23.77901719953236], [120.75319877821651, 23.790491790618642], [120.76035599923445, 23.79967146348767], [120.76394921631692, 23.81693799102703], [120.7279878323452, 23.834040595836587], [120.70984646805078, 23.82322169566952], [120.69681740448345, 23.807293870423557], [120.68381755406314, 23.801365331695642], [120.6666402236201, 23.79357900202995], [120.64037760445636, 23.78606587691393]]]}, "properties": {"county": "南投縣", "town": "竹山鎮"}}, {"type": "Feature", "geometry": {"type": "Polygon", "coordinates": [[[120.76394921631692, 23.81693799102703], [120.7810389073189, 23.818276693320428], [120.79900499273126, 23.815517327368728], [120.81144979335835, 23.817702963766116], [120.82862712380137, 23.821828352466184], [120.8347910978209, 23.838247945901557], [120.84539547018623, 23.838466509541295], [120.84206517142687, 23.85537787116608], [120.81910363787547, 23.855022705251507], [120.81174192482847, 23.850241625632222], [120.78653097895716, 23.852755107489216], [120.77338506280178, 23.845296623283133], [120.76079419643962, 23.849968421082547], [120.7546302224201, 23.85830115984759], [120.73721918680098, 23.858738287127064], [120.72594291205436, 23.850706073366666], [120.7279878323452, 23.834040595836587], [120.76394921631692, 23.81693799102703]]]}, "properties": {"county": "南投縣", "town": "集集鎮"}}, {"type": "Feature", "geometry": {"type": "Polygon", "coordinates": [[[120.61557564264322, 23.84059750502875], [120.62632608074361, 23.840515543663848], [120.63605405869859, 23.83163639579946], [120.64002704669223, 23.820298406988012], [120.65068984535158, 23.81273064096206], [120.67879289277708, 23.816282300107815], [120.68381755406314, 23.801365331695642], [120.69681740448345, 23.807293870423557], [120.70984646805078, 23.82322169566952], [120.7279878323452, 23.834040595836587], [120.72594291205436, 23.850706073366666], [120.73721918680098, 23.858738287127064], [120.727491208846, 23.880840535195645], [120.71454978471971, 23.890293412614348], [120.70315665738505, 23.889009351230882], [120.68314565168185, 23.88040340791617], [120.66167398862808, 23.88212459657911], [120.64312364027549, 23.88859954440637], [120.62942267432688, 23.889091312595784], [120.62480699709899, 23.877070312410154], [120.62007446728306, 23.86537715768413], [120.62594630983246, 23.852072096115034], [120.61557564264322, 23.84059750502875]]]}, "properties": {"county": "南投縣", "town": "名間鄉"}}, {"type": "Feature", "geometry": {"type": "Polygon", "coordinates": [[[120.80394201457628, 23.64949092253218], [120.80809028145197, 23.65380755441702], [120.80823634718703, 23.675172150201483], [120.82532603818902, 23.69508876187268], [120.83397312970456, 23.70956860300537], [120.84095507184041, 23.710770703023933], [120.82985407597587, 23.721644244100936], [120.82798443456711, 23.731561569254083], [120.83289224326512, 23.76262492655195], [120.81577333911612, 23.772733494889867], [120.81036890691891, 23.79937093848303], [120.81144979335835, 23.817702963766116], [120.79900499273126, 23.815517327368728], [120.7810389073189, 23.818276693320428], [120.76394921631692, 23.81693799102703], [120.76035599923445, 23.79967146348767], [120.75319877821651, 23.790491790618642], [120.73061701557629, 23.77901719953236], [120.7138194560444, 23.773252583534248], [120.72556314114321, 23.759483074230708], [120.73987758317907, 23.75410094460214], [120.7399360094731, 23.746041410386773], [120.72909793193166, 23.74123301031252], [120.7355540374213, 23.732135298808394], [120.73155183628066, 23.701481748335038], [120.73926410709181, 23.69118193681235], [120.76789299116354, 23.67295919334913], [120.77066824012967, 23.659626811325065], [120.80394201457628, 23.64949092253218]]]}, "properties": {"county": "南投縣", "town": "鹿谷鄉"}}, {"type": "Feature", "geometry": {"type": "Polygon", "coordinates": [[[120.727491208846, 23.880840535195645], [120.73721918680098, 23.858738287127064], [120.7546302224201, 23.85830115984759], [120.76079419643962, 23.849968421082547], [120.77338506280178, 23.845296623283133], [120.78653097895716, 23.852755107489216], [120.81174192482847, 23.850241625632222], [120.81910363787547, 23.855022705251507], [120.84206517142687, 23.85537787116608], [120.84802465341731, 23.859339337136348], [120.84837521118145, 23.880540010191005], [120.85304931470337, 23.892615651286572], [120.84247415548504, 23.92091964263274], [120.84180225310376, 23.934333986021706], [120.82883161583045, 23.937175313338308], [120.8272248927448, 23.952119602205446], [120.83645624720057, 23.956955322734665], [120.8347910978209, 23.9704789479435], [120.80519817989779, 23.96832063200108], [120.80283191498982, 23.963047784192383], [120.78693996301531, 23.956354272725385], [120.77525470421054, 23.957474411379046], [120.76348180596473, 23.96761030017193], [120.73447315098186, 23.94927827488884], [120.73473606930496, 23.929607547312354], [120.72588448576035, 23.930645724601113], [120.71612729465835, 23.92100160399764], [120.71925310138863, 23.91381632434123], [120.7120958803707, 23.89952772639331], [120.72430697582169, 23.890457335344152], [120.727491208846, 23.880840535195645]]]}, "properties": {"county": "南投縣", "town": "中寮鄉"}}, {"type": "Feature", "geometry": {"type": "Polygon", "coordinates": [[[120.87972091792528, 23.925099672242744], [120.8773546530173, 23.910128062920638], [120.86572782050655, 23.907477978788805], [120.87180415508504, 23.88676907392356], [120.8775883581934, 23.87832705333865], [120.87212549970216, 23.87111445322727], [120.87046035032249, 23.85086999609647], [120.88308042983165, 23.840215018659208], [120.86783116709141, 23.822511363840366], [120.87206707340815, 23.81417862507533], [120.88781295964759, 23.809889313645456], [120.91080370634599, 23.816664786477357], [120.91381266048822, 23.826445509355665], [120.93341468213325, 23.82947807985704], [120.93960786929978, 23.843630075530125], [120.95812900450535, 23.84592499374738], [120.97539397438942, 23.83802938226182], [120.99251287853842, 23.839395405010187], [120.99484993029938, 23.858874889401903], [120.98018493049938, 23.883545260237412], [120.99116907377586, 23.89551161951311], [120.98602755990177, 23.90496449693181], [120.97150862583683, 23.91731334257705], [120.96470196258304, 23.92810492228915], [120.94349321785236, 23.93304992463824], [120.92859451287627, 23.92340580403477], [120.91682161463045, 23.92791367910438], [120.90951832787746, 23.92277743357052], [120.89312975240377, 23.93307724509321], [120.87972091792528, 23.925099672242744]]]}, "properties": {"county": "南投縣", "town": "魚池鄉"}}, {"type": "Feature", "geometry": {"type": "Polygon", "coordinates": [[[120.94366849673443, 24.053041362854813], [120.945070727791, 24.066892833523255], [120.9374753095679, 24.073613665445222], [120.94685272975875, 24.08659088155471], [120.94609318793643, 24.10306511590002], [120.95704811806591, 24.124183827589775], [120.95012460222408, 24.1278447685554], [120.93183717219459, 24.11219014785911], [120.91988899506671, 24.107436388694794], [120.896167919693, 24.116452138834017], [120.89152302931811, 24.09869384310524], [120.88150291989301, 24.10049699313309], [120.87224235229021, 24.11694390702343], [120.85719758157906, 24.117299072938003], [120.84484042039301, 24.12453899350435], [120.8377124125221, 24.117872802492318], [120.82865633694838, 24.094677736225044], [120.82924059988862, 24.071455349502802], [120.80686332927748, 24.063914903931813], [120.79655108838224, 24.04031003084003], [120.7795490368213, 24.020092894164197], [120.7973982696456, 24.015967505464126], [120.80823634718703, 24.001870150700977], [120.83090574926831, 23.992526555102145], [120.8355214264962, 23.982937075408607], [120.8347910978209, 23.9704789479435], [120.83645624720057, 23.956955322734665], [120.8272248927448, 23.952119602205446], [120.82883161583045, 23.937175313338308], [120.84180225310376, 23.934333986021706], [120.84247415548504, 23.92091964263274], [120.85304931470337, 23.892615651286572], [120.86572782050655, 23.907477978788805], [120.8773546530173, 23.910128062920638], [120.87972091792528, 23.925099672242744], [120.87922429442607, 23.953103138584268], [120.88576803935675, 23.96542466377454], [120.8995566447464, 23.97211817524154], [120.90776553905675, 23.971189279772652], [120.90402625623922, 23.993318848296198], [120.9064217342942, 24.00266244389503], [120.88866014091093, 24.018890794145634], [120.90209818853643, 24.029928257952438], [120.90291615665276, 24.03968166037578], [120.91781486162886, 24.048096360505724], [120.93946180356471, 24.04618392865801], [120.94366849673443, 24.053041362854813]]]}, "properties": {"county": "南投縣", "town": "國姓鄉"}}, {"type": "Feature", "geometry": {"type": "Polygon", "coordinates": [[[120.81144979335835, 23.817702963766116], [120.81036890691891, 23.79937093848303], [120.81577333911612, 23.772733494889867], [120.83289224326512, 23.76262492655195], [120.82798443456711, 23.731561569254083], [120.82985407597587, 23.721644244100936], [120.84095507184041, 23.710770703023933], [120.86304021098145, 23.724430930507605], [120.88010068883644, 23.719076121334005], [120.88933204329221, 23.72749082146395], [120.87975013107229, 23.751751385474947], [120.8836939059189, 23.763007412921493], [120.8731771729946, 23.779208442717128], [120.87428727258106, 23.78404416324635], [120.9071812761165, 23.78579267236426], [120.91153403502129, 23.79275938838093], [120.9330641243691, 23.78620247918877], [120.93341468213325, 23.82947807985704], [120.91381266048822, 23.826445509355665], [120.91080370634599, 23.816664786477357], [120.88781295964759, 23.809889313645456], [120.87206707340815, 23.81417862507533], [120.86783116709141, 23.822511363840366], [120.88308042983165, 23.840215018659208], [120.87046035032249, 23.85086999609647], [120.87212549970216, 23.87111445322727], [120.8775883581934, 23.87832705333865], [120.87180415508504, 23.88676907392356], [120.86572782050655, 23.907477978788805], [120.85304931470337, 23.892615651286572], [120.84837521118145, 23.880540010191005], [120.84802465341731, 23.859339337136348], [120.84206517142687, 23.85537787116608], [120.84539547018623, 23.838466509541295], [120.8347910978209, 23.838247945901557], [120.82862712380137, 23.821828352466184], [120.81144979335835, 23.817702963766116]]]}, "properties": {"county": "南投縣", "town": "水里鄉"}}, {"type": "Feature", "geometry": {"type": "Polygon", "coordinates": [[[120.81381605826631, 23.600942474055213], [120.82538446448305, 23.58654459428742], [120.81957104822767, 23.574878760016368], [120.82068114781413, 23.562611875736028], [120.80882061012727, 23.545864436841047], [120.80858690495117, 23.53619299578261], [120.82316426531014, 23.510948895392783], [120.82707882700974, 23.483382556330735], [120.8389685778436, 23.471197633415297], [120.86356604762767, 23.473465231177588], [120.88080180436472, 23.467645974269544], [120.8871410572663, 23.47562354712001], [120.91746430386472, 23.47570550848491], [120.94752463214002, 23.467126885625163], [120.9575155284181, 23.46950376520732], [120.96668845657986, 23.47168940160471], [120.99967009955634, 23.462181883276074], [121.00846325680695, 23.46209992191117], [121.01585418300097, 23.451608867203714], [121.01062502968583, 23.44649994212482], [121.01526992006073, 23.43540783740808], [121.0335281369432, 23.445434444381092], [121.05158186179658, 23.450761933099724], [121.05900200113761, 23.461881358271434], [121.03902020858145, 23.474448767556414], [121.06206938157388, 23.499419663396566], [121.06852548706351, 23.518489340963768], [121.09210049670216, 23.514828399998144], [121.12046646245076, 23.520975502365797], [121.13556965945594, 23.515238206822655], [121.14696278679061, 23.527177245643387], [121.1508481353432, 23.545782475476145], [121.1476639023189, 23.55294043467759], [121.16034240812208, 23.567830082634792], [121.15189980863562, 23.57392254409251], [121.15338967913323, 23.586790478382127], [121.16942769684279, 23.58657191474239], [121.19455100327308, 23.600532667230702], [121.20623626207785, 23.59580622852135], [121.21333505680175, 23.600314103590964], [121.22382257657905, 23.62359113122314], [121.22428998693124, 23.639136470099558], [121.2354201959428, 23.661402640897943], [121.23261573382965, 23.676292288855144], [121.23930554449538, 23.686756023107638], [121.24117518590414, 23.709022193906023], [121.23620895091211, 23.724348969142703], [121.22963599283443, 23.730195546505715], [121.2324988812416, 23.75060392636632], [121.21315977791969, 23.757625283292928], [121.20530144137346, 23.771121588046796], [121.2283506143659, 23.785218942809944], [121.22548772595873, 23.7982234793744], [121.23492357244359, 23.818112770590627], [121.22242034552248, 23.81950611379396], [121.22040463837865, 23.83669067996842], [121.19747231797427, 23.851033918826275], [121.17938937997387, 23.853410798408433], [121.15832670097825, 23.8628090349172], [121.15038072499101, 23.851361764285883], [121.13235621328462, 23.839286123190316], [121.11091376337785, 23.831308550339852], [121.11231599443443, 23.821855672921153], [121.06779515838822, 23.809178981816306], [121.04702461086272, 23.811829065948135], [121.00437341622528, 23.82568053661658], [120.99251287853842, 23.839395405010187], [120.97539397438942, 23.83802938226182], [120.95812900450535, 23.84592499374738], [120.93960786929978, 23.843630075530125], [120.93341468213325, 23.82947807985704], [120.9330641243691, 23.78620247918877], [120.91153403502129, 23.79275938838093], [120.9071812761165, 23.78579267236426], [120.87428727258106, 23.78404416324635], [120.8731771729946, 23.779208442717128], [120.8836939059189, 23.763007412921493], [120.87975013107229, 23.751751385474947], [120.88933204329221, 23.72749082146395], [120.88010068883644, 23.719076121334005], [120.86304021098145, 23.724430930507605], [120.84095507184041, 23.710770703023933], [120.83397312970456, 23.70956860300537], [120.82532603818902, 23.69508876187268], [120.80823634718703, 23.675172150201483], [120.80809028145197, 23.65380755441702], [120.80394201457628, 23.64949092253218], [120.81323179532608, 23.641759233776423], [120.81656209408544, 23.623044722123794], [120.82401144657348, 23.613974331074637], [120.81381605826631, 23.600942474055213]]]}, "properties": {"county": "南投縣", "town": "信義鄉"}}, {"type": "Feature", "geometry": {"type": "Polygon", "coordinates": [[[120.99116907377586, 23.89551161951311], [120.98018493049938, 23.883545260237412], [120.99484993029938, 23.858874889401903], [120.99251287853842, 23.839395405010187], [121.00437341622528, 23.82568053661658], [121.04702461086272, 23.811829065948135], [121.06779515838822, 23.809178981816306], [121.11231599443443, 23.821855672921153], [121.11091376337785, 23.831308550339852], [121.13235621328462, 23.839286123190316], [121.15038072499101, 23.851361764285883], [121.15832670097825, 23.8628090349172], [121.17938937997387, 23.853410798408433], [121.19747231797427, 23.851033918826275], [121.22040463837865, 23.83669067996842], [121.22242034552248, 23.81950611379396], [121.23492357244359, 23.818112770590627], [121.23974374170056, 23.841061952763194], [121.24891666986231, 23.852126737024967], [121.253035723591, 23.867890639541127], [121.26828498633124, 23.883435978417545], [121.26106933901929, 23.902587617349653], [121.27488715755594, 23.907532619698742], [121.27453659979179, 23.926520335901046], [121.27208269544279, 23.938213490627067], [121.27792532484519, 23.965834470599052], [121.27319279502925, 23.975369309382653], [121.26486704813084, 23.975369309382653], [121.26010530516788, 23.992307991462408], [121.2694242990647, 24.006323384860654], [121.28572523509737, 24.039736301285714], [121.28321290445434, 24.05427078332834], [121.32311806327267, 24.084924333801702], [121.31911586213204, 24.09541538850916], [121.32840564288183, 24.114621668351205], [121.3158732028137, 24.11642481837905], [121.29586219711052, 24.13246192544488], [121.28137247619259, 24.135876982315796], [121.28779936853522, 24.157214257645293], [121.28812071315235, 24.177649957960867], [121.30564860135952, 24.180054157997994], [121.32577645965075, 24.196173226428726], [121.34967281390654, 24.200243974218857], [121.3430122163878, 24.22357564276097], [121.32443265488821, 24.233001199724704], [121.30366210736271, 24.23376617246379], [121.2931161612914, 24.229176336029276], [121.2777500459631, 24.231853740616074], [121.26542209792406, 24.245650570374583], [121.25505143073482, 24.24321904988249], [121.24418414004637, 24.222510145017242], [121.23796173973282, 24.21969613815561], [121.21970352285037, 24.22925829739418], [121.20807669033961, 24.221663210913256], [121.19671277615195, 24.22316583593646], [121.18073318473643, 24.21226497440449], [121.1677041211691, 24.225378792788813], [121.1611311630914, 24.2153521858158], [121.14813131267108, 24.213057267598543], [121.13530674113284, 24.19620054688369], [121.10568461006272, 24.197211403717482], [121.09134095487985, 24.18273156258479], [121.052604321942, 24.154755416698233], [121.04757966065594, 24.160028264506927], [121.01988559728862, 24.1588808053983], [121.00709023889738, 24.14489273245502], [120.99864763941093, 24.12691587308651], [120.98897808774997, 24.118747057051273], [120.97521869550735, 24.116971227478395], [120.95704811806591, 24.124183827589775], [120.94609318793643, 24.10306511590002], [120.94685272975875, 24.08659088155471], [120.9374753095679, 24.073613665445222], [120.945070727791, 24.066892833523255], [120.94366849673443, 24.053041362854813], [120.95909303835674, 24.044817905909643], [120.97147941268982, 24.030884473876295], [120.98141188267388, 24.031321601155774], [120.99090615545276, 24.020202175984064], [121.00276669313962, 24.02044806007877], [121.00399364531411, 24.005886257581178], [121.01442273879738, 23.999985039308232], [121.02634170277825, 24.003946505278495], [121.03285623456192, 23.99927470747908], [121.05783347525714, 23.997252993811497], [121.06937266832686, 23.98310099813841], [121.04906953115356, 23.954851647702178], [121.04617742959937, 23.943677581620538], [121.03092816685914, 23.94406006799008], [121.02771472068783, 23.95537073634656], [121.01722720091053, 23.96802010699644], [121.00212400390535, 23.966818006977874], [121.0051621711946, 23.939552192920466], [120.99169491042208, 23.92449862223346], [120.98190850617308, 23.91906185169496], [120.99116907377586, 23.89551161951311]]]}, "properties": {"county": "南投縣", "town": "仁愛鄉"}}, {"type": "Feature", "geometry": {"type": "Polygon", "coordinates": [[[120.63973491522209, 23.714486284899493], [120.61107681800337, 23.721835487285706], [120.59410397958943, 23.731616210164017], [120.58855348165716, 23.742517071695985], [120.57491094200257, 23.743582569439713], [120.57073346197987, 23.75972895832541], [120.55411118133007, 23.751041053645796], [120.53386647045079, 23.744921271733112], [120.53015640078027, 23.73754474889193], [120.5033387318233, 23.729293971491792], [120.49816800480218, 23.724813416877147], [120.49533432954202, 23.704814843841053], [120.50322187923526, 23.689870554973915], [120.50976562416592, 23.664052725029777], [120.53640801424083, 23.650611061185842], [120.54064392055756, 23.663588277295332], [120.53871585285478, 23.674352536552465], [120.55747069323644, 23.67080087740671], [120.56340096207987, 23.67872380934724], [120.55802574302967, 23.688449891315614], [120.57745248579262, 23.694842877777972], [120.59611968673326, 23.69405058458392], [120.61624754502449, 23.697274398270064], [120.63862481563565, 23.66943485465834], [120.64435059244998, 23.668369356914617], [120.6480314489735, 23.681018727564496], [120.63973491522209, 23.714486284899493]]]}, "properties": {"county": "雲林縣", "town": "斗六市"}}, {"type": "Feature", "geometry": {"type": "Polygon", "coordinates": [[[120.49816800480218, 23.724813416877147], [120.48291874206194, 23.721179796366492], [120.48277267632689, 23.70874898935635], [120.46360885188705, 23.699159509662813], [120.45303369266873, 23.687384393571886], [120.426829499799, 23.68858649359045], [120.41678017722688, 23.67954342299626], [120.42904969897191, 23.671128722866317], [120.44015069483645, 23.671839054695468], [120.4744761425755, 23.662331536366832], [120.46851666058505, 23.63028464269014], [120.50593870190737, 23.633808981380927], [120.5160756639205, 23.633344533646483], [120.53640801424083, 23.650611061185842], [120.50976562416592, 23.664052725029777], [120.50322187923526, 23.689870554973915], [120.49533432954202, 23.704814843841053], [120.49816800480218, 23.724813416877147]]]}, "properties": {"county": "雲林縣", "town": "斗南鎮"}}, {"type": "Feature", "geometry": {"type": "Polygon", "coordinates": [[[120.5033387318233, 23.729293971491792], [120.480581690301, 23.744593426273504], [120.45653927031016, 23.74311812170527], [120.45724038583845, 23.738200439811145], [120.42592389224163, 23.73992162847409], [120.41718916128505, 23.744074337629126], [120.38736253818585, 23.746041410386773], [120.37520986902888, 23.746423896756315], [120.38225023745876, 23.734430217025654], [120.37068183124202, 23.73063267378519], [120.3698638631257, 23.71399451671008], [120.37871544667031, 23.713448107610734], [120.37494695070578, 23.696782630080655], [120.39963205993088, 23.69640014371111], [120.3935849384994, 23.684734309440053], [120.40392639254163, 23.68077284346979], [120.40734433074203, 23.668587920554355], [120.41678017722688, 23.67954342299626], [120.426829499799, 23.68858649359045], [120.45303369266873, 23.687384393571886], [120.46360885188705, 23.699159509662813], [120.48277267632689, 23.70874898935635], [120.48291874206194, 23.721179796366492], [120.49816800480218, 23.724813416877147], [120.5033387318233, 23.729293971491792]]]}, "properties": {"county": "雲林縣", "town": "虎尾鎮"}}, {"type": "Feature", "geometry": {"type": "Polygon", "coordinates": [[[120.44730791585438, 23.820708213812523], [120.43039350373446, 23.814233265985262], [120.42919576470698, 23.786229799643735], [120.42221382257111, 23.778224906338306], [120.43144517702689, 23.77221440624549], [120.42545648188944, 23.760330008334694], [120.42744297588625, 23.74907398088815], [120.41718916128505, 23.744074337629126], [120.42592389224163, 23.73992162847409], [120.45724038583845, 23.738200439811145], [120.45653927031016, 23.74311812170527], [120.480581690301, 23.744593426273504], [120.48099067435916, 23.771531394871303], [120.48519736752888, 23.78390756097151], [120.50184886132568, 23.783525074601968], [120.5133880543954, 23.799999308947278], [120.48315244723804, 23.806583538594406], [120.45534153128267, 23.816664786477357], [120.44730791585438, 23.820708213812523]]]}, "properties": {"county": "雲林縣", "town": "西螺鎮"}}, {"type": "Feature", "geometry": {"type": "Polygon", "coordinates": [[[120.37520986902888, 23.746423896756315], [120.35067082553884, 23.74270831488076], [120.33936533764522, 23.74833632860403], [120.32963735969024, 23.745413039922525], [120.33767097511853, 23.73844632390585], [120.3520146303014, 23.737298864797225], [120.34292934158067, 23.710115012104716], [120.33708671217829, 23.71060678029413], [120.3348957261524, 23.69383202094418], [120.34374730969701, 23.662741343191342], [120.34205294717032, 23.646895479310285], [120.35549099479582, 23.64703208158512], [120.37515144273486, 23.65353434986735], [120.38762545650896, 23.651430674834863], [120.40734433074203, 23.668587920554355], [120.40392639254163, 23.68077284346979], [120.3935849384994, 23.684734309440053], [120.39963205993088, 23.69640014371111], [120.37494695070578, 23.696782630080655], [120.37871544667031, 23.713448107610734], [120.3698638631257, 23.71399451671008], [120.37068183124202, 23.73063267378519], [120.38225023745876, 23.734430217025654], [120.37520986902888, 23.746423896756315]]]}, "properties": {"county": "雲林縣", "town": "土庫鎮"}}, {"type": "Feature", "geometry": {"type": "Polygon", "coordinates": [[[120.28175701173765, 23.63386362229086], [120.26741335655478, 23.63017536087027], [120.26417069723645, 23.617607951585292], [120.27159083657749, 23.60941181509509], [120.27059758957908, 23.591844762551087], [120.26253476100379, 23.57990572373036], [120.27772559745, 23.570097680397083], [120.27115263937232, 23.55356880514184], [120.27702448192171, 23.544033966358235], [120.29087151360538, 23.550754798280202], [120.28923557737271, 23.561191212077727], [120.30571179228745, 23.562994362105574], [120.31187576630697, 23.57496072138127], [120.32040600523446, 23.57239259861434], [120.33311372418466, 23.57919539190121], [120.33524628391653, 23.592992221659717], [120.33214969033327, 23.603920403646654], [120.31990938173526, 23.604740017295672], [120.30156352541175, 23.612389744686528], [120.29814558721135, 23.63009339950537], [120.28175701173765, 23.63386362229086]]]}, "properties": {"county": "雲林縣", "town": "北港鎮"}}, {"type": "Feature", "geometry": {"type": "Polygon", "coordinates": [[[120.64435059244998, 23.668369356914617], [120.63862481563565, 23.66943485465834], [120.61624754502449, 23.697274398270064], [120.59611968673326, 23.69405058458392], [120.57745248579262, 23.694842877777972], [120.55802574302967, 23.688449891315614], [120.56340096207987, 23.67872380934724], [120.55747069323644, 23.67080087740671], [120.53871585285478, 23.674352536552465], [120.54064392055756, 23.663588277295332], [120.53640801424083, 23.650611061185842], [120.5160756639205, 23.633344533646483], [120.50593870190737, 23.633808981380927], [120.50640611225955, 23.62607729262517], [120.51759474756513, 23.611078362848097], [120.53336984695159, 23.59684440581011], [120.55656508567907, 23.592855619384878], [120.57669294397031, 23.583539344241014], [120.58881639998027, 23.585506416998662], [120.60979143953485, 23.582610448772126], [120.62521598115715, 23.590642662532524], [120.6456067577715, 23.593538630759063], [120.65080669793963, 23.572419919069304], [120.67078849049581, 23.578485060072055], [120.67625134898704, 23.570698730406363], [120.6940129423703, 23.57649066685944], [120.71796772292011, 23.569032182653356], [120.73616751350855, 23.570452846311657], [120.73388888804162, 23.58471412380461], [120.72462832043882, 23.603674519551948], [120.73087993389939, 23.61083247875339], [120.7238395654695, 23.621897263015164], [120.70502629879381, 23.617280106125683], [120.6915298248743, 23.62039463799196], [120.68358384888704, 23.610887119663325], [120.66120657827588, 23.610477312838814], [120.65139096087987, 23.616214608381956], [120.65361116005278, 23.628754697211967], [120.6451101342723, 23.63099497451929], [120.63541136946434, 23.619875549347583], [120.62907211656274, 23.635175004129295], [120.64435059244998, 23.668369356914617]]]}, "properties": {"county": "雲林縣", "town": "古坑鄉"}}, {"type": "Feature", "geometry": {"type": "Polygon", "coordinates": [[[120.41678017722688, 23.67954342299626], [120.40734433074203, 23.668587920554355], [120.38762545650896, 23.651430674834863], [120.38318505816315, 23.63749724280152], [120.36650435121932, 23.607799908252016], [120.37976711996275, 23.609930903739468], [120.38660299636355, 23.62102300845621], [120.40264101407311, 23.626924226729155], [120.41380043623167, 23.622416351659545], [120.42203854368904, 23.61924717888333], [120.44111472868785, 23.6259680108053], [120.46851666058505, 23.63028464269014], [120.4744761425755, 23.662331536366832], [120.44015069483645, 23.671839054695468], [120.42904969897191, 23.671128722866317], [120.41678017722688, 23.67954342299626]]]}, "properties": {"county": "雲林縣", "town": "大埤鄉"}}, {"type": "Feature", "geometry": {"type": "Polygon", "coordinates": [[[120.58361645981213, 23.79327847702531], [120.55075166942369, 23.801174088510873], [120.5133880543954, 23.799999308947278], [120.50184886132568, 23.783525074601968], [120.48519736752888, 23.78390756097151], [120.48099067435916, 23.771531394871303], [120.480581690301, 23.744593426273504], [120.5033387318233, 23.729293971491792], [120.53015640078027, 23.73754474889193], [120.53386647045079, 23.744921271733112], [120.55411118133007, 23.751041053645796], [120.57073346197987, 23.75972895832541], [120.57093795400895, 23.768252940275225], [120.5859535115731, 23.779126481352225], [120.59372420867828, 23.791092840627922], [120.58361645981213, 23.79327847702531]]]}, "properties": {"county": "雲林縣", "town": "莿桐鄉"}}, {"type": "Feature", "geometry": {"type": "Polygon", "coordinates": [[[120.59372420867828, 23.791092840627922], [120.5859535115731, 23.779126481352225], [120.57093795400895, 23.768252940275225], [120.57073346197987, 23.75972895832541], [120.57491094200257, 23.743582569439713], [120.58855348165716, 23.742517071695985], [120.59410397958943, 23.731616210164017], [120.61107681800337, 23.721835487285706], [120.63973491522209, 23.714486284899493], [120.6446135107731, 23.736670494332976], [120.65445834131611, 23.73978502619925], [120.65597742496074, 23.753745778687563], [120.64849885932568, 23.77322526307928], [120.64037760445636, 23.78606587691393], [120.61502059284999, 23.791366045177597], [120.59372420867828, 23.791092840627922]]]}, "properties": {"county": "雲林縣", "town": "林內鄉"}}, {"type": "Feature", "geometry": {"type": "Polygon", "coordinates": [[[120.35055397295079, 23.82229280020063], [120.35102138330299, 23.79185781336701], [120.36191788713845, 23.789398972419946], [120.35759434138068, 23.77303401989451], [120.38975801624083, 23.763389899291038], [120.38736253818585, 23.746041410386773], [120.41718916128505, 23.744074337629126], [120.42744297588625, 23.74907398088815], [120.42545648188944, 23.760330008334694], [120.43144517702689, 23.77221440624549], [120.42221382257111, 23.778224906338306], [120.42919576470698, 23.786229799643735], [120.43039350373446, 23.814233265985262], [120.44730791585438, 23.820708213812523], [120.43308111325956, 23.830133770776257], [120.41035328488427, 23.82639086844573], [120.37518065588188, 23.828631145753054], [120.35055397295079, 23.82229280020063]]]}, "properties": {"county": "雲林縣", "town": "二崙鄉"}}, {"type": "Feature", "geometry": {"type": "Polygon", "coordinates": [[[120.2989927684747, 23.74093248530788], [120.32125318649781, 23.746669780851022], [120.32963735969024, 23.745413039922525], [120.33936533764522, 23.74833632860403], [120.35067082553884, 23.74270831488076], [120.37520986902888, 23.746423896756315], [120.38736253818585, 23.746041410386773], [120.38975801624083, 23.763389899291038], [120.35759434138068, 23.77303401989451], [120.36191788713845, 23.789398972419946], [120.35102138330299, 23.79185781336701], [120.35055397295079, 23.82229280020063], [120.31637459094681, 23.820052522893306], [120.30203093576395, 23.821882993376118], [120.30188487002889, 23.8063376544997], [120.29329620480738, 23.79275938838093], [120.29464000956992, 23.78021929955092], [120.30591628431654, 23.77642175631046], [120.3067926787269, 23.763089374286395], [120.3006871310014, 23.753937021872336], [120.2989927684747, 23.74093248530788]]]}, "properties": {"county": "雲林縣", "town": "崙背鄉"}}, {"type": "Feature", "geometry": {"type": "Polygon", "coordinates": [[[120.24269903418268, 23.7444295035437], [120.23746988086754, 23.737981876171407], [120.24293273935876, 23.725359825976494], [120.23332161399183, 23.717436894035966], [120.22484980135837, 23.70227404152909], [120.23338004028587, 23.69609961870647], [120.22832616585279, 23.678860411622075], [120.21842290901574, 23.658014904481995], [120.23709010995638, 23.653780233962056], [120.25721796824762, 23.657195290832973], [120.270363884403, 23.671238004686188], [120.27757953171495, 23.6716478115107], [120.30641290781574, 23.6838600548811], [120.28672324672968, 23.691345859542153], [120.26890322705239, 23.694487711863395], [120.27860199186036, 23.703148296088045], [120.280150288652, 23.71385791443524], [120.28710301764085, 23.719458607703547], [120.28946928254881, 23.741533535317163], [120.26455046814762, 23.7336379238316], [120.25114163366912, 23.735932842048857], [120.24269903418268, 23.7444295035437]]]}, "properties": {"county": "雲林縣", "town": "東勢鄉"}}, {"type": "Feature", "geometry": {"type": "Polygon", "coordinates": [[[120.28946928254881, 23.741533535317163], [120.28710301764085, 23.719458607703547], [120.280150288652, 23.71385791443524], [120.27860199186036, 23.703148296088045], [120.26890322705239, 23.694487711863395], [120.28672324672968, 23.691345859542153], [120.30641290781574, 23.6838600548811], [120.31450494953805, 23.691619064091824], [120.3348957261524, 23.69383202094418], [120.33708671217829, 23.71060678029413], [120.34292934158067, 23.710115012104716], [120.3520146303014, 23.737298864797225], [120.33767097511853, 23.73844632390585], [120.32963735969024, 23.745413039922525], [120.32125318649781, 23.746669780851022], [120.2989927684747, 23.74093248530788], [120.28946928254881, 23.741533535317163]]]}, "properties": {"county": "雲林縣", "town": "褒忠鄉"}}, {"type": "Feature", "geometry": {"type": "Polygon", "coordinates": [[[120.3348957261524, 23.69383202094418], [120.31450494953805, 23.691619064091824], [120.30641290781574, 23.6838600548811], [120.27757953171495, 23.6716478115107], [120.27457057757272, 23.660774270433695], [120.2806469121512, 23.647960977054012], [120.28175701173765, 23.63386362229086], [120.29814558721135, 23.63009339950537], [120.30156352541175, 23.612389744686528], [120.31990938173526, 23.604740017295672], [120.33214969033327, 23.603920403646654], [120.33524628391653, 23.592992221659717], [120.36028195090577, 23.59613407398096], [120.36650435121932, 23.607799908252016], [120.38318505816315, 23.63749724280152], [120.38762545650896, 23.651430674834863], [120.37515144273486, 23.65353434986735], [120.35549099479582, 23.64703208158512], [120.34205294717032, 23.646895479310285], [120.34374730969701, 23.662741343191342], [120.3348957261524, 23.69383202094418]]]}, "properties": {"county": "雲林縣", "town": "元長鄉"}}, {"type": "Feature", "geometry": {"type": "Polygon", "coordinates": [[[120.20185905465996, 23.51127674085239], [120.22303858624363, 23.504337345290686], [120.23910581710021, 23.50769776125167], [120.2466720221763, 23.513817543164354], [120.2420271318014, 23.538706477639604], [120.25607865551414, 23.546110320935753], [120.26344036856116, 23.533542911650777], [120.27191218119462, 23.530756225244108], [120.27702448192171, 23.544033966358235], [120.27115263937232, 23.55356880514184], [120.27772559745, 23.570097680397083], [120.26253476100379, 23.57990572373036], [120.27059758957908, 23.591844762551087], [120.27159083657749, 23.60941181509509], [120.26417069723645, 23.617607951585292], [120.26741335655478, 23.63017536087027], [120.25342025913606, 23.633016688186874], [120.24719785882252, 23.618017758409803], [120.21845212216276, 23.60015018086116], [120.21453756046316, 23.58687243974703], [120.19855796904761, 23.571190498595776], [120.20594889524163, 23.566573341706295], [120.19864560848865, 23.553814689236546], [120.19908380569383, 23.527669013832796], [120.19087491138347, 23.52898039567123], [120.18249073819104, 23.50985607719409], [120.20185905465996, 23.51127674085239]]]}, "properties": {"county": "雲林縣", "town": "水林鄉"}}, {"type": "Feature", "geometry": {"type": "Polygon", "coordinates": [[[120.29005354548904, 23.478109708522037], [120.28026714124005, 23.491387449636164], [120.2669751593496, 23.488955929144073], [120.25330340654801, 23.47086978795569], [120.22631045870897, 23.469148599292748], [120.22639809815, 23.463602546934375], [120.20621181356475, 23.452947569497113], [120.22040940301255, 23.441800823870437], [120.21886110622093, 23.422922389488], [120.22812167382371, 23.41885164169787], [120.23574630519383, 23.407595614251324], [120.24585405405996, 23.3984979027472], [120.25809436265797, 23.39459107768687], [120.25996400406673, 23.403934673285697], [120.27711212136275, 23.418578437148195], [120.28193229061972, 23.43251186918154], [120.2696335557277, 23.43106388506827], [120.26969198202171, 23.44783864441822], [120.29122207136952, 23.445653008020834], [120.29466922271693, 23.466881001530457], [120.29005354548904, 23.478109708522037]]]}, "properties": {"county": "嘉義縣", "town": "朴子市"}}, {"type": "Feature", "geometry": {"type": "Polygon", "coordinates": [[[120.46851666058505, 23.63028464269014], [120.44111472868785, 23.6259680108053], [120.42203854368904, 23.61924717888333], [120.41380043623167, 23.622416351659545], [120.40638029689063, 23.603373994547304], [120.42443402174402, 23.6058055150394], [120.43033507744043, 23.591325673906706], [120.44868093376394, 23.593320067119322], [120.45604264681096, 23.582501166952255], [120.4750019792217, 23.576791191864082], [120.48321087353206, 23.566218175791718], [120.49016360252091, 23.56818524854937], [120.51636779539064, 23.551574411929224], [120.53138335295478, 23.560453559793608], [120.53199682904203, 23.57266580316401], [120.52478118173008, 23.585615698818533], [120.53336984695159, 23.59684440581011], [120.51759474756513, 23.611078362848097], [120.50640611225955, 23.62607729262517], [120.50593870190737, 23.633808981380927], [120.46851666058505, 23.63028464269014]]]}, "properties": {"county": "嘉義縣", "town": "大林鎮"}}, {"type": "Feature", "geometry": {"type": "Polygon", "coordinates": [[[120.40880498809263, 23.50655030214304], [120.43378222878785, 23.50982875673912], [120.45326739784481, 23.515866577286904], [120.46384255706315, 23.499392342941597], [120.47348289557709, 23.50685082714768], [120.48315244723804, 23.505375522579445], [120.49606465821732, 23.521112104640636], [120.49664892115756, 23.53111139115868], [120.50716565408186, 23.54739438231922], [120.51461500656991, 23.543077750434378], [120.51636779539064, 23.551574411929224], [120.49016360252091, 23.56818524854937], [120.48321087353206, 23.566218175791718], [120.4750019792217, 23.576791191864082], [120.45604264681096, 23.582501166952255], [120.42615759741773, 23.579659839635653], [120.40693534668387, 23.57031624403682], [120.3996904862249, 23.562202068911517], [120.38753781706792, 23.565507843962568], [120.37874465981733, 23.55561783926439], [120.37608626343925, 23.534280563934892], [120.399953404548, 23.529663407045412], [120.39767477908107, 23.513981465894158], [120.38879398238944, 23.516057820471676], [120.39302988870617, 23.506604943052974], [120.40880498809263, 23.50655030214304]]]}, "properties": {"county": "嘉義縣", "town": "民雄鄉"}}, {"type": "Feature", "geometry": {"type": "Polygon", "coordinates": [[[120.36650435121932, 23.607799908252016], [120.36028195090577, 23.59613407398096], [120.37240540691573, 23.594248962588214], [120.37424583517749, 23.573895223637543], [120.38753781706792, 23.565507843962568], [120.3996904862249, 23.562202068911517], [120.40693534668387, 23.57031624403682], [120.42615759741773, 23.579659839635653], [120.45604264681096, 23.582501166952255], [120.44868093376394, 23.593320067119322], [120.43033507744043, 23.591325673906706], [120.42443402174402, 23.6058055150394], [120.40638029689063, 23.603373994547304], [120.41380043623167, 23.622416351659545], [120.40264101407311, 23.626924226729155], [120.38660299636355, 23.62102300845621], [120.37976711996275, 23.609930903739468], [120.36650435121932, 23.607799908252016]]]}, "properties": {"county": "嘉義縣", "town": "溪口鄉"}}, {"type": "Feature", "geometry": {"type": "Polygon", "coordinates": [[[120.38879398238944, 23.516057820471676], [120.39767477908107, 23.513981465894158], [120.399953404548, 23.529663407045412], [120.37608626343925, 23.534280563934892], [120.37874465981733, 23.55561783926439], [120.38753781706792, 23.565507843962568], [120.37424583517749, 23.573895223637543], [120.37240540691573, 23.594248962588214], [120.36028195090577, 23.59613407398096], [120.33524628391653, 23.592992221659717], [120.33311372418466, 23.57919539190121], [120.32040600523446, 23.57239259861434], [120.31187576630697, 23.57496072138127], [120.30571179228745, 23.562994362105574], [120.30822412293048, 23.51911771142802], [120.3053320213763, 23.51335309542991], [120.32592729001972, 23.50581264985892], [120.33431146321215, 23.50832613171592], [120.35148879365518, 23.50521159984964], [120.36399202057629, 23.51403610680409], [120.37000992886075, 23.5023156316231], [120.38008846457988, 23.514555195448473], [120.38879398238944, 23.516057820471676]]]}, "properties": {"county": "嘉義縣", "town": "新港鄉"}}, {"type": "Feature", "geometry": {"type": "Polygon", "coordinates": [[[120.32592729001972, 23.50581264985892], [120.3053320213763, 23.51335309542991], [120.30822412293048, 23.51911771142802], [120.30571179228745, 23.562994362105574], [120.28923557737271, 23.561191212077727], [120.29087151360538, 23.550754798280202], [120.27702448192171, 23.544033966358235], [120.27191218119462, 23.530756225244108], [120.26344036856116, 23.533542911650777], [120.25607865551414, 23.546110320935753], [120.2420271318014, 23.538706477639604], [120.2466720221763, 23.513817543164354], [120.23910581710021, 23.50769776125167], [120.22303858624363, 23.504337345290686], [120.20185905465996, 23.51127674085239], [120.21503418396236, 23.500840327054867], [120.21547238116753, 23.485486231363218], [120.22511271968148, 23.47816434943197], [120.22631045870897, 23.469148599292748], [120.25330340654801, 23.47086978795569], [120.2669751593496, 23.488955929144073], [120.28026714124005, 23.491387449636164], [120.29005354548904, 23.478109708522037], [120.30799041775438, 23.475650867574977], [120.32078577614561, 23.49340916330375], [120.32592729001972, 23.50581264985892]]]}, "properties": {"county": "嘉義縣", "town": "六腳鄉"}}, {"type": "Feature", "geometry": {"type": "Polygon", "coordinates": [[[120.23574630519383, 23.407595614251324], [120.23089692278984, 23.4038527119208], [120.22695314794323, 23.381449938847574], [120.20726348685717, 23.3797560706396], [120.19660068819782, 23.365221588596974], [120.1894726803269, 23.361806531726057], [120.17612227214244, 23.341862599599896], [120.18059188363526, 23.32306612658236], [120.16262579822292, 23.309979628653004], [120.17565486179025, 23.294406969321617], [120.18406824812969, 23.290308901076518], [120.19169287949981, 23.3002808671396], [120.20428374586196, 23.291893487464623], [120.21237578758426, 23.29170224427985], [120.22084760021774, 23.295991555709726], [120.23808335695479, 23.327082233462562], [120.25514383480976, 23.33060657215335], [120.27629415324641, 23.348228265607286], [120.28622662323048, 23.350304620184804], [120.28461990014482, 23.36350039993403], [120.26866952187629, 23.375494079664694], [120.26957512943366, 23.3878702457649], [120.25809436265797, 23.39459107768687], [120.24585405405996, 23.3984979027472], [120.23574630519383, 23.407595614251324]]]}, "properties": {"county": "嘉義縣", "town": "義竹鄉"}}, {"type": "Feature", "geometry": {"type": "Polygon", "coordinates": [[[120.29122207136952, 23.445653008020834], [120.26969198202171, 23.44783864441822], [120.2696335557277, 23.43106388506827], [120.28193229061972, 23.43251186918154], [120.27711212136275, 23.418578437148195], [120.25996400406673, 23.403934673285697], [120.25809436265797, 23.39459107768687], [120.26957512943366, 23.3878702457649], [120.26866952187629, 23.375494079664694], [120.28461990014482, 23.36350039993403], [120.29294564704323, 23.375384797844823], [120.3109409456026, 23.37543943875476], [120.31099937189661, 23.385575327547645], [120.33317215047869, 23.38582121164235], [120.34292934158067, 23.396694752719352], [120.35587076570697, 23.401721716433343], [120.35303709044682, 23.411994207501063], [120.35601683144203, 23.434533582849124], [120.34254957066952, 23.428932889580818], [120.31140835595478, 23.438194523814747], [120.29274115501414, 23.434560903304092], [120.29122207136952, 23.445653008020834]]]}, "properties": {"county": "嘉義縣", "town": "鹿草鄉"}}, {"type": "Feature", "geometry": {"type": "Polygon", "coordinates": [[[120.67414800240218, 23.44988767854077], [120.6854534902958, 23.456581190007768], [120.68989388864162, 23.46674439925562], [120.70391619920736, 23.473000783443144], [120.71081050190217, 23.49409217467793], [120.71612729465835, 23.498518088382642], [120.70899928678743, 23.509364309004678], [120.69185116949141, 23.511713868131867], [120.68244453615357, 23.508954502180167], [120.66082680736473, 23.5236529069526], [120.65127410829182, 23.537668300350845], [120.64140006460178, 23.53214956844744], [120.62060030392927, 23.540154461752874], [120.60643192762848, 23.55313167786236], [120.588173710746, 23.54162976632111], [120.55723698806035, 23.541547804956206], [120.53655407997589, 23.549416095986803], [120.51461500656991, 23.543077750434378], [120.50716565408186, 23.54739438231922], [120.49664892115756, 23.53111139115868], [120.49606465821732, 23.521112104640636], [120.48315244723804, 23.505375522579445], [120.48391198906035, 23.495731401975974], [120.50129381153246, 23.489830183703027], [120.50810047478625, 23.48269954495655], [120.53287322345238, 23.479748935820076], [120.54569779499063, 23.482918108596287], [120.5475966495464, 23.47108835159543], [120.58332432834202, 23.461362269627056], [120.60394881013247, 23.46811042200399], [120.62942267432688, 23.4981356020131], [120.63771920807828, 23.487480624575834], [120.64224724586512, 23.47313738571798], [120.65410778355198, 23.452838287677242], [120.67414800240218, 23.44988767854077]]]}, "properties": {"county": "嘉義縣", "town": "竹崎鄉"}}, {"type": "Feature", "geometry": {"type": "Polygon", "coordinates": [[[120.53336984695159, 23.59684440581011], [120.52478118173008, 23.585615698818533], [120.53199682904203, 23.57266580316401], [120.53138335295478, 23.560453559793608], [120.51636779539064, 23.551574411929224], [120.51461500656991, 23.543077750434378], [120.53655407997589, 23.549416095986803], [120.55723698806035, 23.541547804956206], [120.588173710746, 23.54162976632111], [120.60643192762848, 23.55313167786236], [120.62060030392927, 23.540154461752874], [120.64140006460178, 23.53214956844744], [120.65127410829182, 23.537668300350845], [120.66082680736473, 23.5236529069526], [120.68244453615357, 23.508954502180167], [120.69185116949141, 23.511713868131867], [120.70899928678743, 23.509364309004678], [120.71612729465835, 23.498518088382642], [120.72313844994122, 23.512451520415986], [120.73169790201572, 23.543924684538368], [120.7423899138221, 23.548705764157653], [120.74271125843923, 23.558732371130667], [120.73616751350855, 23.570452846311657], [120.71796772292011, 23.569032182653356], [120.6940129423703, 23.57649066685944], [120.67625134898704, 23.570698730406363], [120.67078849049581, 23.578485060072055], [120.65080669793963, 23.572419919069304], [120.6456067577715, 23.593538630759063], [120.62521598115715, 23.590642662532524], [120.60979143953485, 23.582610448772126], [120.58881639998027, 23.585506416998662], [120.57669294397031, 23.583539344241014], [120.55656508567907, 23.592855619384878], [120.53336984695159, 23.59684440581011]]]}, "properties": {"county": "嘉義縣", "town": "梅山鄉"}}, {"type": "Feature", "geometry": {"type": "Polygon", "coordinates": [[[120.53372040471572, 23.336480469971328], [120.5400012313233, 23.327874526656615], [120.52259019570417, 23.311892060500718], [120.52627105222768, 23.295827632979922], [120.52197671961693, 23.28738561239501], [120.52042842282529, 23.27178563260866], [120.53228896051215, 23.255147475533548], [120.51943517582689, 23.23949285483726], [120.52574521558147, 23.231515281986795], [120.54149110182091, 23.227827020566203], [120.55487072315238, 23.217554529498482], [120.56529981663564, 23.220996906824368], [120.57824124076194, 23.21479516354678], [120.58653777451333, 23.224084118235677], [120.5974342783488, 23.22889251830993], [120.60970380009381, 23.222745415942278], [120.62822493529939, 23.229438927409277], [120.65343588117071, 23.224521245515156], [120.64917076170696, 23.24708794131818], [120.6385079630476, 23.268835023472185], [120.6519752238201, 23.291183155635473], [120.65837290301572, 23.312984878699414], [120.65641562216592, 23.33522372904283], [120.66290094080257, 23.342873456433686], [120.65679539307708, 23.35710741347167], [120.64630787329979, 23.36707937953475], [120.63503159855317, 23.35322790886631], [120.63219792329302, 23.34117958822571], [120.60830156903724, 23.343856992812512], [120.58969279439063, 23.353883599785526], [120.58715125060058, 23.36186117263599], [120.5747356631205, 23.363227195384358], [120.54715845234122, 23.339813565477343], [120.53372040471572, 23.336480469971328]]]}, "properties": {"county": "嘉義縣", "town": "大埔鄉"}}, {"type": "Feature", "geometry": {"type": "Polygon", "coordinates": [[[120.64630787329979, 23.36707937953475], [120.65679539307708, 23.35710741347167], [120.66290094080257, 23.342873456433686], [120.65641562216592, 23.33522372904283], [120.65837290301572, 23.312984878699414], [120.6519752238201, 23.291183155635473], [120.66731212600138, 23.294051803407044], [120.68191869950735, 23.287631496489716], [120.69953422715557, 23.284435003258537], [120.70438360955954, 23.301974735347574], [120.71215430666473, 23.308695567269538], [120.73064622872329, 23.30560835585823], [120.73231137810298, 23.31385913325837], [120.74785277231334, 23.321918667473735], [120.75845714467867, 23.335496933592502], [120.7580773737675, 23.34426679963702], [120.7832006801978, 23.34221776551447], [120.78842983351294, 23.352818102041798], [120.80458470381053, 23.37082228186528], [120.82120698446033, 23.370521756860636], [120.82851027121333, 23.374947670565348], [120.83096417556233, 23.386586184381436], [120.8494853107679, 23.41286846206002], [120.84916396615077, 23.419507332617084], [120.86432558944998, 23.423878605411858], [120.8871118441193, 23.43518927376834], [120.89678139578025, 23.450898535374563], [120.91270256090176, 23.458466301400517], [120.92830238140616, 23.45677243319254], [120.93665734145156, 23.46376646966418], [120.9575155284181, 23.46950376520732], [120.94752463214002, 23.467126885625163], [120.91746430386472, 23.47570550848491], [120.8871410572663, 23.47562354712001], [120.88080180436472, 23.467645974269544], [120.86356604762767, 23.473465231177588], [120.8389685778436, 23.471197633415297], [120.82707882700974, 23.483382556330735], [120.82316426531014, 23.510948895392783], [120.80858690495117, 23.53619299578261], [120.80882061012727, 23.545864436841047], [120.82068114781413, 23.562611875736028], [120.81957104822767, 23.574878760016368], [120.82538446448305, 23.58654459428742], [120.81381605826631, 23.600942474055213], [120.8037375225472, 23.59684440581011], [120.77957824996831, 23.60159816497443], [120.76429977408105, 23.612225821956724], [120.7529066467464, 23.61484858563359], [120.73087993389939, 23.61083247875339], [120.72462832043882, 23.603674519551948], [120.73388888804162, 23.58471412380461], [120.73616751350855, 23.570452846311657], [120.74271125843923, 23.558732371130667], [120.7423899138221, 23.548705764157653], [120.73169790201572, 23.543924684538368], [120.72313844994122, 23.512451520415986], [120.71612729465835, 23.498518088382642], [120.71081050190217, 23.49409217467793], [120.70391619920736, 23.473000783443144], [120.68989388864162, 23.46674439925562], [120.6854534902958, 23.456581190007768], [120.67414800240218, 23.44988767854077], [120.67438170757828, 23.436254771512065], [120.66351441688983, 23.421392444009832], [120.65369879949381, 23.39950875958099], [120.64213039327709, 23.387924886674835], [120.64630787329979, 23.36707937953475]]]}, "properties": {"county": "嘉義縣", "town": "阿里山鄉"}}, {"type": "Feature", "geometry": {"type": "Polygon", "coordinates": [[[120.5062892596715, 22.6248918998919], [120.51210267592688, 22.645409561572375], [120.52256098255717, 22.65964351861036], [120.50810047478625, 22.668823191479387], [120.51181054445676, 22.69103472136784], [120.5229115403213, 22.69327499867516], [120.5284912514006, 22.700405637421635], [120.52153852241175, 22.70737235343831], [120.5045364708508, 22.713710698990734], [120.47149640158027, 22.7028644783687], [120.46206055509542, 22.688876405425418], [120.44806745767669, 22.689422814524765], [120.44263381233246, 22.684559773540578], [120.43664511719501, 22.665025648238927], [120.43606085425478, 22.651693266214863], [120.43527209928546, 22.628826045407198], [120.45805835395477, 22.63013742724563], [120.48069854288904, 22.62068454982693], [120.5062892596715, 22.6248918998919]]]}, "properties": {"county": "屏東縣", "town": "屏東市"}}, {"type": "Feature", "geometry": {"type": "Polygon", "coordinates": [[[120.50862631143247, 22.546700757775362], [120.52372950843764, 22.543640866819022], [120.52989348245717, 22.503425157107092], [120.54289333287748, 22.510992923133045], [120.55630216735597, 22.50897120946546], [120.60207916872369, 22.52112881192593], [120.60564317265916, 22.52492635516639], [120.60538025433604, 22.540280450858038], [120.59200063300457, 22.545963105491243], [120.58551531436792, 22.560442946623937], [120.56459870110736, 22.554924214720533], [120.55487072315238, 22.56410388758956], [120.5397675261472, 22.564377092139235], [120.52963056413405, 22.565715794432634], [120.50862631143247, 22.546700757775362]]]}, "properties": {"county": "屏東縣", "town": "潮州鎮"}}, {"type": "Feature", "geometry": {"type": "Polygon", "coordinates": [[[120.52256098255717, 22.65964351861036], [120.52720587293206, 22.66759377100586], [120.54160795440896, 22.67087222560194], [120.56120997605397, 22.66365962549056], [120.60587687783524, 22.70119793061569], [120.61578013467229, 22.706525419334323], [120.60815550330219, 22.714940119464263], [120.54041021538147, 22.722617167310087], [120.52381714787867, 22.71838249679015], [120.52153852241175, 22.70737235343831], [120.5284912514006, 22.700405637421635], [120.5229115403213, 22.69327499867516], [120.51181054445676, 22.69103472136784], [120.50810047478625, 22.668823191479387], [120.52256098255717, 22.65964351861036]]]}, "properties": {"county": "屏東縣", "town": "長治鄉"}}, {"type": "Feature", "geometry": {"type": "Polygon", "coordinates": [[[120.53646644053485, 22.640000111488842], [120.56120997605397, 22.66365962549056], [120.54160795440896, 22.67087222560194], [120.52720587293206, 22.66759377100586], [120.52256098255717, 22.65964351861036], [120.51210267592688, 22.645409561572375], [120.5062892596715, 22.6248918998919], [120.5079544090512, 22.620739190736863], [120.5258328550225, 22.62797911130321], [120.53646644053485, 22.640000111488842]]]}, "properties": {"county": "屏東縣", "town": "麟洛鄉"}}, {"type": "Feature", "geometry": {"type": "Polygon", "coordinates": [[[120.52153852241175, 22.70737235343831], [120.52381714787867, 22.71838249679015], [120.54041021538147, 22.722617167310087], [120.52267783514522, 22.731878801544017], [120.51356333327749, 22.72775341284395], [120.51046673969421, 22.749500494997953], [120.51403074362968, 22.76045599743986], [120.49822643109621, 22.76496387250947], [120.48706700893764, 22.758488924682208], [120.46877957890815, 22.75570223827554], [120.46255717859462, 22.770127438498296], [120.45431907113725, 22.771793986251307], [120.45575051534084, 22.71849177861002], [120.44806745767669, 22.689422814524765], [120.46206055509542, 22.688876405425418], [120.47149640158027, 22.7028644783687], [120.5045364708508, 22.713710698990734], [120.52153852241175, 22.70737235343831]]]}, "properties": {"county": "屏東縣", "town": "九如鄉"}}, {"type": "Feature", "geometry": {"type": "Polygon", "coordinates": [[[120.51403074362968, 22.76045599743986], [120.52399242676074, 22.769908874858558], [120.54546408981453, 22.770673847597646], [120.5529426554496, 22.78542689328001], [120.54493825316831, 22.79796698211002], [120.55545498609263, 22.806982732249242], [120.56667283454522, 22.838346614551753], [120.5541988207711, 22.82883909622312], [120.53643722738784, 22.829248903047628], [120.52346659011454, 22.832882523558286], [120.50526679952608, 22.831461859899985], [120.47622893139621, 22.83818269182195], [120.46875036576115, 22.830669566705932], [120.46404704909223, 22.800289220782243], [120.45431907113725, 22.771793986251307], [120.46255717859462, 22.770127438498296], [120.46877957890815, 22.75570223827554], [120.48706700893764, 22.758488924682208], [120.49822643109621, 22.76496387250947], [120.51403074362968, 22.76045599743986]]]}, "properties": {"county": "屏東縣", "town": "里港鄉"}}, {"type": "Feature", "geometry": {"type": "Polygon", "coordinates": [[[120.61578013467229, 22.706525419334323], [120.62910132970975, 22.713683378535766], [120.634622614495, 22.71983048090342], [120.61689023425875, 22.73840839028121], [120.61259590164799, 22.75488262462652], [120.5830029837249, 22.77100169305725], [120.56077177884879, 22.773023406724835], [120.54546408981453, 22.770673847597646], [120.52399242676074, 22.769908874858558], [120.51403074362968, 22.76045599743986], [120.51046673969421, 22.749500494997953], [120.51356333327749, 22.72775341284395], [120.52267783514522, 22.731878801544017], [120.54041021538147, 22.722617167310087], [120.60815550330219, 22.714940119464263], [120.61578013467229, 22.706525419334323]]]}, "properties": {"county": "屏東縣", "town": "鹽埔鄉"}}, {"type": "Feature", "geometry": {"type": "Polygon", "coordinates": [[[120.54546408981453, 22.770673847597646], [120.56077177884879, 22.773023406724835], [120.5830029837249, 22.77100169305725], [120.61259590164799, 22.75488262462652], [120.61689023425875, 22.73840839028121], [120.634622614495, 22.71983048090342], [120.63932593116394, 22.73564902432951], [120.63126310258863, 22.75097579956619], [120.63497317225915, 22.761330251998814], [120.64522698686035, 22.769608349853918], [120.62880919823962, 22.776629706780525], [120.63024064244321, 22.801026873066363], [120.62758224606513, 22.819413539259386], [120.62918896915079, 22.836188298609333], [120.64525620000735, 22.86883624229531], [120.64768089120935, 22.879573181097477], [120.64502249483127, 22.88520119482075], [120.62062951707628, 22.875584394672245], [120.60581845154123, 22.873207515090083], [120.59521407917589, 22.86361803539655], [120.57482330256154, 22.848209298794966], [120.56667283454522, 22.838346614551753], [120.55545498609263, 22.806982732249242], [120.54493825316831, 22.79796698211002], [120.5529426554496, 22.78542689328001], [120.54546408981453, 22.770673847597646]]]}, "properties": {"county": "屏東縣", "town": "高樹鄉"}}, {"type": "Feature", "geometry": {"type": "Polygon", "coordinates": [[[120.5397675261472, 22.564377092139235], [120.55487072315238, 22.56410388758956], [120.56459870110736, 22.554924214720533], [120.58551531436792, 22.560442946623937], [120.59200063300457, 22.545963105491243], [120.60538025433604, 22.540280450858038], [120.60564317265916, 22.52492635516639], [120.63357094120258, 22.524762432436585], [120.62425194730577, 22.529406909781034], [120.6267642779488, 22.5427392918051], [120.62635529389063, 22.56730038082074], [120.63184736552887, 22.574977428666564], [120.63158444720577, 22.62467333625216], [120.62618001500856, 22.629126570411838], [120.62983165838504, 22.652321636679112], [120.622382305897, 22.650627768471136], [120.61756213664003, 22.637377347811977], [120.61119367059142, 22.63519171141459], [120.58750180836473, 22.61532974065333], [120.57619632047111, 22.601314347255084], [120.56711103175039, 22.581862183318332], [120.55682800400218, 22.580933287849444], [120.55414039447709, 22.5736933672831], [120.5397675261472, 22.564377092139235]]]}, "properties": {"county": "屏東縣", "town": "萬巒鄉"}}, {"type": "Feature", "geometry": {"type": "Polygon", "coordinates": [[[120.55682800400218, 22.580933287849444], [120.56711103175039, 22.581862183318332], [120.57619632047111, 22.601314347255084], [120.58750180836473, 22.61532974065333], [120.61119367059142, 22.63519171141459], [120.61756213664003, 22.637377347811977], [120.622382305897, 22.650627768471136], [120.62983165838504, 22.652321636679112], [120.63672596107986, 22.6895594167996], [120.6512156819978, 22.70283715791373], [120.64946289317707, 22.71065080803439], [120.62910132970975, 22.713683378535766], [120.61578013467229, 22.706525419334323], [120.60587687783524, 22.70119793061569], [120.56120997605397, 22.66365962549056], [120.53646644053485, 22.640000111488842], [120.53652486682887, 22.602215922269004], [120.55259209768545, 22.606450592788942], [120.55682800400218, 22.580933287849444]]]}, "properties": {"county": "屏東縣", "town": "內埔鄉"}}, {"type": "Feature", "geometry": {"type": "Polygon", "coordinates": [[[120.57657609138226, 22.45774535640169], [120.5962073261743, 22.448128556253188], [120.60909032400656, 22.445177947116715], [120.61867223622649, 22.46064132462823], [120.61522508487907, 22.466679145176013], [120.62133063260457, 22.477552686253016], [120.61838010475637, 22.48798910005054], [120.62106771428147, 22.506785573068075], [120.63357094120258, 22.524762432436585], [120.60564317265916, 22.52492635516639], [120.60207916872369, 22.52112881192593], [120.55630216735597, 22.50897120946546], [120.54289333287748, 22.510992923133045], [120.52989348245717, 22.503425157107092], [120.52986426931015, 22.50189521162892], [120.54642812366593, 22.487032884126684], [120.5414618886739, 22.48047597493452], [120.54277648028943, 22.467881245194576], [120.5414618886739, 22.46310016557529], [120.56135604178904, 22.461761463281892], [120.57657609138226, 22.45774535640169]]]}, "properties": {"county": "屏東縣", "town": "新埤鄉"}}, {"type": "Feature", "geometry": {"type": "Polygon", "coordinates": [[[120.50418591308664, 22.5427392918051], [120.49179953875358, 22.529379589326066], [120.48443782570656, 22.5266748642843], [120.47175931990338, 22.51678485958612], [120.46553691958984, 22.505747395779316], [120.46854587373207, 22.489409763708842], [120.47976372218466, 22.50047454797062], [120.49314334351612, 22.491977886475773], [120.52247334311613, 22.496376479725516], [120.52986426931015, 22.50189521162892], [120.52989348245717, 22.503425157107092], [120.52372950843764, 22.543640866819022], [120.50862631143247, 22.546700757775362], [120.50418591308664, 22.5427392918051]]]}, "properties": {"county": "屏東縣", "town": "崁頂鄉"}}, {"type": "Feature", "geometry": {"type": "Polygon", "coordinates": [[[120.52986426931015, 22.50189521162892], [120.52247334311613, 22.496376479725516], [120.49314334351612, 22.491977886475773], [120.48724228781971, 22.48058525675439], [120.50135223782648, 22.473755143012557], [120.50167358244362, 22.460477401898427], [120.52890023545876, 22.46105113145274], [120.54277648028943, 22.467881245194576], [120.5414618886739, 22.48047597493452], [120.54642812366593, 22.487032884126684], [120.52986426931015, 22.50189521162892]]]}, "properties": {"county": "屏東縣", "town": "南州鄉"}}, {"type": "Feature", "geometry": {"type": "Polygon", "coordinates": [[[120.3796502673747, 22.356003982103307], [120.3674391719237, 22.35212447749794], [120.36323247875399, 22.34002151594741], [120.35362135338706, 22.32942117942008], [120.35990217999462, 22.32223589976367], [120.38704119356872, 22.34177002506532], [120.38899847441853, 22.349474393366112], [120.3796502673747, 22.356003982103307]]]}, "properties": {"county": "屏東縣", "town": "琉球鄉"}}, {"type": "Feature", "geometry": {"type": "Polygon", "coordinates": [[[120.62910132970975, 22.713683378535766], [120.64946289317707, 22.71065080803439], [120.6570875245472, 22.71332821262119], [120.6815097154492, 22.69925817831301], [120.70666223502649, 22.691198644097643], [120.71495876877788, 22.71630614221263], [120.70295216535597, 22.726851837830026], [120.70178363947548, 22.745866874487298], [120.71972051174082, 22.751112401841027], [120.71113184651931, 22.772422356715555], [120.72643953555357, 22.78449799781112], [120.74084161703045, 22.814304614180493], [120.7394685991209, 22.822118264301153], [120.7741738177711, 22.837936807727242], [120.76216721434919, 22.85681524210968], [120.74268204529221, 22.873535360549692], [120.725037304497, 22.880829922025974], [120.70455888844162, 22.88066599929617], [120.69056579102289, 22.864874776325046], [120.67674797248624, 22.857279689844123], [120.66091444680576, 22.85965656942628], [120.6580515583986, 22.879709783372313], [120.64911233541294, 22.876977737875578], [120.64768089120935, 22.879573181097477], [120.64525620000735, 22.86883624229531], [120.62918896915079, 22.836188298609333], [120.62758224606513, 22.819413539259386], [120.63024064244321, 22.801026873066363], [120.62880919823962, 22.776629706780525], [120.64522698686035, 22.769608349853918], [120.63497317225915, 22.761330251998814], [120.63126310258863, 22.75097579956619], [120.63932593116394, 22.73564902432951], [120.634622614495, 22.71983048090342], [120.62910132970975, 22.713683378535766]]]}, "properties": {"county": "屏東縣", "town": "三地門鄉"}}, {"type": "Feature", "geometry": {"type": "Polygon", "coordinates": [[[120.70666223502649, 22.691198644097643], [120.7204216272691, 22.690187787263852], [120.73155183628066, 22.682128253048486], [120.74501909705317, 22.680570987115345], [120.7499853320452, 22.666610234627033], [120.74688873846193, 22.655463489000358], [120.76126160679182, 22.629782261331055], [120.78635570007508, 22.662976614116378], [120.78629727378106, 22.672238248350308], [120.79158485339022, 22.679177643912013], [120.78676468413325, 22.69275591003078], [120.80928802047946, 22.688384637236005], [120.8198923928448, 22.695597237347386], [120.83677759181771, 22.69707254191562], [120.84869655579858, 22.716961833131847], [120.88348941388982, 22.71704379449675], [120.89473647548942, 22.73758877663219], [120.89356794960894, 22.766767022537316], [120.90344199329898, 22.77753128179445], [120.90329592756392, 22.7998247730478], [120.89120168470097, 22.81162720959369], [120.86864913520775, 22.816845416492455], [120.8650851312723, 22.82479566888795], [120.86455929462608, 22.843100373716073], [120.85319538043842, 22.857607535303732], [120.84717747215396, 22.851952201125492], [120.83303830900017, 22.866268119528378], [120.82295977328106, 22.865721710429032], [120.8010791261691, 22.8510233056566], [120.79301629759381, 22.84230808052202], [120.7741738177711, 22.837936807727242], [120.7394685991209, 22.822118264301153], [120.74084161703045, 22.814304614180493], [120.72643953555357, 22.78449799781112], [120.71113184651931, 22.772422356715555], [120.71972051174082, 22.751112401841027], [120.70178363947548, 22.745866874487298], [120.70295216535597, 22.726851837830026], [120.71495876877788, 22.71630614221263], [120.70666223502649, 22.691198644097643]]]}, "properties": {"county": "屏東縣", "town": "霧臺鄉"}}, {"type": "Feature", "geometry": {"type": "Polygon", "coordinates": [[[120.63158444720577, 22.62467333625216], [120.6504853533225, 22.6451363570227], [120.65860660819182, 22.641885222881587], [120.66950311202727, 22.649698873002247], [120.6869141476464, 22.646037932036624], [120.69299048222489, 22.65409746625199], [120.7211519559444, 22.658168214042124], [120.73534954539221, 22.65092829347578], [120.74688873846193, 22.655463489000358], [120.7499853320452, 22.666610234627033], [120.74501909705317, 22.680570987115345], [120.73155183628066, 22.682128253048486], [120.7204216272691, 22.690187787263852], [120.70666223502649, 22.691198644097643], [120.6815097154492, 22.69925817831301], [120.6570875245472, 22.71332821262119], [120.64946289317707, 22.71065080803439], [120.6512156819978, 22.70283715791373], [120.63672596107986, 22.6895594167996], [120.62983165838504, 22.652321636679112], [120.62618001500856, 22.629126570411838], [120.63158444720577, 22.62467333625216]]]}, "properties": {"county": "屏東縣", "town": "瑪家鄉"}}, {"type": "Feature", "geometry": {"type": "Polygon", "coordinates": [[[120.6267642779488, 22.5427392918051], [120.64440901874401, 22.540171169038167], [120.64595731553564, 22.562136814831913], [120.67914345054122, 22.563584798945183], [120.69348710572409, 22.55743769657753], [120.69947580086153, 22.562027533012042], [120.72941927654878, 22.56246466029152], [120.7399360094731, 22.55833927159145], [120.74794041175437, 22.571070603606234], [120.74577863887548, 22.588337131145593], [120.75480550130217, 22.60156023134979], [120.75287743359938, 22.612078606512217], [120.76126160679182, 22.629782261331055], [120.74688873846193, 22.655463489000358], [120.73534954539221, 22.65092829347578], [120.7211519559444, 22.658168214042124], [120.69299048222489, 22.65409746625199], [120.6869141476464, 22.646037932036624], [120.66950311202727, 22.649698873002247], [120.65860660819182, 22.641885222881587], [120.6504853533225, 22.6451363570227], [120.63158444720577, 22.62467333625216], [120.63184736552887, 22.574977428666564], [120.62635529389063, 22.56730038082074], [120.6267642779488, 22.5427392918051]]]}, "properties": {"county": "屏東縣", "town": "泰武鄉"}}, {"type": "Feature", "geometry": {"type": "Polygon", "coordinates": [[[120.63357094120258, 22.524762432436585], [120.62106771428147, 22.506785573068075], [120.61838010475637, 22.48798910005054], [120.62133063260457, 22.477552686253016], [120.61522508487907, 22.466679145176013], [120.61867223622649, 22.46064132462823], [120.60909032400656, 22.445177947116715], [120.63263612049819, 22.435807031062915], [120.64160455663087, 22.432747140106574], [120.6502516481464, 22.443101592539197], [120.65919087113205, 22.44006902203782], [120.67435249443126, 22.44676253350482], [120.68565798232488, 22.446735213049852], [120.69754773315876, 22.456871101842736], [120.69877468533325, 22.468427654293922], [120.71989579062289, 22.468236411109153], [120.73052937613524, 22.445259908481617], [120.75150441568982, 22.45848300868581], [120.75746389768027, 22.48184199768289], [120.76435820037509, 22.49539294334669], [120.76085262273365, 22.503425157107092], [120.75387068059779, 22.510774359493308], [120.75001454519222, 22.534024066670515], [120.7394685991209, 22.551454516939682], [120.7399360094731, 22.55833927159145], [120.72941927654878, 22.56246466029152], [120.69947580086153, 22.562027533012042], [120.69348710572409, 22.55743769657753], [120.67914345054122, 22.563584798945183], [120.64595731553564, 22.562136814831913], [120.64440901874401, 22.540171169038167], [120.6267642779488, 22.5427392918051], [120.62425194730577, 22.529406909781034], [120.63357094120258, 22.524762432436585]]]}, "properties": {"county": "屏東縣", "town": "來義鄉"}}, {"type": "Feature", "geometry": {"type": "Polygon", "coordinates": [[[120.63263612049819, 22.435807031062915], [120.62518676801015, 22.426162910459443], [120.63208107070497, 22.414005307998977], [120.62498227598107, 22.407229835167076], [120.63549900890537, 22.396055769085432], [120.61613069243644, 22.387559107590587], [120.62267443736712, 22.369035839122727], [120.62022053301811, 22.36346246630939], [120.64023153872131, 22.35523900936422], [120.64140006460178, 22.351878593403235], [120.65939536316114, 22.341223615965973], [120.70239711556273, 22.348490856987286], [120.70797682664201, 22.353545141156243], [120.72629346981851, 22.358654066235136], [120.73380124860059, 22.367014125455146], [120.74347080026153, 22.367260009549852], [120.74750221454919, 22.37138539824992], [120.75550661683046, 22.403022485102102], [120.76494246331532, 22.40892370337505], [120.78033779179061, 22.40944279201943], [120.78962757254043, 22.417638928509632], [120.77502099903444, 22.44427637210279], [120.77645244323803, 22.44892084944724], [120.75819422635556, 22.45851032914078], [120.75150441568982, 22.45848300868581], [120.73052937613524, 22.445259908481617], [120.71989579062289, 22.468236411109153], [120.69877468533325, 22.468427654293922], [120.69754773315876, 22.456871101842736], [120.68565798232488, 22.446735213049852], [120.67435249443126, 22.44676253350482], [120.65919087113205, 22.44006902203782], [120.6502516481464, 22.443101592539197], [120.64160455663087, 22.432747140106574], [120.63263612049819, 22.435807031062915]]]}, "properties": {"county": "屏東縣", "town": "春日鄉"}}, {"type": "Feature", "geometry": {"type": "Polygon", "coordinates": [[[120.64140006460178, 22.351878593403235], [120.62501148912807, 22.34556756830578], [120.63617091128664, 22.31789194742386], [120.64473036336115, 22.30494205176934], [120.64484721594918, 22.289369392437955], [120.65334824172967, 22.265928442075975], [120.66964917776234, 22.244317962196806], [120.67888053221812, 22.219237784536784], [120.69532753398585, 22.197654625112584], [120.69272756390178, 22.18142627486198], [120.70140386856433, 22.146046285679272], [120.70029376897787, 22.142576587898418], [120.72424854952767, 22.11591182385029], [120.7360506609205, 22.118261382977483], [120.73824164694639, 22.14812264025679], [120.73254508327906, 22.174295636115502], [120.75556504312449, 22.176645195242696], [120.78410628775516, 22.19552362962513], [120.80175102855038, 22.20292747292128], [120.82290134698704, 22.206916259346514], [120.83800454399221, 22.213473168538673], [120.86622444400575, 22.21134217305122], [120.86642893603484, 22.229838121064112], [120.85865823892966, 22.240820943960987], [120.83978654595994, 22.243716912187523], [120.81518907617587, 22.263251037489173], [120.79973532140656, 22.257185896486423], [120.79818702461492, 22.27647413769337], [120.788605112395, 22.293986549327435], [120.77773782170655, 22.297975335752668], [120.77817601891174, 22.308493710915094], [120.7871152418974, 22.309204042744245], [120.79678479355834, 22.31832907470334], [120.79249046094759, 22.335622922697667], [120.78507032160655, 22.345512927395845], [120.76795141745755, 22.347398038788594], [120.7631896744946, 22.35895459123978], [120.74347080026153, 22.367260009549852], [120.73380124860059, 22.367014125455146], [120.72629346981851, 22.358654066235136], [120.70797682664201, 22.353545141156243], [120.70239711556273, 22.348490856987286], [120.65939536316114, 22.341223615965973], [120.64140006460178, 22.351878593403235]]]}, "properties": {"county": "屏東縣", "town": "獅子鄉"}}, {"type": "Feature", "geometry": {"type": "Polygon", "coordinates": [[[121.19420044550893, 22.936672931979224], [121.2183305049408, 22.9773530894256], [121.21590581373881, 23.009345342192358], [121.20898229789698, 23.00188685798627], [121.19896218847188, 23.001640973891565], [121.18082082417746, 22.986396160019787], [121.17416022665873, 22.98524870091116], [121.15715817509778, 22.996723291997444], [121.13092476908105, 22.9948381806047], [121.12219003812447, 22.981150632666058], [121.11842154215992, 22.971998280252], [121.12779896235077, 22.955687968636493], [121.11488675137149, 22.934350693307], [121.11599685095794, 22.92552618635255], [121.10924861399818, 22.91129222931456], [121.08570281750654, 22.899708356408407], [121.09160387320296, 22.89312412676128], [121.13147981887427, 22.892195231292387], [121.14728413140773, 22.894353547234807], [121.14281451991491, 22.910090129295998], [121.14678750790853, 22.918941956705417], [121.16244575470694, 22.933066631923534], [121.17451078442288, 22.93650900924942], [121.18269046558622, 22.93178257054007], [121.19420044550893, 22.936672931979224]]]}, "properties": {"county": "臺東縣", "town": "鹿野鄉"}}, {"type": "Feature", "geometry": {"type": "Polygon", "coordinates": [[[121.21207889148025, 23.144171787456198], [121.19507683991928, 23.157504169480262], [121.17810400150535, 23.154307676249083], [121.1743355055408, 23.147204357957573], [121.18041184011929, 23.137724160083906], [121.1752995393922, 23.122479346212128], [121.18695558504996, 23.111933650594732], [121.20045205896949, 23.073329847725876], [121.20053969841052, 23.0621011407343], [121.17944780626789, 23.03491728804179], [121.19501841362526, 23.029835683417865], [121.22557536539976, 23.026338665182045], [121.23173933941929, 23.035709581235842], [121.25359077338422, 23.080323884197515], [121.25464244667666, 23.088492700232752], [121.26437042463164, 23.103901436834335], [121.26711646045077, 23.11431053017689], [121.24941329336151, 23.13141313498645], [121.23842915008503, 23.128735730399647], [121.231067437038, 23.13919946465214], [121.21207889148025, 23.144171787456198]]]}, "properties": {"county": "臺東縣", "town": "池上鄉"}}, {"type": "Feature", "geometry": {"type": "Polygon", "coordinates": [[[120.90344199329898, 22.77753128179445], [120.92368670417827, 22.78212111822896], [120.9421201999428, 22.792338968386748], [120.95313355636631, 22.794852450243745], [120.97302770948144, 22.80889516409696], [120.99283422315555, 22.83654346452391], [121.01337106550496, 22.83364749629737], [121.02257320681372, 22.84137918505313], [121.04363588580934, 22.84569581693797], [121.05459081593881, 22.856760601199746], [121.07042434161929, 22.859902453520988], [121.08894547682488, 22.893670535860625], [121.10720369370733, 22.885747603920095], [121.14152914144638, 22.88550171982539], [121.15128633254837, 22.88170417658493], [121.15371102375036, 22.872251299166226], [121.16545470884917, 22.86777074455158], [121.17050858328224, 22.87099455823773], [121.19069486786749, 22.902194517810436], [121.18412190978981, 22.916428474848423], [121.19420044550893, 22.936672931979224], [121.18269046558622, 22.93178257054007], [121.17451078442288, 22.93650900924942], [121.16244575470694, 22.933066631923534], [121.14678750790853, 22.918941956705417], [121.14281451991491, 22.910090129295998], [121.14728413140773, 22.894353547234807], [121.13147981887427, 22.892195231292387], [121.09160387320296, 22.89312412676128], [121.08570281750654, 22.899708356408407], [121.10924861399818, 22.91129222931456], [121.11599685095794, 22.92552618635255], [121.11488675137149, 22.934350693307], [121.12779896235077, 22.955687968636493], [121.11842154215992, 22.971998280252], [121.12219003812447, 22.981150632666058], [121.1051587734165, 22.99060351008476], [121.0792174988699, 22.995985639713325], [121.05599304699538, 22.993035030576852], [121.04687854512765, 22.988226630502602], [121.02739337607069, 22.985631187280703], [121.01290365515275, 22.991067957819205], [120.98900730089699, 22.990521548719858], [120.97294007004041, 22.99524798742921], [120.9653446518173, 22.987215773668808], [120.96099189291252, 22.972052921161932], [120.94843023969739, 22.96142526417964], [120.93998764021093, 22.961452584634603], [120.92514736152886, 22.948311445795312], [120.90493186379659, 22.946699538952238], [120.88848486202886, 22.959048384597477], [120.86073237236751, 22.955250841357017], [120.84866734265157, 22.964649077865783], [120.83017542059301, 22.97033173249899], [120.82094406613723, 22.96096081644519], [120.82474177524878, 22.95246415495035], [120.82193731313563, 22.934979063771248], [120.83330122732329, 22.912275765693387], [120.82853948436033, 22.90522708831181], [120.84197753198583, 22.881212408395516], [120.8597391253691, 22.878371081078914], [120.86496827868424, 22.872196658256293], [120.85915486242887, 22.863454112666744], [120.86940867703005, 22.85793538076334], [120.86455929462608, 22.843100373716073], [120.8650851312723, 22.82479566888795], [120.86864913520775, 22.816845416492455], [120.89120168470097, 22.81162720959369], [120.90329592756392, 22.7998247730478], [120.90344199329898, 22.77753128179445]]]}, "properties": {"county": "臺東縣", "town": "延平鄉"}}, {"type": "Feature", "geometry": {"type": "Polygon", "coordinates": [[[121.51738549090214, 23.71216404622727], [121.50561259265632, 23.710115012104716], [121.48119040175433, 23.696290861891242], [121.4639838581643, 23.67645621158495], [121.4518019758603, 23.676073725215407], [121.4197551535882, 23.68694726629241], [121.40371713587864, 23.68899630041496], [121.37318939725115, 23.688641134500386], [121.37056021402007, 23.676292288855144], [121.37862304259538, 23.660992834073433], [121.37938258441768, 23.64309793606982], [121.36901191722845, 23.63528428594916], [121.36796024393601, 23.62110496982111], [121.35811541339298, 23.605423028669858], [121.36638273399737, 23.593893796673637], [121.37760058244996, 23.58799257840069], [121.40599576134558, 23.584659482894676], [121.42530565152047, 23.587883296580824], [121.43079772315872, 23.596079433071026], [121.44385599987307, 23.598237749013446], [121.4476244958376, 23.60823703553149], [121.4654737286619, 23.61331864015542], [121.47794774243602, 23.63460127457498], [121.49147342950255, 23.647879015689107], [121.50371373810054, 23.64397219062878], [121.51329565032047, 23.655009654435585], [121.52410451471489, 23.68044499801018], [121.51738549090214, 23.71216404622727]]]}, "properties": {"county": "花蓮縣", "town": "光復鄉"}}, {"type": "Feature", "geometry": {"type": "Polygon", "coordinates": [[[121.35811541339298, 23.605423028669858], [121.3523019971376, 23.598784158112792], [121.35811541339298, 23.576354064584603], [121.37450398886669, 23.55703850292269], [121.37631520398143, 23.54862380279275], [121.36276030376789, 23.526357631994365], [121.34882563264318, 23.52578390244005], [121.34552454703083, 23.49089568144675], [121.33719880013243, 23.490403913257342], [121.32525062300454, 23.467236167445034], [121.34368411876908, 23.45710027865215], [121.35040314258183, 23.443057564798934], [121.36246817229777, 23.43507999194847], [121.37199165822366, 23.454969283164697], [121.387503839287, 23.473902358457064], [121.40418454623084, 23.485513551818187], [121.41110806207267, 23.495786042885907], [121.41832370938462, 23.493163279209043], [121.41458442656709, 23.48062319037903], [121.43827628879377, 23.47589675166968], [121.44581328072286, 23.451772789933518], [121.46223106934357, 23.454395553610382], [121.46655461510134, 23.465815503786732], [121.46450969481052, 23.475814790304778], [121.47435452535353, 23.487917751855313], [121.48285555113402, 23.48310935178106], [121.48939929606469, 23.50512963848474], [121.4845207005137, 23.51592121819684], [121.49226218447187, 23.54274990497477], [121.48311846945712, 23.545208745921833], [121.45308735432884, 23.542640623154902], [121.42860673713282, 23.550153748270922], [121.42314387864158, 23.56744759626525], [121.42530565152047, 23.587883296580824], [121.40599576134558, 23.584659482894676], [121.37760058244996, 23.58799257840069], [121.36638273399737, 23.593893796673637], [121.35811541339298, 23.605423028669858]]]}, "properties": {"county": "花蓮縣", "town": "瑞穗鄉"}}, {"type": "Feature", "geometry": {"type": "Polygon", "coordinates": [[[121.35685924807147, 23.237197936620003], [121.35951764444955, 23.252797916406355], [121.37792192706709, 23.26959999621127], [121.37713317209777, 23.283533428244617], [121.35431770428143, 23.283533428244617], [121.34771553305673, 23.278916271355136], [121.33532915872367, 23.29779470573757], [121.32507534412247, 23.292931664753382], [121.31350693790574, 23.276457430408072], [121.29965990622208, 23.277659530426636], [121.28093427898742, 23.26126725744623], [121.27719499616988, 23.257797559665377], [121.26711646045077, 23.230176579693396], [121.26717488674478, 23.22170723865352], [121.24491446872167, 23.187747913129108], [121.24161338310932, 23.17889608571969], [121.22943150080535, 23.16695704689896], [121.22060913040774, 23.150291569368882], [121.21207889148025, 23.144171787456198], [121.231067437038, 23.13919946465214], [121.23842915008503, 23.128735730399647], [121.24941329336151, 23.13141313498645], [121.26711646045077, 23.11431053017689], [121.26437042463164, 23.103901436834335], [121.27862644037347, 23.101114750427662], [121.28441064348183, 23.106551520966164], [121.30342840218661, 23.11114135740068], [121.31578556337267, 23.109748014197343], [121.3219787505392, 23.117233818858395], [121.32037202745354, 23.13775148053887], [121.3244034417412, 23.148980187530448], [121.31750913904638, 23.164361603677065], [121.32378996565394, 23.17837699707531], [121.3349201746655, 23.177912549340867], [121.34689756494039, 23.20922179073344], [121.34657622032327, 23.21714472267397], [121.3559536405141, 23.223892875050904], [121.35685924807147, 23.237197936620003]]]}, "properties": {"county": "花蓮縣", "town": "富里鄉"}}, {"type": "Feature", "geometry": {"type": "Polygon", "coordinates": [[[119.60617377393928, 23.58526053290396], [119.59936711068549, 23.576955114593886], [119.58747735985162, 23.57195547133486], [119.58262797744764, 23.583238819236374], [119.56197428251019, 23.583730587425787], [119.56621018882693, 23.57337613499316], [119.57953138386438, 23.563376848475116], [119.57301685208071, 23.54624692321059], [119.59212225022652, 23.55274919149282], [119.60298954091498, 23.540892114036993], [119.57412695166717, 23.519855363712136], [119.57181911305322, 23.508653977175527], [119.58952228014246, 23.512752045420626], [119.60801420220102, 23.50914574536494], [119.60445019826557, 23.525155531975802], [119.61298043719306, 23.537039929886596], [119.63468580542293, 23.551055323284842], [119.60938722011059, 23.560590162068447], [119.61078945116716, 23.580370171464804], [119.60617377393928, 23.58526053290396]]]}, "properties": {"county": "澎湖縣", "town": "馬公市"}}, {"type": "Feature", "geometry": {"type": "MultiPolygon", "coordinates": [[[[119.61262987942891, 23.605996758224173], [119.61359391328031, 23.619465742523072], [119.60588164246916, 23.620968367546276], [119.59922104495043, 23.63632246323792], [119.60374908273728, 23.64949092253218], [119.6123669611058, 23.652769377128262], [119.59559861472094, 23.673724166088217], [119.58236505912453, 23.677521709328676], [119.56968655332135, 23.67099212059148], [119.55519683240342, 23.66853327964442], [119.55399909337592, 23.657577777202516], [119.54485537836119, 23.646540313395707], [119.54500144409624, 23.646485672485774], [119.55446650372812, 23.657523136292582], [119.57774938189664, 23.662522779551605], [119.5937873996062, 23.641540670136685], [119.59749746927672, 23.615586237917707], [119.61227932166477, 23.606024078679138], [119.61262987942891, 23.605996758224173]]], [[[119.61233774795879, 23.756013376449854], [119.59740982983568, 23.741888701231737], [119.60021429194883, 23.73475806248526], [119.62279605458907, 23.74800848314442], [119.61233774795879, 23.756013376449854]]]]}, "properties": {"county": "澎湖縣", "town": "白沙鄉"}}, {"type": "Feature", "geometry": {"type": "Polygon", "coordinates": [[[119.54485537836119, 23.646540313395707], [119.53057014947234, 23.63921843146446], [119.51158160391458, 23.64766045204937], [119.49928286902255, 23.62009411298732], [119.50445359604366, 23.587364207936442], [119.50086037896119, 23.576217462309767], [119.4889122018333, 23.570043039487146], [119.51076363579824, 23.56444234621884], [119.51520403414406, 23.57452359410179], [119.51228271944287, 23.59219992846566], [119.5231207969843, 23.601762087704234], [119.52034554801816, 23.609439135550055], [119.52227361572095, 23.631350140433867], [119.54021048798629, 23.634054865475633], [119.54500144409624, 23.646485672485774], [119.54485537836119, 23.646540313395707]]]}, "properties": {"county": "澎湖縣", "town": "西嶼鄉"}}, {"type": "Feature", "geometry": {"type": "Polygon", "coordinates": [[[119.49373237109027, 23.397241161818698], [119.49174587709346, 23.379045738810447], [119.49455033920661, 23.365303549961876], [119.49060656436, 23.353118627046438], [119.50740412389186, 23.353910920240494], [119.50804681312613, 23.390711573081504], [119.49373237109027, 23.397241161818698]]]}, "properties": {"county": "澎湖縣", "town": "望安鄉"}}, {"type": "Feature", "geometry": {"type": "Polygon", "coordinates": [[[119.4402430989114, 23.22137939319391], [119.40951086825481, 23.216297788569985], [119.42061186411937, 23.203320572460495], [119.42370845770263, 23.19165473818944], [119.44217116661417, 23.207036154336055], [119.4402430989114, 23.22137939319391]]]}, "properties": {"county": "澎湖縣", "town": "七美鄉"}}, {"type": "Feature", "geometry": {"type": "Polygon", "coordinates": [[[121.75000978055832, 25.10965995871682], [121.73917170301688, 25.106763990490283], [121.73192684255791, 25.11348482241225], [121.73046618520732, 25.113102336042704], [121.71954046822485, 25.10031636311799], [121.72912238044476, 25.09138257434367], [121.72357188251249, 25.076930053665944], [121.7282167728874, 25.0549644078722], [121.73008641429615, 25.053352501029124], [121.74589072682963, 25.05299733511455], [121.76233772859734, 25.056986121539783], [121.77568813678181, 25.070045299014172], [121.75912428242604, 25.08447049923693], [121.75988382424835, 25.100534926757728], [121.75000978055832, 25.10965995871682]]]}, "properties": {"county": "基隆市", "town": "暖暖區"}}, {"type": "Feature", "geometry": {"type": "Polygon", "coordinates": [[[121.55769963377864, 25.045211005448856], [121.54385260209497, 25.044910480444216], [121.53321901658262, 25.04537492817866], [121.5326639667894, 25.033709093907607], [121.52173824980693, 25.0280264392744], [121.5370751519882, 25.011279000379417], [121.56596695438301, 25.008109827603207], [121.55261654619855, 25.02439281876374], [121.5573782891615, 25.02941978247773], [121.55769963377864, 25.045211005448856]]]}, "properties": {"county": "臺北市", "town": "大安區"}}, {"type": "Feature", "geometry": {"type": "Polygon", "coordinates": [[[121.5370751519882, 25.011279000379417], [121.53184599867306, 25.008656236702553], [121.53137858832086, 24.995433136498356], [121.531699932938, 24.990515454604235], [121.55390192466709, 24.984368352236583], [121.56120521142007, 24.964697624660097], [121.57864546018621, 24.966582736052843], [121.59707895595075, 24.960517595050092], [121.60920241196071, 24.96404193374088], [121.61998206320811, 24.96928746109461], [121.60020476268102, 24.976937188485465], [121.59561829860014, 25.00715361167935], [121.59725423483282, 25.014366211790726], [121.57803198409896, 25.01384712314635], [121.56596695438301, 25.008109827603207], [121.5370751519882, 25.011279000379417]]]}, "properties": {"county": "臺北市", "town": "文山區"}}, {"type": "Feature", "geometry": {"type": "Polygon", "coordinates": [[[120.28596370490737, 22.631749334088703], [120.28517494993805, 22.634727263680144], [120.27705369506873, 22.623225352138892], [120.2901703980771, 22.614947254283788], [120.29028725066514, 22.62054794755209], [120.28596370490737, 22.631749334088703]]]}, "properties": {"county": "高雄市", "town": "鹽埕區"}}, {"type": "Feature", "geometry": {"type": "Polygon", "coordinates": [[[120.31675436185797, 22.634290136400665], [120.29709391391893, 22.636065965973543], [120.30214778835199, 22.619919577087842], [120.31213868463009, 22.62325267259386], [120.31675436185797, 22.634290136400665]]]}, "properties": {"county": "高雄市", "town": "新興區"}}, {"type": "Feature", "geometry": {"type": "Polygon", "coordinates": [[[120.29028725066514, 22.62054794755209], [120.30214778835199, 22.619919577087842], [120.29709391391893, 22.636065965973543], [120.28596370490737, 22.631749334088703], [120.29028725066514, 22.62054794755209]]]}, "properties": {"county": "高雄市", "town": "前金區"}}, {"type": "Feature", "geometry": {"type": "Polygon", "coordinates": [[[120.33927769820419, 22.584539587905134], [120.32572279799064, 22.58505867654951], [120.32288912273047, 22.596451306270897], [120.33831366435278, 22.605494376865085], [120.32697896331216, 22.612379131516857], [120.31771839570936, 22.618280349789803], [120.29662650356673, 22.609483163290317], [120.28885580646156, 22.61101310876849], [120.27760874486195, 22.61109507013339], [120.29697706133088, 22.58259983560245], [120.31710491962211, 22.55907692387557], [120.33366877397789, 22.573529444553294], [120.33927769820419, 22.584539587905134]]]}, "properties": {"county": "高雄市", "town": "前鎮區"}}, {"type": "Feature", "geometry": {"type": "MultiPolygon", "coordinates": [[[[121.9597017498101, 24.844924750083262], [121.94754908065312, 24.851263095635687], [121.94021658075312, 24.83855908407587], [121.94801649100532, 24.835335270389724], [121.9597017498101, 24.844924750083262]]], [[[121.82029661226906, 24.807249842683294], [121.83060885316428, 24.850470802441635], [121.85135018754276, 24.89011278259925], [121.86049390255751, 24.894456734939055], [121.8853835038117, 24.91890854213483], [121.88786662130771, 24.935109571930465], [121.91626180020332, 24.951857010825446], [121.92558079410013, 24.96857712926546], [121.95829951875352, 24.982619843118673], [121.96601178956467, 24.983084290853117], [121.95035354276627, 24.98832981820685], [121.92227970848778, 24.978603736238473], [121.90282375257783, 24.974369065718534], [121.89718561520452, 24.967074504242255], [121.87153647212803, 24.96073615868983], [121.86122423123281, 24.963686767826303], [121.84714349437304, 24.960353672320288], [121.83984020762006, 24.942212890221974], [121.84664687087384, 24.937841617427196], [121.85210972936508, 24.923744262664048], [121.83180659219177, 24.90492046919155], [121.81051020802006, 24.90366372826305], [121.79339130387106, 24.89975690320272], [121.78167683191927, 24.8894024507701], [121.7832251287109, 24.874212277808255], [121.76917360499814, 24.865906859498182], [121.76096471068779, 24.85669986617419], [121.74738059732724, 24.85369461612778], [121.75845238004476, 24.85063472517144], [121.77267918263958, 24.856508622989416], [121.77872630407106, 24.84487010917333], [121.8013372798583, 24.825964354335927], [121.81430791713161, 24.81894299740932], [121.81658654259854, 24.807714290417742], [121.82029661226906, 24.807249842683294]]]]}, "properties": {"county": "宜蘭縣", "town": "頭城鎮"}}, {"type": "Feature", "geometry": {"type": "Polygon", "coordinates": [[[121.79584520822006, 24.60130825313946], [121.79309917240094, 24.599286539471876], [121.76584330623879, 24.616088619276795], [121.75702093584118, 24.61912118977817], [121.74784800767942, 24.61313801014032], [121.73438074690691, 24.621416107995426], [121.72444827692286, 24.618219614764246], [121.72380558768859, 24.6083022896111], [121.73408861543679, 24.592155900725402], [121.76078943180572, 24.576583241394015], [121.74796486026747, 24.565545777587207], [121.73639645405073, 24.56606486623159], [121.72663926294875, 24.572785698153552], [121.7152753487611, 24.572976941338325], [121.70516759989496, 24.58092719373382], [121.6901228291838, 24.573605311802574], [121.68439705236946, 24.564043152564004], [121.66844667410095, 24.557131077457267], [121.66181528972923, 24.525029542870637], [121.65629400494397, 24.510740944922716], [121.64826038951568, 24.50371958799611], [121.63105384592565, 24.49806425381787], [121.61600907521449, 24.461646087346402], [121.58536448399896, 24.467656587439215], [121.57405899610532, 24.459542412313915], [121.55825468357186, 24.459323848674178], [121.54545932518063, 24.463476557829214], [121.50756987350613, 24.457356775916526], [121.49635202505354, 24.458394953205286], [121.48399486386748, 24.45293086221182], [121.47739269264278, 24.443505305248085], [121.45875470484916, 24.428697618655786], [121.4581412287619, 24.414518302527732], [121.44721551177943, 24.408835647894527], [121.43693248403123, 24.382935856585483], [121.45200646788939, 24.3646857926673], [121.46494789201569, 24.355560760708208], [121.48545552121809, 24.348375481051796], [121.49813402702127, 24.339223128637734], [121.52214723386508, 24.343020671878197], [121.55606369754597, 24.331136273967402], [121.5600658986866, 24.322639612472557], [121.60704063908182, 24.31264032595451], [121.59655311930453, 24.32815834437596], [121.60756647572804, 24.3352343422125], [121.61571694374437, 24.33321262854492], [121.62030340782525, 24.345315590095453], [121.62170563888182, 24.36662554496998], [121.6309369933376, 24.37055969048528], [121.66646018010412, 24.347528546947807], [121.675925239736, 24.337447299064856], [121.6839880683113, 24.340780394570874], [121.71434052805671, 24.32673768071766], [121.74472220094914, 24.322858176112295], [121.75909506927903, 24.314224912342617], [121.77405220054915, 24.31529041008634], [121.77089718067185, 24.332584258080672], [121.77355557704995, 24.343731003707347], [121.78702283782245, 24.37249944278796], [121.79114189155113, 24.408234597885244], [121.80046088544795, 24.431375023242584], [121.78784080593879, 24.44121038703083], [121.78094650324397, 24.457711941831104], [121.80370354476628, 24.465607553316666], [121.820121333387, 24.48016935581426], [121.82935268784277, 24.507489810781603], [121.82908976951965, 24.51462044952808], [121.84895470948778, 24.537023222601302], [121.83461105430492, 24.55114789781942], [121.82295500864716, 24.551475743279028], [121.81471690118978, 24.55893422748511], [121.81503824580692, 24.578741557336436], [121.80659564632046, 24.593030155284357], [121.79584520822006, 24.60130825313946]]]}, "properties": {"county": "宜蘭縣", "town": "南澳鄉"}}, {"type": "Feature", "geometry": {"type": "Polygon", "coordinates": [[[121.06145590548662, 24.786486296908116], [121.06201095527985, 24.80257804488388], [121.05865144337348, 24.814790288254283], [121.042817917693, 24.82137451790141], [121.02745180236471, 24.831647008969135], [121.02759786809978, 24.84093596365803], [121.01360477068104, 24.850716686536337], [120.99262973112647, 24.864759400389552], [120.9826972611424, 24.862983570816677], [120.96423455223085, 24.879485125616952], [120.9467358771707, 24.880168136991134], [120.94296738120615, 24.87221788459564], [120.92520578782289, 24.85481475478144], [120.94042583741611, 24.84997903425222], [120.9448078094679, 24.841072565932866], [120.95529532924519, 24.834379054465867], [120.98144109582088, 24.831209881689656], [120.99105222118783, 24.82399728157828], [121.00037121508464, 24.822057529275597], [121.02117097575714, 24.8020589562395], [121.03314836603204, 24.800283126666624], [121.06145590548662, 24.786486296908116]]]}, "properties": {"county": "新竹縣", "town": "竹北市"}}, {"type": "Feature", "geometry": {"type": "Polygon", "coordinates": [[[121.0462358558934, 24.942431453861712], [121.03793932214201, 24.946392919831975], [121.01938897378942, 24.940409740194127], [121.00706102575037, 24.94622899710217], [120.98991290845436, 24.936011146944384], [120.98202535876113, 24.93997261291465], [120.96966819757507, 24.9284707013734], [120.95885933318065, 24.902871435069], [120.9467358771707, 24.880168136991134], [120.96423455223085, 24.879485125616952], [120.9826972611424, 24.862983570816677], [120.99262973112647, 24.864759400389552], [121.01900920287827, 24.88863747803101], [121.02791921271691, 24.91716003301692], [121.0462358558934, 24.942431453861712]]]}, "properties": {"county": "新竹縣", "town": "新豐鄉"}}, {"type": "Feature", "geometry": {"type": "Polygon", "coordinates": [[[120.74840782210656, 24.404710259194456], [120.72863052157946, 24.40932741608394], [120.71113184651931, 24.434352952834026], [120.68457709588544, 24.445335775730896], [120.67852997445397, 24.452466414477374], [120.64543147888944, 24.4643234919332], [120.62185646925079, 24.44028149156194], [120.63964727578106, 24.427768723186894], [120.64873256450178, 24.409545979723678], [120.66363126947788, 24.402306059157333], [120.69193880893245, 24.36829209272299], [120.70727571111372, 24.35788299938043], [120.71825985439023, 24.35583396525788], [120.7243361889687, 24.35411277659494], [120.73272036216113, 24.379630081534437], [120.74840782210656, 24.404710259194456]]]}, "properties": {"county": "苗栗縣", "town": "苑裡鎮"}}, {"type": "Feature", "geometry": {"type": "Polygon", "coordinates": [[[120.76327731393565, 24.487218033195834], [120.75588638774161, 24.492600162824402], [120.75033588980935, 24.507380528961733], [120.73461921671692, 24.536804658961564], [120.7343562983938, 24.546257536380264], [120.7270237984938, 24.560027045683803], [120.71694526277469, 24.57303158224826], [120.70455888844162, 24.572867659518458], [120.69334103998904, 24.54885297960216], [120.68466473532648, 24.521368601905014], [120.66842222558783, 24.49981276293578], [120.66497507424043, 24.4844859876991], [120.64543147888944, 24.4643234919332], [120.67852997445397, 24.452466414477374], [120.68457709588544, 24.445335775730896], [120.71113184651931, 24.434352952834026], [120.72863052157946, 24.40932741608394], [120.74840782210656, 24.404710259194456], [120.75129992366074, 24.428397093651142], [120.75600324032966, 24.449679728070706], [120.75124149736672, 24.46607200105111], [120.76327731393565, 24.487218033195834]]]}, "properties": {"county": "苗栗縣", "town": "通霄鎮"}}, {"type": "Feature", "geometry": {"type": "Polygon", "coordinates": [[[120.87694566895914, 24.647862308403813], [120.88249616689141, 24.68348818168123], [120.89108483211292, 24.691329152256856], [120.88594331823882, 24.702339295608695], [120.9242709671185, 24.704606893370986], [120.93426186339659, 24.713130875320797], [120.91629577798425, 24.72154557545074], [120.90586668450098, 24.74066989392788], [120.89721959298544, 24.733348011996632], [120.88103550954081, 24.733293371086695], [120.87455019090416, 24.738347655255655], [120.86236830860018, 24.72362193002826], [120.85614590828663, 24.7025032183385], [120.82436200433763, 24.673652817892986], [120.84016631687109, 24.665729885952455], [120.84638871718464, 24.662314829081538], [120.8650851312723, 24.666221654141868], [120.86929182444202, 24.65294391302774], [120.87694566895914, 24.647862308403813]]]}, "properties": {"county": "苗栗縣", "town": "竹南鎮"}}, {"type": "Feature", "geometry": {"type": "Polygon", "coordinates": [[[120.84370110765954, 24.586473246092194], [120.83540457390815, 24.598794771282464], [120.83975733281292, 24.60327532589711], [120.8321034882958, 24.60707286913757], [120.82924059988862, 24.625322933055756], [120.82249236292887, 24.62362906484778], [120.81904521158145, 24.639638851458642], [120.8255013170711, 24.64368227879381], [120.84016631687109, 24.665729885952455], [120.82436200433763, 24.673652817892986], [120.78857589924799, 24.66701394733592], [120.77642323009101, 24.660894165423237], [120.75769760285635, 24.64152396285139], [120.75594481403564, 24.63147003542341], [120.74583706516951, 24.621743953455034], [120.73821243379939, 24.62086969889608], [120.72997432634202, 24.610843091923062], [120.71580595004122, 24.600980407679852], [120.70455888844162, 24.572867659518458], [120.71694526277469, 24.57303158224826], [120.7270237984938, 24.560027045683803], [120.73219452551493, 24.568141220809107], [120.75287743359938, 24.581227718738464], [120.76397842946393, 24.579752414170226], [120.77840972408784, 24.56934332082767], [120.78042543123165, 24.581938050567615], [120.79926791105436, 24.588221755210103], [120.80721388704161, 24.599013334922205], [120.82374852825038, 24.5974287485341], [120.84370110765954, 24.586473246092194]]]}, "properties": {"county": "苗栗縣", "town": "後龍鎮"}}, {"type": "Feature", "geometry": {"type": "Polygon", "coordinates": [[[120.47739745727668, 24.102464065890736], [120.46726049526355, 24.107463709149762], [120.45271234805159, 24.126314823077227], [120.43629455943088, 24.124101866224873], [120.39843432090338, 24.123664738945394], [120.38181204025358, 24.09686337262243], [120.38414909201454, 24.087683699753402], [120.36334933134204, 24.080853586011568], [120.35017420203964, 24.0713733881379], [120.34246193122848, 24.053806335593897], [120.36811107430498, 24.05678426518534], [120.40518255786314, 24.057603878834357], [120.42124978871972, 24.05325992649455], [120.4671436426755, 24.05183926283625], [120.47970529589062, 24.05399757877867], [120.48169178988745, 24.068368138091493], [120.49276357260497, 24.077219965500912], [120.48619061452729, 24.097327820356874], [120.47739745727668, 24.102464065890736]]]}, "properties": {"county": "彰化縣", "town": "鹿港鎮"}}, {"type": "Feature", "geometry": {"type": "Polygon", "coordinates": [[[120.47970529589062, 24.05399757877867], [120.4671436426755, 24.05183926283625], [120.42124978871972, 24.05325992649455], [120.40518255786314, 24.057603878834357], [120.36811107430498, 24.05678426518534], [120.34246193122848, 24.053806335593897], [120.34184845514123, 24.04790511732095], [120.37409976944242, 24.037687267163165], [120.38753781706792, 24.016104107738965], [120.38975801624083, 24.007662087154053], [120.40880498809263, 23.99872829837973], [120.41254427091016, 23.99640605970751], [120.42493064524322, 23.993674014210775], [120.42864071491374, 24.01460148271576], [120.4353889518735, 24.022797619205964], [120.4468697186492, 24.023808476039754], [120.46273245747669, 24.01255244859321], [120.49191639134163, 24.00943791672693], [120.49457478771971, 24.005886257581178], [120.49571410045318, 24.015475737274716], [120.48224683968067, 24.024710051053678], [120.49150740728346, 24.029163285213354], [120.48286031576792, 24.040173428565193], [120.47970529589062, 24.05399757877867]]]}, "properties": {"county": "彰化縣", "town": "福興鄉"}}, {"type": "Feature", "geometry": {"type": "Polygon", "coordinates": [[[120.16776731209701, 23.75696959237371], [120.1657808181002, 23.741888701231737], [120.15581913496914, 23.719431287248582], [120.14690912513049, 23.706754596143732], [120.14100806943406, 23.68754831630169], [120.16040559905001, 23.69940539375752], [120.1831334274253, 23.70175495288471], [120.17790427411016, 23.68448842534535], [120.1914007480297, 23.669216291018603], [120.20399161439184, 23.66123871816814], [120.21842290901574, 23.658014904481995], [120.22832616585279, 23.678860411622075], [120.23338004028587, 23.69609961870647], [120.22484980135837, 23.70227404152909], [120.23332161399183, 23.717436894035966], [120.24293273935876, 23.725359825976494], [120.23746988086754, 23.737981876171407], [120.24269903418268, 23.7444295035437], [120.23910581710021, 23.751396219560373], [120.22388576750697, 23.76194191517777], [120.20863650476674, 23.761969235632733], [120.20124557857271, 23.756751028733973], [120.16776731209701, 23.75696959237371]]]}, "properties": {"county": "雲林縣", "town": "臺西鄉"}}, {"type": "Feature", "geometry": {"type": "Polygon", "coordinates": [[[120.28175701173765, 23.63386362229086], [120.2806469121512, 23.647960977054012], [120.27457057757272, 23.660774270433695], [120.27757953171495, 23.6716478115107], [120.270363884403, 23.671238004686188], [120.25721796824762, 23.657195290832973], [120.23709010995638, 23.653780233962056], [120.21842290901574, 23.658014904481995], [120.20399161439184, 23.66123871816814], [120.1914007480297, 23.669216291018603], [120.17790427411016, 23.68448842534535], [120.1831334274253, 23.70175495288471], [120.16040559905001, 23.69940539375752], [120.14100806943406, 23.68754831630169], [120.1352238663257, 23.667139936441085], [120.1239475915791, 23.643207217889692], [120.1149499422994, 23.63624050187302], [120.12353860752093, 23.62184262210523], [120.13721036032251, 23.620640522086667], [120.14544846777989, 23.620039472077387], [120.15505959314682, 23.6274706358285], [120.16531340774802, 23.628153647202687], [120.1777289952281, 23.6219519039251], [120.20180062836594, 23.617143503850848], [120.19943436345797, 23.594248962588214], [120.21453756046316, 23.58687243974703], [120.21845212216276, 23.60015018086116], [120.24719785882252, 23.618017758409803], [120.25342025913606, 23.633016688186874], [120.26741335655478, 23.63017536087027], [120.28175701173765, 23.63386362229086]]]}, "properties": {"county": "雲林縣", "town": "四湖鄉"}}, {"type": "Feature", "geometry": {"type": "MultiPolygon", "coordinates": [[[[120.08109190491255, 23.524117354687043], [120.06379772188149, 23.515019643182917], [120.03785644733487, 23.496851540629635], [120.00031755342451, 23.472946142533207], [119.99689961522412, 23.465760862876795], [120.0080882505297, 23.451964033118287], [120.02345436585799, 23.46573354242183], [120.02976440561257, 23.479585013090272], [120.04515973408786, 23.477262774418048], [120.06926058037271, 23.491278167816297], [120.08214357820499, 23.51187779086167], [120.08109190491255, 23.524117354687043]]], [[[120.18249073819104, 23.50985607719409], [120.19087491138347, 23.52898039567123], [120.19908380569383, 23.527669013832796], [120.19864560848865, 23.553814689236546], [120.20594889524163, 23.566573341706295], [120.19855796904761, 23.571190498595776], [120.21453756046316, 23.58687243974703], [120.19943436345797, 23.594248962588214], [120.20180062836594, 23.617143503850848], [120.1777289952281, 23.6219519039251], [120.16531340774802, 23.628153647202687], [120.15505959314682, 23.6274706358285], [120.14544846777989, 23.620039472077387], [120.13721036032251, 23.620640522086667], [120.14167997181535, 23.592281889830563], [120.14311141601893, 23.567666159904988], [120.13957662523049, 23.54966198008151], [120.15026863703686, 23.531931004807703], [120.14582823869104, 23.520811579635993], [120.16656957306952, 23.51723260003527], [120.18249073819104, 23.50985607719409]]]]}, "properties": {"county": "雲林縣", "town": "口湖鄉"}}, {"type": "Feature", "geometry": {"type": "Polygon", "coordinates": [[[120.15996740184482, 23.405382657398967], [120.16177861695957, 23.394372514047127], [120.15733821861375, 23.38497427753836], [120.13163064924323, 23.384783034353593], [120.12803743216077, 23.36358236129893], [120.11804653588268, 23.34016873139192], [120.16262579822292, 23.309979628653004], [120.18059188363526, 23.32306612658236], [120.17612227214244, 23.341862599599896], [120.1894726803269, 23.361806531726057], [120.19660068819782, 23.365221588596974], [120.20726348685717, 23.3797560706396], [120.22695314794323, 23.381449938847574], [120.23089692278984, 23.4038527119208], [120.23574630519383, 23.407595614251324], [120.22812167382371, 23.41885164169787], [120.21886110622093, 23.422922389488], [120.22040940301255, 23.441800823870437], [120.20621181356475, 23.452947569497113], [120.20717584741614, 23.424233771326435], [120.19963885548705, 23.418496475783293], [120.18807044927033, 23.42325023494761], [120.17384364667551, 23.4106281847527], [120.15996740184482, 23.405382657398967]]]}, "properties": {"county": "嘉義縣", "town": "布袋鎮"}}, {"type": "Feature", "geometry": {"type": "Polygon", "coordinates": [[[120.46854587373207, 22.489409763708842], [120.46188527621334, 22.479410477190797], [120.43497996781534, 22.464630111053463], [120.43600242796076, 22.4594938655196], [120.45855497745399, 22.43935869020867], [120.480581690301, 22.426873242288593], [120.48703779579063, 22.43597095379272], [120.49618151080537, 22.43618951743246], [120.50167358244362, 22.460477401898427], [120.50135223782648, 22.473755143012557], [120.48724228781971, 22.48058525675439], [120.49314334351612, 22.491977886475773], [120.47976372218466, 22.50047454797062], [120.46854587373207, 22.489409763708842]]]}, "properties": {"county": "屏東縣", "town": "東港鎮"}}, {"type": "Feature", "geometry": {"type": "Polygon", "coordinates": [[[120.54017651020537, 22.39720322819406], [120.58557374066194, 22.369391005037304], [120.59895336199341, 22.3557580980086], [120.60538025433604, 22.34073184777656], [120.61814639958027, 22.350539891109836], [120.64023153872131, 22.35523900936422], [120.62022053301811, 22.36346246630939], [120.62267443736712, 22.369035839122727], [120.61613069243644, 22.387559107590587], [120.63549900890537, 22.396055769085432], [120.62498227598107, 22.407229835167076], [120.63208107070497, 22.414005307998977], [120.62518676801015, 22.426162910459443], [120.63263612049819, 22.435807031062915], [120.60909032400656, 22.445177947116715], [120.5962073261743, 22.448128556253188], [120.57657609138226, 22.45774535640169], [120.56702339230935, 22.429659928695262], [120.57619632047111, 22.414551717098323], [120.56477397998944, 22.409169587469755], [120.56576722698784, 22.401738423718637], [120.54017651020537, 22.39720322819406]]]}, "properties": {"county": "屏東縣", "town": "枋寮鄉"}}, {"type": "Feature", "geometry": {"type": "Polygon", "coordinates": [[[120.44073495777668, 22.5576289397623], [120.42747218903327, 22.53426995076522], [120.42285651180538, 22.518478727794097], [120.42571940021254, 22.498152309298394], [120.42446323489104, 22.468728179298566], [120.43497996781534, 22.464630111053463], [120.46188527621334, 22.479410477190797], [120.46854587373207, 22.489409763708842], [120.46553691958984, 22.505747395779316], [120.47175931990338, 22.51678485958612], [120.48443782570656, 22.5266748642843], [120.47818621224602, 22.53110077798901], [120.48119516638825, 22.55588043064439], [120.47663791545438, 22.5603063443491], [120.44073495777668, 22.5576289397623]]]}, "properties": {"county": "屏東縣", "town": "新園鄉"}}, {"type": "Feature", "geometry": {"type": "Polygon", "coordinates": [[[120.5414618886739, 22.46310016557529], [120.54277648028943, 22.467881245194576], [120.52890023545876, 22.46105113145274], [120.50167358244362, 22.460477401898427], [120.49618151080537, 22.43618951743246], [120.48703779579063, 22.43597095379272], [120.480581690301, 22.426873242288593], [120.51032067395916, 22.41190163296649], [120.52504410005318, 22.42998777415487], [120.52580364187548, 22.44883888808234], [120.53304850233445, 22.44963118127639], [120.5414618886739, 22.46310016557529]]]}, "properties": {"county": "屏東縣", "town": "林邊鄉"}}, {"type": "Feature", "geometry": {"type": "Polygon", "coordinates": [[[120.70029376897787, 22.142576587898418], [120.69804435665796, 22.142439985623582], [120.70905771308146, 22.122769258047093], [120.71685762333365, 22.093263166682362], [120.69930052197947, 22.082772111974904], [120.7057274143221, 22.07075111178927], [120.70450046214759, 22.056052707016843], [120.69757694630576, 22.054987209273115], [120.69705110965954, 22.0422831977133], [120.68714785282249, 22.032775679384663], [120.68521978511971, 22.02389653152028], [120.69234779299062, 22.009607933572358], [120.69079949619899, 22.02572700200309], [120.70581505376313, 22.044332231835853], [120.7220867766488, 22.054167595624094], [120.73835849953444, 22.0476380068869], [120.74642132810975, 22.049359195549844], [120.75334484395158, 22.06274621848384], [120.76987948516035, 22.05974096843743], [120.78454448496034, 22.050424693293568], [120.79462302067947, 22.068128348112406], [120.79289944500576, 22.1000932804242], [120.77081430586472, 22.108863146468718], [120.75425045150895, 22.112606048799243], [120.74534044167031, 22.0974158758374], [120.73683941588982, 22.10391814411963], [120.7360506609205, 22.118261382977483], [120.72424854952767, 22.11591182385029], [120.70029376897787, 22.142576587898418]]]}, "properties": {"county": "屏東縣", "town": "車城鄉"}}, {"type": "Feature", "geometry": {"type": "Polygon", "coordinates": [[[120.78454448496034, 22.050424693293568], [120.79339606850496, 22.03766604082382], [120.78539166622369, 22.025508438363353], [120.7736771942719, 22.020126308734785], [120.78530402678265, 22.009471331297522], [120.78556694510576, 22.000619503888103], [120.77072666642368, 21.97944615128841], [120.7932207896229, 21.98220551724011], [120.81150821965237, 21.981276621771222], [120.81851937493524, 21.973872778475073], [120.83441132690974, 21.970785567063764], [120.84416851801173, 21.979309549013575], [120.8460673725675, 21.986194303665343], [120.86160876677786, 21.990811460554823], [120.87580635622568, 21.998843674315225], [120.87823104742766, 22.01072807222602], [120.88708263097229, 22.01646536776916], [120.88924440385117, 22.025781642913024], [120.901075728391, 22.03324012711911], [120.89365558904997, 22.049714361464417], [120.89409378625516, 22.088618689337913], [120.90066674433285, 22.105885216877276], [120.89245785002248, 22.109764721482637], [120.88787138594161, 22.13328763320952], [120.89698588780934, 22.14413385383156], [120.88424895571212, 22.13864244238312], [120.85176393623485, 22.145363274305087], [120.8565548923448, 22.130282383163113], [120.84884262153365, 22.1162396693099], [120.82848105806632, 22.103399055475247], [120.82220023145875, 22.076488407332413], [120.80969700453763, 22.060041493442075], [120.79462302067947, 22.068128348112406], [120.78454448496034, 22.050424693293568]]]}, "properties": {"county": "屏東縣", "town": "滿州鄉"}}, {"type": "Feature", "geometry": {"type": "Polygon", "coordinates": [[[120.64023153872131, 22.35523900936422], [120.61814639958027, 22.350539891109836], [120.60538025433604, 22.34073184777656], [120.63620012443366, 22.312783022344966], [120.64274386936432, 22.301608956263326], [120.64271465621732, 22.29106326064593], [120.65209207640815, 22.2682506807482], [120.649287614295, 22.255737912373156], [120.65790549266353, 22.242869978083537], [120.6719862295233, 22.23325317793503], [120.67219072155238, 22.226942152837573], [120.68484001420855, 22.21024935485253], [120.68384676721014, 22.1983922773967], [120.6910624145221, 22.181398954407012], [120.69947580086153, 22.15006239255947], [120.69804435665796, 22.142439985623582], [120.70029376897787, 22.142576587898418], [120.70140386856433, 22.146046285679272], [120.69272756390178, 22.18142627486198], [120.69532753398585, 22.197654625112584], [120.67888053221812, 22.219237784536784], [120.66964917776234, 22.244317962196806], [120.65334824172967, 22.265928442075975], [120.64484721594918, 22.289369392437955], [120.64473036336115, 22.30494205176934], [120.63617091128664, 22.31789194742386], [120.62501148912807, 22.34556756830578], [120.64140006460178, 22.351878593403235], [120.64023153872131, 22.35523900936422]]]}, "properties": {"county": "屏東縣", "town": "枋山鄉"}}, {"type": "Feature", "geometry": {"type": "Polygon", "coordinates": [[[120.7360506609205, 22.118261382977483], [120.73683941588982, 22.10391814411963], [120.74534044167031, 22.0974158758374], [120.75425045150895, 22.112606048799243], [120.77081430586472, 22.108863146468718], [120.79289944500576, 22.1000932804242], [120.79462302067947, 22.068128348112406], [120.80969700453763, 22.060041493442075], [120.82220023145875, 22.076488407332413], [120.82848105806632, 22.103399055475247], [120.84884262153365, 22.1162396693099], [120.8565548923448, 22.130282383163113], [120.85176393623485, 22.145363274305087], [120.88424895571212, 22.13864244238312], [120.89698588780934, 22.14413385383156], [120.89254548946353, 22.150335597109144], [120.8942106388432, 22.172629088362495], [120.89067584805476, 22.19530506598539], [120.89643083801612, 22.203473882020628], [120.89470726234241, 22.22369101869646], [120.89891395551213, 22.229838121064112], [120.89631398542807, 22.24642163722929], [120.86642893603484, 22.229838121064112], [120.86622444400575, 22.21134217305122], [120.83800454399221, 22.213473168538673], [120.82290134698704, 22.206916259346514], [120.80175102855038, 22.20292747292128], [120.78410628775516, 22.19552362962513], [120.75556504312449, 22.176645195242696], [120.73254508327906, 22.174295636115502], [120.73824164694639, 22.14812264025679], [120.7360506609205, 22.118261382977483]]]}, "properties": {"county": "屏東縣", "town": "牡丹鄉"}}, {"type": "Feature", "geometry": {"type": "Polygon", "coordinates": [[[121.19361618256869, 22.818976411979907], [121.18429718867188, 22.81668149376265], [121.18271967873324, 22.805042979946563], [121.16948612313682, 22.79922372303852], [121.15783007747905, 22.788049656956876], [121.14117858368223, 22.791437393372824], [121.13305732881291, 22.808266793632708], [121.11479911193045, 22.810288507300292], [121.11211150240534, 22.79559010252786], [121.1007475882177, 22.787831093317138], [121.10971602435036, 22.779744238646803], [121.09937457030813, 22.774662634022878], [121.07796133354837, 22.774799236297714], [121.0481931367432, 22.763980336130647], [121.05681101511172, 22.747123615415795], [121.0520784852958, 22.736769162983173], [121.0347258759707, 22.713901942175504], [121.0398966029918, 22.70179898062497], [121.05009199129897, 22.699586023772618], [121.06545810662726, 22.68349427579685], [121.08135005860176, 22.69819268056928], [121.10115657227587, 22.705159396585955], [121.1281203069679, 22.719366033168974], [121.15677840418662, 22.747314858600564], [121.17699390191889, 22.760100831525282], [121.1814050871177, 22.78288609096805], [121.18789040575435, 22.79064510017877], [121.20089025617466, 22.795672063892763], [121.19361618256869, 22.818976411979907]]]}, "properties": {"county": "臺東縣", "town": "臺東市"}}, {"type": "Feature", "geometry": {"type": "Polygon", "coordinates": [[[120.78629727378106, 22.672238248350308], [120.8355506396432, 22.65513564354075], [120.85316616729142, 22.658468739046764], [120.85693466325596, 22.66467048232435], [120.87148281046791, 22.65412478670696], [120.88486243179938, 22.648906579808195], [120.89529152528264, 22.653332493512906], [120.91536095727986, 22.65131077984532], [120.93864383544837, 22.65945227542559], [120.9516728990157, 22.669287639213834], [120.98795562760455, 22.680762230300118], [120.99242523909739, 22.69248270548111], [121.01839572679101, 22.693329639585095], [121.0398966029918, 22.70179898062497], [121.0347258759707, 22.713901942175504], [121.0520784852958, 22.736769162983173], [121.05681101511172, 22.747123615415795], [121.0481931367432, 22.763980336130647], [121.07796133354837, 22.774799236297714], [121.09937457030813, 22.774662634022878], [121.10971602435036, 22.779744238646803], [121.1007475882177, 22.787831093317138], [121.11211150240534, 22.79559010252786], [121.11479911193045, 22.810288507300292], [121.13305732881291, 22.808266793632708], [121.14117858368223, 22.791437393372824], [121.15783007747905, 22.788049656956876], [121.16948612313682, 22.79922372303852], [121.18271967873324, 22.805042979946563], [121.18429718867188, 22.81668149376265], [121.19361618256869, 22.818976411979907], [121.18791961890136, 22.83539600541528], [121.19203867263005, 22.850367614737387], [121.17813321465236, 22.851678996575817], [121.16180306547267, 22.85752557393883], [121.16545470884917, 22.86777074455158], [121.15371102375036, 22.872251299166226], [121.15128633254837, 22.88170417658493], [121.14152914144638, 22.88550171982539], [121.10720369370733, 22.885747603920095], [121.08894547682488, 22.893670535860625], [121.07042434161929, 22.859902453520988], [121.05459081593881, 22.856760601199746], [121.04363588580934, 22.84569581693797], [121.02257320681372, 22.84137918505313], [121.01337106550496, 22.83364749629737], [120.99283422315555, 22.83654346452391], [120.97302770948144, 22.80889516409696], [120.95313355636631, 22.794852450243745], [120.9421201999428, 22.792338968386748], [120.92368670417827, 22.78212111822896], [120.90344199329898, 22.77753128179445], [120.89356794960894, 22.766767022537316], [120.89473647548942, 22.73758877663219], [120.88348941388982, 22.71704379449675], [120.84869655579858, 22.716961833131847], [120.83677759181771, 22.69707254191562], [120.8198923928448, 22.695597237347386], [120.80928802047946, 22.688384637236005], [120.78676468413325, 22.69275591003078], [120.79158485339022, 22.679177643912013], [120.78629727378106, 22.672238248350308]]]}, "properties": {"county": "臺東縣", "town": "卑南鄉"}}, {"type": "Feature", "geometry": {"type": "Polygon", "coordinates": [[[121.31578556337267, 23.109748014197343], [121.30342840218661, 23.11114135740068], [121.28441064348183, 23.106551520966164], [121.27862644037347, 23.101114750427662], [121.26437042463164, 23.103901436834335], [121.25464244667666, 23.088492700232752], [121.25359077338422, 23.080323884197515], [121.23173933941929, 23.035709581235842], [121.22557536539976, 23.026338665182045], [121.21590581373881, 23.009345342192358], [121.2183305049408, 22.9773530894256], [121.19420044550893, 22.936672931979224], [121.18412190978981, 22.916428474848423], [121.19069486786749, 22.902194517810436], [121.17050858328224, 22.87099455823773], [121.16545470884917, 22.86777074455158], [121.16180306547267, 22.85752557393883], [121.17813321465236, 22.851678996575817], [121.19203867263005, 22.850367614737387], [121.209040724191, 22.863098946752167], [121.2361505246181, 22.86790734682642], [121.23994823372965, 22.879600501552442], [121.24710545474757, 22.88129436976042], [121.26220865175276, 22.906456508785343], [121.2686939703894, 22.91110098612979], [121.27891857184359, 22.93156400690033], [121.28172303395674, 22.945224234384003], [121.29939698789896, 22.959567473241858], [121.31111145985076, 22.97442980074409], [121.30041944804438, 22.97847322807926], [121.29898800384079, 22.995329948794108], [121.30699240612208, 23.001149205702156], [121.30290256554039, 23.019453910530274], [121.31137437817387, 23.03027281069734], [121.30997214711729, 23.043714474541275], [121.3185608123388, 23.059696940697172], [121.3134192984647, 23.06559815897012], [121.31768441792845, 23.089694800251316], [121.31578556337267, 23.109748014197343]]]}, "properties": {"county": "臺東縣", "town": "東河鄉"}}, {"type": "Feature", "geometry": {"type": "Polygon", "coordinates": [[[121.55816704413083, 23.998318491555224], [121.5502794944376, 23.993182246021362], [121.5214461183368, 23.986488734554364], [121.52936288117704, 23.974740938918405], [121.52866176564875, 23.96542466377454], [121.5140844052898, 23.94815813623518], [121.53754256234039, 23.927777076829543], [121.55118510199497, 23.925372876792416], [121.56944331887743, 23.915919999373713], [121.58968802975672, 23.909308449271617], [121.60046768100413, 23.923760969949342], [121.60969903545991, 23.944169349809947], [121.60961139601888, 23.96307510464735], [121.59798456350812, 23.965916431963954], [121.59275541019298, 23.976789973040958], [121.59798456350812, 23.98714442547358], [121.58311507167903, 23.98982183006038], [121.55816704413083, 23.998318491555224]]]}, "properties": {"county": "花蓮縣", "town": "吉安鄉"}}, {"type": "Feature", "geometry": {"type": "Polygon", "coordinates": [[[121.5140844052898, 23.94815813623518], [121.50564180580334, 23.938459374721774], [121.50125983375155, 23.920455194898295], [121.504823837687, 23.904691292382136], [121.49810481387425, 23.888462942131536], [121.46588271272007, 23.86321884174171], [121.45945582037744, 23.853383477953464], [121.44782898786669, 23.84759154150039], [121.45335027265195, 23.830734820785537], [121.45191882844836, 23.82341293885429], [121.44087625887784, 23.818304013775396], [121.45113007347904, 23.81251207732232], [121.46015693590573, 23.80816812498251], [121.4862442761874, 23.80696602496395], [121.50815413644636, 23.810326440924932], [121.51957647692804, 23.815790531918402], [121.52541910633043, 23.808359368167284], [121.51852480363561, 23.796256406616752], [121.51963490322207, 23.78650300419341], [121.50029579990016, 23.778334188158173], [121.49778346925713, 23.768034376635484], [121.51653830963879, 23.75770724465783], [121.52097870798461, 23.736506571603172], [121.52661684535792, 23.73126104424944], [121.54119420571688, 23.734430217025654], [121.54604358812087, 23.741997983051608], [121.55875130707106, 23.748390969513967], [121.56754446432166, 23.74628729448148], [121.57245227301966, 23.756614426459137], [121.570816336787, 23.782377615493342], [121.57651290045433, 23.810900170479247], [121.59824748183122, 23.857017098464123], [121.60569683431928, 23.89941844457344], [121.60517099767306, 23.910783753839855], [121.61186080833879, 23.93332312918791], [121.60969903545991, 23.944169349809947], [121.60046768100413, 23.923760969949342], [121.58968802975672, 23.909308449271617], [121.56944331887743, 23.915919999373713], [121.55118510199497, 23.925372876792416], [121.53754256234039, 23.927777076829543], [121.5140844052898, 23.94815813623518]]]}, "properties": {"county": "花蓮縣", "town": "壽豐鄉"}}, {"type": "Feature", "geometry": {"type": "Polygon", "coordinates": [[[121.27453659979179, 23.926520335901046], [121.2955700656404, 23.925618760887122], [121.331268531289, 23.913215274331947], [121.33649768460414, 23.8991998809337], [121.34602117053004, 23.896659078621738], [121.3613288595643, 23.87319080780479], [121.35966371018462, 23.865623041778836], [121.38709485522884, 23.83936808455522], [121.40056211600135, 23.837428332252536], [121.40509015378821, 23.845078059643395], [121.4221798447902, 23.842072809596985], [121.4285483108388, 23.82906827303253], [121.44087625887784, 23.818304013775396], [121.45191882844836, 23.82341293885429], [121.45335027265195, 23.830734820785537], [121.44782898786669, 23.84759154150039], [121.45945582037744, 23.853383477953464], [121.46588271272007, 23.86321884174171], [121.49810481387425, 23.888462942131536], [121.504823837687, 23.904691292382136], [121.50125983375155, 23.920455194898295], [121.50564180580334, 23.938459374721774], [121.5140844052898, 23.94815813623518], [121.52866176564875, 23.96542466377454], [121.52936288117704, 23.974740938918405], [121.5214461183368, 23.986488734554364], [121.5502794944376, 23.993182246021362], [121.55816704413083, 23.998318491555224], [121.55769963377864, 24.004028466643398], [121.57978477291967, 24.018972755510536], [121.58884084849338, 24.030501987506753], [121.58355326888422, 24.04244102632748], [121.5935441651623, 24.04566484001363], [121.60718670481688, 24.06498040167554], [121.614840549334, 24.104294536373548], [121.6399930689113, 24.12218943437716], [121.63426729209696, 24.13617750732044], [121.65646928382604, 24.124074545769904], [121.66374335743201, 24.13451095956743], [121.66421076778421, 24.155438428072415], [121.65848499096987, 24.171885341962756], [121.66330516022684, 24.19415151276114], [121.67215674377145, 24.20579002657723], [121.70613163374635, 24.225597356428555], [121.71694049814079, 24.24278192260301], [121.72830441232843, 24.245705211284516], [121.74410872486189, 24.261277870615903], [121.7472929578862, 24.277533541321475], [121.75354457134675, 24.28824315966867], [121.7695241627623, 24.302695680346396], [121.77405220054915, 24.31529041008634], [121.75909506927903, 24.314224912342617], [121.74472220094914, 24.322858176112295], [121.71434052805671, 24.32673768071766], [121.6839880683113, 24.340780394570874], [121.675925239736, 24.337447299064856], [121.66646018010412, 24.347528546947807], [121.6309369933376, 24.37055969048528], [121.62170563888182, 24.36662554496998], [121.62030340782525, 24.345315590095453], [121.61571694374437, 24.33321262854492], [121.60756647572804, 24.3352343422125], [121.59655311930453, 24.32815834437596], [121.60704063908182, 24.31264032595451], [121.5600658986866, 24.322639612472557], [121.55606369754597, 24.331136273967402], [121.52214723386508, 24.343020671878197], [121.49813402702127, 24.339223128637734], [121.48545552121809, 24.348375481051796], [121.46494789201569, 24.355560760708208], [121.45200646788939, 24.3646857926673], [121.44157737440614, 24.358593331209583], [121.43561789241569, 24.347255342398135], [121.43249208568541, 24.32960632848923], [121.43494599003442, 24.322584971562623], [121.42320230493561, 24.30824173270477], [121.40538228525833, 24.30832369406967], [121.40275310202725, 24.295947527969464], [121.38046347085712, 24.279500614079122], [121.38510836123203, 24.25513076824825], [121.3667332917615, 24.25193427501707], [121.3430122163878, 24.22357564276097], [121.34967281390654, 24.200243974218857], [121.32577645965075, 24.196173226428726], [121.30564860135952, 24.180054157997994], [121.28812071315235, 24.177649957960867], [121.28779936853522, 24.157214257645293], [121.28137247619259, 24.135876982315796], [121.29586219711052, 24.13246192544488], [121.3158732028137, 24.11642481837905], [121.32840564288183, 24.114621668351205], [121.31911586213204, 24.09541538850916], [121.32311806327267, 24.084924333801702], [121.28321290445434, 24.05427078332834], [121.28572523509737, 24.039736301285714], [121.2694242990647, 24.006323384860654], [121.26010530516788, 23.992307991462408], [121.26486704813084, 23.975369309382653], [121.27319279502925, 23.975369309382653], [121.27792532484519, 23.965834470599052], [121.27208269544279, 23.938213490627067], [121.27453659979179, 23.926520335901046]]]}, "properties": {"county": "花蓮縣", "town": "秀林鄉"}}, {"type": "Feature", "geometry": {"type": "Polygon", "coordinates": [[[120.33106880389383, 22.75507386781129], [120.32312282790657, 22.74439156991906], [120.3222172203492, 22.734583526585784], [120.30813648348945, 22.736195433428858], [120.30159273855877, 22.729092115137348], [120.28976141401893, 22.736741842528204], [120.27755031856793, 22.737889301636834], [120.26604033864523, 22.729939049241334], [120.25628314754323, 22.718546419519953], [120.26224262953367, 22.698247321479215], [120.25806514951095, 22.693630164589734], [120.26338194226713, 22.696717376001047], [120.26636168326235, 22.70622489432968], [120.29253666298506, 22.705132076130987], [120.30807805719542, 22.695214750977843], [120.31491393359622, 22.695870441897057], [120.3376125488245, 22.721196503651786], [120.34076756870179, 22.743817840364745], [120.33609346517989, 22.74903604726351], [120.33106880389383, 22.75507386781129]]]}, "properties": {"county": "高雄市", "town": "楠梓區"}}, {"type": "Feature", "geometry": {"type": "Polygon", "coordinates": [[[120.37021442088984, 22.58787268341115], [120.36843241892211, 22.59371926077416], [120.37731321561374, 22.60811714054195], [120.38198731913566, 22.62994618406086], [120.37780983911294, 22.63773251372655], [120.37459639294163, 22.64743127523996], [120.36486841498665, 22.644207461553812], [120.34725288733844, 22.64729467296512], [120.3446821304014, 22.633798368211252], [120.34000802687949, 22.624236208972683], [120.32697896331216, 22.612379131516857], [120.33831366435278, 22.605494376865085], [120.32288912273047, 22.596451306270897], [120.32572279799064, 22.58505867654951], [120.33927769820419, 22.584539587905134], [120.36343697078307, 22.58519527882435], [120.37021442088984, 22.58787268341115]]]}, "properties": {"county": "高雄市", "town": "鳳山區"}}, {"type": "Feature", "geometry": {"type": "Polygon", "coordinates": [[[120.43527209928546, 22.628826045407198], [120.43606085425478, 22.651693266214863], [120.41599142225756, 22.643032681990217], [120.4014140618986, 22.643032681990217], [120.39586356396633, 22.644617268378322], [120.37780983911294, 22.63773251372655], [120.38198731913566, 22.62994618406086], [120.37731321561374, 22.60811714054195], [120.36843241892211, 22.59371926077416], [120.37021442088984, 22.58787268341115], [120.3855221099241, 22.57738162870369], [120.39516244843804, 22.563448196670343], [120.39884330496155, 22.54910495781249], [120.39250405205996, 22.537411803086467], [120.4136251573496, 22.53252144164731], [120.42747218903327, 22.53426995076522], [120.44073495777668, 22.5576289397623], [120.44701578438426, 22.586178815203173], [120.44578883220976, 22.598828185853055], [120.43369458934681, 22.617624658870586], [120.43527209928546, 22.628826045407198]]]}, "properties": {"county": "高雄市", "town": "大寮區"}}, {"type": "Feature", "geometry": {"type": "Polygon", "coordinates": [[[120.44806745767669, 22.689422814524765], [120.45575051534084, 22.71849177861002], [120.45431907113725, 22.771793986251307], [120.43109461926275, 22.774170865833465], [120.42852386232569, 22.77780448634412], [120.41911722898784, 22.774689954477843], [120.41184315538187, 22.758079117857697], [120.41169708964681, 22.747150935870764], [120.3972657950229, 22.735321178869903], [120.40325449016035, 22.724802803707476], [120.39244562576593, 22.694750303243396], [120.38978722938785, 22.68535206673463], [120.4026118009261, 22.66622774825749], [120.4014140618986, 22.643032681990217], [120.41599142225756, 22.643032681990217], [120.43606085425478, 22.651693266214863], [120.43664511719501, 22.665025648238927], [120.44263381233246, 22.684559773540578], [120.44806745767669, 22.689422814524765]]]}, "properties": {"county": "高雄市", "town": "大樹區"}}, {"type": "Feature", "geometry": {"type": "Polygon", "coordinates": [[[120.3376125488245, 22.721196503651786], [120.35119666218506, 22.717836087690802], [120.36419651260537, 22.709394067105894], [120.37225934118068, 22.715377246743742], [120.37284360412092, 22.726332749185644], [120.38841421147828, 22.741878088062066], [120.3972657950229, 22.735321178869903], [120.41169708964681, 22.747150935870764], [120.41184315538187, 22.758079117857697], [120.38385696054442, 22.763351965666395], [120.36802343486394, 22.74985566091253], [120.34453606466633, 22.75581152009541], [120.33609346517989, 22.74903604726351], [120.34076756870179, 22.743817840364745], [120.3376125488245, 22.721196503651786]]]}, "properties": {"county": "高雄市", "town": "大社區"}}, {"type": "Feature", "geometry": {"type": "Polygon", "coordinates": [[[120.31491393359622, 22.695870441897057], [120.326628405548, 22.679778693921293], [120.33951140338027, 22.672128966530437], [120.3571853573225, 22.669260318758866], [120.36539425163286, 22.671719159705926], [120.37483009811773, 22.68393140307633], [120.39244562576593, 22.694750303243396], [120.40325449016035, 22.724802803707476], [120.3972657950229, 22.735321178869903], [120.38841421147828, 22.741878088062066], [120.37284360412092, 22.726332749185644], [120.37225934118068, 22.715377246743742], [120.36419651260537, 22.709394067105894], [120.35119666218506, 22.717836087690802], [120.3376125488245, 22.721196503651786], [120.31491393359622, 22.695870441897057]]]}, "properties": {"county": "高雄市", "town": "仁武區"}}, {"type": "Feature", "geometry": {"type": "Polygon", "coordinates": [[[120.37780983911294, 22.63773251372655], [120.39586356396633, 22.644617268378322], [120.4014140618986, 22.643032681990217], [120.4026118009261, 22.66622774825749], [120.38978722938785, 22.68535206673463], [120.39244562576593, 22.694750303243396], [120.37483009811773, 22.68393140307633], [120.36539425163286, 22.671719159705926], [120.3571853573225, 22.669260318758866], [120.33951140338027, 22.672128966530437], [120.3332305767727, 22.65737592084807], [120.34725288733844, 22.64729467296512], [120.36486841498665, 22.644207461553812], [120.37459639294163, 22.64743127523996], [120.37780983911294, 22.63773251372655]]]}, "properties": {"county": "高雄市", "town": "鳥松區"}}, {"type": "Feature", "geometry": {"type": "Polygon", "coordinates": [[[120.35084610442091, 22.825396718897235], [120.34409786746116, 22.84217147824718], [120.33936533764522, 22.83624293951927], [120.32601492946075, 22.839248189565676], [120.31736783794521, 22.836324900884172], [120.29399732033566, 22.83963067593522], [120.29516584621614, 22.82905765986286], [120.28339294797033, 22.81875784834017], [120.2547348507516, 22.824986912072724], [120.25321576710698, 22.81812947787592], [120.26285610562091, 22.80280270263924], [120.25648763957231, 22.79539885934309], [120.25233937269661, 22.789388359250275], [120.25876626503924, 22.770209399863198], [120.2747750696018, 22.76712218845189], [120.28070533844522, 22.765838127068424], [120.3001905075022, 22.777722524979218], [120.3148555073022, 22.770865090782415], [120.31354091568666, 22.791191509278118], [120.32420371434601, 22.80272074127434], [120.34994049686354, 22.81400408917585], [120.35084610442091, 22.825396718897235]]]}, "properties": {"county": "高雄市", "town": "岡山區"}}, {"type": "Feature", "geometry": {"type": "Polygon", "coordinates": [[[120.33106880389383, 22.75507386781129], [120.33638559665, 22.756795056474235], [120.32969578598426, 22.77463531356791], [120.3148555073022, 22.770865090782415], [120.3001905075022, 22.777722524979218], [120.28070533844522, 22.765838127068424], [120.2747750696018, 22.76712218845189], [120.27600202177629, 22.755756879185476], [120.26627404382131, 22.738572313011016], [120.26604033864523, 22.729939049241334], [120.27755031856793, 22.737889301636834], [120.28976141401893, 22.736741842528204], [120.30159273855877, 22.729092115137348], [120.30813648348945, 22.736195433428858], [120.3222172203492, 22.734583526585784], [120.32312282790657, 22.74439156991906], [120.33106880389383, 22.75507386781129]]]}, "properties": {"county": "高雄市", "town": "橋頭區"}}, {"type": "Feature", "geometry": {"type": "Polygon", "coordinates": [[[120.33609346517989, 22.74903604726351], [120.34453606466633, 22.75581152009541], [120.36802343486394, 22.74985566091253], [120.38385696054442, 22.763351965666395], [120.41184315538187, 22.758079117857697], [120.41911722898784, 22.774689954477843], [120.42852386232569, 22.77780448634412], [120.43159124276195, 22.786547031933672], [120.42177562536594, 22.79395087522982], [120.41800712940139, 22.80845803681748], [120.40941846417988, 22.815725277838794], [120.38108171157829, 22.819686743809058], [120.37786826540697, 22.824139977968734], [120.35084610442091, 22.825396718897235], [120.34994049686354, 22.81400408917585], [120.32420371434601, 22.80272074127434], [120.31354091568666, 22.791191509278118], [120.3148555073022, 22.770865090782415], [120.32969578598426, 22.77463531356791], [120.33638559665, 22.756795056474235], [120.33106880389383, 22.75507386781129], [120.33609346517989, 22.74903604726351]]]}, "properties": {"county": "高雄市", "town": "燕巢區"}}, {"type": "Feature", "geometry": {"type": "Polygon", "coordinates": [[[120.35084610442091, 22.825396718897235], [120.37786826540697, 22.824139977968734], [120.38108171157829, 22.819686743809058], [120.40941846417988, 22.815725277838794], [120.41800712940139, 22.80845803681748], [120.43375301564083, 22.83192630763443], [120.44967418076234, 22.84774485106052], [120.44301358324363, 22.862634499017723], [120.44678207920816, 22.87498334466296], [120.44304279639063, 22.88558368119029], [120.42323628271653, 22.893889099500363], [120.42063631263247, 22.90377910419854], [120.40868813550458, 22.91235772705829], [120.39898937069661, 22.922275052211432], [120.37751770764282, 22.918204304421298], [120.37170429138745, 22.910827781580117], [120.35946398278944, 22.901429545071352], [120.35107980959701, 22.888233765322124], [120.35683479955837, 22.88610276983467], [120.35563706053088, 22.871923453706618], [120.35005734945159, 22.866514003623085], [120.34409786746116, 22.84217147824718], [120.35084610442091, 22.825396718897235]]]}, "properties": {"county": "高雄市", "town": "田寮區"}}, {"type": "Feature", "geometry": {"type": "Polygon", "coordinates": [[[120.34409786746116, 22.84217147824718], [120.35005734945159, 22.866514003623085], [120.35563706053088, 22.871923453706618], [120.35683479955837, 22.88610276983467], [120.35107980959701, 22.888233765322124], [120.3325002480974, 22.889271942610883], [120.32703738960618, 22.89847893593488], [120.31646223038786, 22.89845161547991], [120.2845614738508, 22.9047353201224], [120.27819300780219, 22.89618401771762], [120.28654796784761, 22.893260729036115], [120.29236138410299, 22.88219594477434], [120.30448484011295, 22.881157767485583], [120.30416349549581, 22.85176095794072], [120.29399732033566, 22.83963067593522], [120.31736783794521, 22.836324900884172], [120.32601492946075, 22.839248189565676], [120.33936533764522, 22.83624293951927], [120.34409786746116, 22.84217147824718]]]}, "properties": {"county": "高雄市", "town": "阿蓮區"}}, {"type": "Feature", "geometry": {"type": "Polygon", "coordinates": [[[120.29399732033566, 22.83963067593522], [120.30416349549581, 22.85176095794072], [120.30448484011295, 22.881157767485583], [120.29236138410299, 22.88219594477434], [120.28654796784761, 22.893260729036115], [120.27819300780219, 22.89618401771762], [120.26983804775678, 22.896703106362], [120.25876626503924, 22.895337083613633], [120.25257307787271, 22.884436222081664], [120.25391688263527, 22.8738632060093], [120.24173500033127, 22.86883624229531], [120.21991277951335, 22.870639392323156], [120.21862740104483, 22.857170408024253], [120.21336903458267, 22.85113258747647], [120.23630135498705, 22.839985841849796], [120.243487789152, 22.829221582592663], [120.2547348507516, 22.824986912072724], [120.28339294797033, 22.81875784834017], [120.29516584621614, 22.82905765986286], [120.29399732033566, 22.83963067593522]]]}, "properties": {"county": "高雄市", "town": "路竹區"}}, {"type": "Feature", "geometry": {"type": "Polygon", "coordinates": [[[120.25876626503924, 22.895337083613633], [120.23320476140378, 22.905418331496584], [120.23168567775917, 22.915390297559664], [120.21436228158107, 22.91047261566554], [120.19207265041096, 22.92118223401274], [120.1877491046532, 22.92025333854385], [120.19817819813646, 22.908177697448284], [120.1989961662528, 22.89052868353938], [120.2097758175002, 22.89082920854402], [120.21833526957471, 22.881349010670352], [120.21991277951335, 22.870639392323156], [120.24173500033127, 22.86883624229531], [120.25391688263527, 22.8738632060093], [120.25257307787271, 22.884436222081664], [120.25876626503924, 22.895337083613633]]]}, "properties": {"county": "高雄市", "town": "湖內區"}}, {"type": "Feature", "geometry": {"type": "Polygon", "coordinates": [[[120.50526679952608, 22.831461859899985], [120.50780834331613, 22.84208951688228], [120.51844192882848, 22.844302473734636], [120.51718576350696, 22.862333974013083], [120.495275903248, 22.86503869905485], [120.5077207038751, 22.88703166530356], [120.50564657043725, 22.901265622341548], [120.5165430742727, 22.91131954976953], [120.51449815398186, 22.91585474529411], [120.52390478731971, 22.929678895507582], [120.51943517582689, 22.936672931979224], [120.52223963794003, 22.960632970985582], [120.52922158007588, 22.973637507550038], [120.52031157023724, 22.9801124553773], [120.51183975760378, 22.975823143947427], [120.51081729745836, 22.958338052768326], [120.4984601362723, 22.94822948443041], [120.49416580366155, 22.931837211450002], [120.4815749372994, 22.935634754690465], [120.47988057477271, 22.914570683910643], [120.458613403748, 22.888315726687026], [120.44304279639063, 22.88558368119029], [120.44678207920816, 22.87498334466296], [120.44301358324363, 22.862634499017723], [120.44967418076234, 22.84774485106052], [120.43375301564083, 22.83192630763443], [120.41800712940139, 22.80845803681748], [120.42177562536594, 22.79395087522982], [120.43159124276195, 22.786547031933672], [120.42852386232569, 22.77780448634412], [120.43109461926275, 22.774170865833465], [120.45431907113725, 22.771793986251307], [120.46404704909223, 22.800289220782243], [120.46875036576115, 22.830669566705932], [120.47622893139621, 22.83818269182195], [120.50526679952608, 22.831461859899985]]]}, "properties": {"county": "高雄市", "town": "旗山區"}}, {"type": "Feature", "geometry": {"type": "Polygon", "coordinates": [[[120.56667283454522, 22.838346614551753], [120.57482330256154, 22.848209298794966], [120.59521407917589, 22.86361803539655], [120.59226355132768, 22.874109090104007], [120.59711293373167, 22.88569296301016], [120.59711293373167, 22.90101973824684], [120.60318926831015, 22.921728643112086], [120.61297567255914, 22.920089415814047], [120.62635529389063, 22.94459586391975], [120.6241058815707, 22.950852248107275], [120.62828336159342, 22.970905462053306], [120.62366768436553, 22.977981459889847], [120.60240051334083, 22.980385659926974], [120.58975122068465, 22.974921568933503], [120.5771603543225, 22.964731039230685], [120.57432667906234, 22.944677825284653], [120.55586397015078, 22.942300945702495], [120.5165430742727, 22.91131954976953], [120.50564657043725, 22.901265622341548], [120.5077207038751, 22.88703166530356], [120.495275903248, 22.86503869905485], [120.51718576350696, 22.862333974013083], [120.51844192882848, 22.844302473734636], [120.50780834331613, 22.84208951688228], [120.50526679952608, 22.831461859899985], [120.52346659011454, 22.832882523558286], [120.53643722738784, 22.829248903047628], [120.5541988207711, 22.82883909622312], [120.56667283454522, 22.838346614551753]]]}, "properties": {"county": "高雄市", "town": "美濃區"}}, {"type": "Feature", "geometry": {"type": "Polygon", "coordinates": [[[120.64768089120935, 22.879573181097477], [120.64911233541294, 22.876977737875578], [120.65022243499939, 22.885829565284997], [120.67052557217269, 22.91831358624117], [120.67265813190457, 22.945825284393283], [120.66304700653764, 22.96743576427245], [120.67078849049581, 22.982707898599198], [120.68843323129101, 22.991805610103324], [120.68057489474481, 23.000302271598166], [120.68264902818265, 23.009345342192358], [120.69675897818942, 23.02363394014028], [120.70286452591492, 23.039370522201466], [120.71119027281333, 23.042785579072387], [120.72410248379262, 23.05849484067861], [120.71215430666473, 23.07234631134705], [120.70639931670337, 23.087481843398958], [120.70946669713963, 23.098328064020993], [120.72658560128863, 23.097836295831584], [120.73631357924361, 23.103136464095247], [120.74466853928902, 23.117124537038528], [120.73172711516273, 23.12089475982402], [120.71054758357907, 23.115485309740485], [120.69094556193404, 23.13499211458717], [120.67975692662847, 23.140729410130312], [120.67552102031173, 23.12925481904403], [120.68805346037986, 23.112015611959634], [120.69503540251573, 23.10835467099401], [120.68589168750098, 23.092863973027526], [120.67972771348145, 23.094530520780534], [120.67350531316791, 23.11226149605434], [120.66582225550377, 23.11936481434585], [120.65618191698982, 23.113245032433163], [120.65130332143883, 23.096688836722954], [120.63698887940298, 23.087181318394318], [120.63976412836911, 23.07863001598954], [120.62638450703764, 23.06267487028861], [120.62194410869182, 23.04778522233141], [120.60809707700815, 23.036310631245126], [120.62162276407469, 23.018934821885896], [120.61843853105039, 22.997624867011368], [120.62366768436553, 22.977981459889847], [120.62828336159342, 22.970905462053306], [120.6241058815707, 22.950852248107275], [120.62635529389063, 22.94459586391975], [120.61297567255914, 22.920089415814047], [120.60318926831015, 22.921728643112086], [120.59711293373167, 22.90101973824684], [120.59711293373167, 22.88569296301016], [120.59226355132768, 22.874109090104007], [120.59521407917589, 22.86361803539655], [120.60581845154123, 22.873207515090083], [120.62062951707628, 22.875584394672245], [120.64502249483127, 22.88520119482075], [120.64768089120935, 22.879573181097477]]]}, "properties": {"county": "高雄市", "town": "六龜區"}}, {"type": "Feature", "geometry": {"type": "Polygon", "coordinates": [[[120.66582225550377, 23.11936481434585], [120.67552102031173, 23.12925481904403], [120.67975692662847, 23.140729410130312], [120.69132533284521, 23.17187472879308], [120.68086702621493, 23.182830231234988], [120.68256138874162, 23.194769270055716], [120.65793470581055, 23.200916372423368], [120.65142017402688, 23.20851145890429], [120.64332813230457, 23.203320572460495], [120.63657989534481, 23.19012479271127], [120.63617091128664, 23.17509854247923], [120.61662731593565, 23.163132183203533], [120.61183635982569, 23.151712233027183], [120.6011151348723, 23.144171787456198], [120.5884074159221, 23.12242470530219], [120.588173710746, 23.11431053017689], [120.5690975257472, 23.084339991077716], [120.55452016538824, 23.068821972656263], [120.54140346237988, 23.062210422554166], [120.54674946828305, 23.042621656342583], [120.57394690815119, 23.044315524550555], [120.58592429842608, 23.053303954234813], [120.60809707700815, 23.036310631245126], [120.62194410869182, 23.04778522233141], [120.62638450703764, 23.06267487028861], [120.63976412836911, 23.07863001598954], [120.63698887940298, 23.087181318394318], [120.65130332143883, 23.096688836722954], [120.65618191698982, 23.113245032433163], [120.66582225550377, 23.11936481434585]]]}, "properties": {"county": "高雄市", "town": "甲仙區"}}, {"type": "Feature", "geometry": {"type": "Polygon", "coordinates": [[[120.5165430742727, 22.91131954976953], [120.55586397015078, 22.942300945702495], [120.57432667906234, 22.944677825284653], [120.5771603543225, 22.964731039230685], [120.58975122068465, 22.974921568933503], [120.60240051334083, 22.980385659926974], [120.62366768436553, 22.977981459889847], [120.61843853105039, 22.997624867011368], [120.62162276407469, 23.018934821885896], [120.60809707700815, 23.036310631245126], [120.58592429842608, 23.053303954234813], [120.57394690815119, 23.044315524550555], [120.54674946828305, 23.042621656342583], [120.54140346237988, 23.062210422554166], [120.53021482707429, 23.05589939745671], [120.50214099279582, 23.027595406110542], [120.51359254642449, 23.018743578701123], [120.5373136217982, 23.024972642433678], [120.53430466765597, 23.01281503997321], [120.52031157023724, 22.9801124553773], [120.52922158007588, 22.973637507550038], [120.52223963794003, 22.960632970985582], [120.51943517582689, 22.936672931979224], [120.52390478731971, 22.929678895507582], [120.51449815398186, 22.91585474529411], [120.5165430742727, 22.91131954976953]]]}, "properties": {"county": "高雄市", "town": "杉林區"}}, {"type": "Feature", "geometry": {"type": "Polygon", "coordinates": [[[120.44304279639063, 22.88558368119029], [120.458613403748, 22.888315726687026], [120.47988057477271, 22.914570683910643], [120.4815749372994, 22.935634754690465], [120.49416580366155, 22.931837211450002], [120.4984601362723, 22.94822948443041], [120.51081729745836, 22.958338052768326], [120.51183975760378, 22.975823143947427], [120.52031157023724, 22.9801124553773], [120.53430466765597, 23.01281503997321], [120.5373136217982, 23.024972642433678], [120.51359254642449, 23.018743578701123], [120.50214099279582, 23.027595406110542], [120.48265582373884, 23.015574405924912], [120.47830306483405, 23.003526085284314], [120.46036619256871, 23.003389483009475], [120.45315054525676, 22.978582509899127], [120.44520456926952, 22.97948408491305], [120.43530131243247, 22.959458191421987], [120.42840700973764, 22.940470475219684], [120.41651725890378, 22.916373833938486], [120.40868813550458, 22.91235772705829], [120.42063631263247, 22.90377910419854], [120.42323628271653, 22.893889099500363], [120.44304279639063, 22.88558368119029]]]}, "properties": {"county": "高雄市", "town": "內門區"}}, {"type": "Feature", "geometry": {"type": "Polygon", "coordinates": [[[120.7741738177711, 22.837936807727242], [120.79301629759381, 22.84230808052202], [120.8010791261691, 22.8510233056566], [120.82295977328106, 22.865721710429032], [120.83303830900017, 22.866268119528378], [120.84717747215396, 22.851952201125492], [120.85319538043842, 22.857607535303732], [120.86455929462608, 22.843100373716073], [120.86940867703005, 22.85793538076334], [120.85915486242887, 22.863454112666744], [120.86496827868424, 22.872196658256293], [120.8597391253691, 22.878371081078914], [120.84197753198583, 22.881212408395516], [120.82853948436033, 22.90522708831181], [120.83330122732329, 22.912275765693387], [120.82193731313563, 22.934979063771248], [120.82474177524878, 22.95246415495035], [120.82094406613723, 22.96096081644519], [120.83017542059301, 22.97033173249899], [120.82938666562369, 22.97516745302821], [120.80674647668943, 22.987434337308546], [120.79354213424003, 22.98732505548868], [120.78214900690536, 22.993499478311296], [120.77107722418783, 22.98341823042835], [120.73949781226791, 22.986013673650245], [120.72445304155676, 23.002296664810782], [120.69316576110695, 22.98166972131044], [120.68244453615357, 22.97814538261965], [120.67078849049581, 22.982707898599198], [120.66304700653764, 22.96743576427245], [120.67265813190457, 22.945825284393283], [120.67052557217269, 22.91831358624117], [120.65022243499939, 22.885829565284997], [120.64911233541294, 22.876977737875578], [120.6580515583986, 22.879709783372313], [120.66091444680576, 22.85965656942628], [120.67674797248624, 22.857279689844123], [120.69056579102289, 22.864874776325046], [120.70455888844162, 22.88066599929617], [120.725037304497, 22.880829922025974], [120.74268204529221, 22.873535360549692], [120.76216721434919, 22.85681524210968], [120.7741738177711, 22.837936807727242]]]}, "properties": {"county": "高雄市", "town": "茂林區"}}, {"type": "Feature", "geometry": {"type": "MultiPolygon", "coordinates": [[[[120.67552102031173, 23.12925481904403], [120.66582225550377, 23.11936481434585], [120.67350531316791, 23.11226149605434], [120.67972771348145, 23.094530520780534], [120.68589168750098, 23.092863973027526], [120.69503540251573, 23.10835467099401], [120.68805346037986, 23.112015611959634], [120.67552102031173, 23.12925481904403]]], [[[120.9575155284181, 23.46950376520732], [120.93665734145156, 23.46376646966418], [120.92830238140616, 23.45677243319254], [120.91270256090176, 23.458466301400517], [120.89678139578025, 23.450898535374563], [120.8871118441193, 23.43518927376834], [120.86432558944998, 23.423878605411858], [120.84916396615077, 23.419507332617084], [120.8494853107679, 23.41286846206002], [120.83096417556233, 23.386586184381436], [120.82851027121333, 23.374947670565348], [120.82120698446033, 23.370521756860636], [120.80458470381053, 23.37082228186528], [120.82351482307428, 23.341234229135644], [120.81185877741652, 23.33410359038917], [120.80651277151333, 23.32161814246909], [120.79996902658264, 23.319951594716084], [120.79231518206552, 23.305335151308554], [120.77887713444002, 23.29522658297064], [120.77598503288584, 23.281702957761805], [120.76812669633962, 23.269490714391402], [120.7600054414703, 23.24913697544073], [120.7555942562715, 23.230067297873525], [120.74545729425834, 23.219275718161423], [120.74320788193843, 23.206325822506905], [120.72416091008664, 23.1846607017178], [120.70152072115238, 23.173431994726222], [120.69132533284521, 23.17187472879308], [120.67975692662847, 23.140729410130312], [120.69094556193404, 23.13499211458717], [120.71054758357907, 23.115485309740485], [120.73172711516273, 23.12089475982402], [120.74466853928902, 23.117124537038528], [120.73631357924361, 23.103136464095247], [120.72658560128863, 23.097836295831584], [120.70946669713963, 23.098328064020993], [120.70639931670337, 23.087481843398958], [120.71215430666473, 23.07234631134705], [120.72410248379262, 23.05849484067861], [120.71119027281333, 23.042785579072387], [120.70286452591492, 23.039370522201466], [120.69675897818942, 23.02363394014028], [120.68264902818265, 23.009345342192358], [120.68057489474481, 23.000302271598166], [120.68843323129101, 22.991805610103324], [120.67078849049581, 22.982707898599198], [120.68244453615357, 22.97814538261965], [120.69316576110695, 22.98166972131044], [120.72445304155676, 23.002296664810782], [120.73949781226791, 22.986013673650245], [120.77107722418783, 22.98341823042835], [120.78214900690536, 22.993499478311296], [120.79354213424003, 22.98732505548868], [120.80674647668943, 22.987434337308546], [120.82938666562369, 22.97516745302821], [120.84118877701651, 22.98401928043763], [120.8421528108679, 22.99123188054901], [120.86067394607349, 23.008061280808892], [120.8634199818926, 23.032267203909957], [120.87945799960217, 23.03464408349212], [120.88126921471691, 23.044206242730688], [120.86929182444202, 23.059942824791875], [120.88261301947946, 23.08332913424392], [120.88915676441013, 23.100486379963414], [120.88503771068144, 23.120020505265064], [120.88787138594161, 23.136385457790503], [120.876595111195, 23.1509472602881], [120.89499939381253, 23.16070066271144], [120.89844654515994, 23.17624600158786], [120.91246885572568, 23.186764376750286], [120.90645094744121, 23.196709022358398], [120.91170931390336, 23.210205327112266], [120.91173852705037, 23.228428070575482], [120.91547780986791, 23.237525782079608], [120.9271922818197, 23.244656420826086], [120.93788429362607, 23.24492962537576], [120.95815821765237, 23.2653926461463], [120.97028167366233, 23.280582819108144], [120.98608598619579, 23.28030961455847], [121.0108003085679, 23.292767742023578], [121.02832819677508, 23.297111694363387], [121.03189220071053, 23.303668603555547], [121.04646956106949, 23.30910537409405], [121.04816392359619, 23.325880133444], [121.02476419283961, 23.33986820638728], [121.02003166302367, 23.350386581549706], [121.01009919303961, 23.34590602693506], [121.0000498704675, 23.35653368391736], [120.9870792331942, 23.358719320314744], [120.98810169333962, 23.37068567959044], [121.00007908361451, 23.382378834316466], [121.0064183365161, 23.396558150444516], [121.02263163310774, 23.400273732320073], [121.02923380433243, 23.422785787213165], [121.01526992006073, 23.43540783740808], [121.01062502968583, 23.44649994212482], [121.01585418300097, 23.451608867203714], [121.00846325680695, 23.46209992191117], [120.99967009955634, 23.462181883276074], [120.96668845657986, 23.47168940160471], [120.9575155284181, 23.46950376520732]]]]}, "properties": {"county": "高雄市", "town": "桃源區"}}, {"type": "Feature", "geometry": {"type": "Polygon", "coordinates": [[[120.65343588117071, 23.224521245515156], [120.65142017402688, 23.20851145890429], [120.65793470581055, 23.200916372423368], [120.68256138874162, 23.194769270055716], [120.68086702621493, 23.182830231234988], [120.69132533284521, 23.17187472879308], [120.70152072115238, 23.173431994726222], [120.72416091008664, 23.1846607017178], [120.74320788193843, 23.206325822506905], [120.74545729425834, 23.219275718161423], [120.7555942562715, 23.230067297873525], [120.7600054414703, 23.24913697544073], [120.76812669633962, 23.269490714391402], [120.77598503288584, 23.281702957761805], [120.77887713444002, 23.29522658297064], [120.79231518206552, 23.305335151308554], [120.79996902658264, 23.319951594716084], [120.80651277151333, 23.32161814246909], [120.81185877741652, 23.33410359038917], [120.82351482307428, 23.341234229135644], [120.80458470381053, 23.37082228186528], [120.78842983351294, 23.352818102041798], [120.7832006801978, 23.34221776551447], [120.7580773737675, 23.34426679963702], [120.75845714467867, 23.335496933592502], [120.74785277231334, 23.321918667473735], [120.73231137810298, 23.31385913325837], [120.73064622872329, 23.30560835585823], [120.71215430666473, 23.308695567269538], [120.70438360955954, 23.301974735347574], [120.69953422715557, 23.284435003258537], [120.68191869950735, 23.287631496489716], [120.66731212600138, 23.294051803407044], [120.6519752238201, 23.291183155635473], [120.6385079630476, 23.268835023472185], [120.64917076170696, 23.24708794131818], [120.65343588117071, 23.224521245515156]]]}, "properties": {"county": "高雄市", "town": "那瑪夏區"}}, {"type": "Feature", "geometry": {"type": "Polygon", "coordinates": [[[121.53184599867306, 25.008656236702553], [121.5123900427631, 25.02174273463191], [121.49401497329258, 25.00917532534693], [121.51440574990693, 25.00395711844817], [121.51709335943202, 24.99559705922816], [121.53137858832086, 24.995433136498356], [121.53184599867306, 25.008656236702553]]]}, "properties": {"county": "新北市", "town": "永和區"}}, {"type": "Feature", "geometry": {"type": "Polygon", "coordinates": [[[121.531699932938, 24.990515454604235], [121.51446417620095, 24.981800229469652], [121.50199016242685, 24.969861190648924], [121.47978817069776, 24.96393265192101], [121.45746932638063, 24.946092394827335], [121.45971873870054, 24.935464737845038], [121.48469597939577, 24.927951612729018], [121.49202847929577, 24.917078071652018], [121.48653640765752, 24.900494555486837], [121.47175455526947, 24.876998964214923], [121.48834762277227, 24.862191277622625], [121.50885525197465, 24.87754537331427], [121.52649999276987, 24.883665155226957], [121.53985040095434, 24.893773723564873], [121.56415573926827, 24.88677968709323], [121.56456472332644, 24.87713556648976], [121.57575335863203, 24.87508653236721], [121.5788499522153, 24.895412950862912], [121.56801187467386, 24.90325392143854], [121.58869478275831, 24.914236744335412], [121.59792613721409, 24.944589769804132], [121.60704063908182, 24.947403776665766], [121.60920241196071, 24.96404193374088], [121.59707895595075, 24.960517595050092], [121.57864546018621, 24.966582736052843], [121.56120521142007, 24.964697624660097], [121.55390192466709, 24.984368352236583], [121.531699932938, 24.990515454604235]]]}, "properties": {"county": "新北市", "town": "新店區"}}, {"type": "Feature", "geometry": {"type": "Polygon", "coordinates": [[[121.47978817069776, 24.96393265192101], [121.47911626831649, 24.977674840769584], [121.46713887804158, 24.992974295551296], [121.44961098983441, 24.993056256916198], [121.44008750390852, 24.988165895477046], [121.42881122916191, 24.972074147501278], [121.4128900640404, 24.966063647408465], [121.40757327128422, 24.952130215375117], [121.4092384206639, 24.941693801577593], [121.41747652812127, 24.937541092422556], [121.4341864482121, 24.94030045837426], [121.43666956570812, 24.93557401966491], [121.45746932638063, 24.946092394827335], [121.47978817069776, 24.96393265192101]]]}, "properties": {"county": "新北市", "town": "土城區"}}, {"type": "Feature", "geometry": {"type": "Polygon", "coordinates": [[[121.49115208488541, 25.094770310759618], [121.48075220454916, 25.10094473358224], [121.46266926654876, 25.10318501088956], [121.45463565112047, 25.087940197017783], [121.45700191602845, 25.08135596737065], [121.47096580030015, 25.073487676340058], [121.47534777235194, 25.073214471790383], [121.49115208488541, 25.094770310759618]]]}, "properties": {"county": "新北市", "town": "蘆洲區"}}, {"type": "Feature", "geometry": {"type": "Polygon", "coordinates": [[[121.46266926654876, 25.10318501088956], [121.45901762317226, 25.112719849673162], [121.45571653755991, 25.118484465671273], [121.42603598019578, 25.129685852207885], [121.40102952635354, 25.118047338391793], [121.40184749446988, 25.107583604139304], [121.41078671745554, 25.095098156219226], [121.40827438681251, 25.075864555922216], [121.41934616953003, 25.069007121725413], [121.44239534252246, 25.067422535337307], [121.44803347989577, 25.062641455718023], [121.46553215495592, 25.065537423944562], [121.47096580030015, 25.073487676340058], [121.45700191602845, 25.08135596737065], [121.45463565112047, 25.087940197017783], [121.46266926654876, 25.10318501088956]]]}, "properties": {"county": "新北市", "town": "五股區"}}, {"type": "Feature", "geometry": {"type": "Polygon", "coordinates": [[[121.79339130387106, 24.89975690320272], [121.77814204113082, 24.919700835328882], [121.79321602498898, 24.954343172227475], [121.79017785769975, 24.960654197324928], [121.79248569631369, 24.98346677722266], [121.7771195809854, 24.984860120425996], [121.77156908305312, 24.97969655443717], [121.7441379380089, 24.975106718002653], [121.71816745031528, 24.974915474817884], [121.69862385496428, 24.96464298375016], [121.68772735112883, 24.962812513267348], [121.68051170381688, 24.954534415412244], [121.6656714251348, 24.949807976702893], [121.67014103662764, 24.93010992867144], [121.67621737120612, 24.92308857174483], [121.6632175207858, 24.914947076164562], [121.66605119604596, 24.908335526062466], [121.6488154393089, 24.895221707678143], [121.65322662450771, 24.87044205502276], [121.6446379592862, 24.860743293509355], [121.66987811830452, 24.848066602404508], [121.68784420371688, 24.849842431977386], [121.70753386480293, 24.838832288625547], [121.7326279580862, 24.85582561161523], [121.74738059732724, 24.85369461612778], [121.76096471068779, 24.85669986617419], [121.76917360499814, 24.865906859498182], [121.7832251287109, 24.874212277808255], [121.78167683191927, 24.8894024507701], [121.79339130387106, 24.89975690320272]]]}, "properties": {"county": "新北市", "town": "坪林區"}}, {"type": "Feature", "geometry": {"type": "Polygon", "coordinates": [[[121.73008641429615, 25.053352501029124], [121.71191583685473, 25.033381248448], [121.70318110589815, 25.031987905244662], [121.70104854616628, 25.023190718745177], [121.7267853286838, 24.989149431855868], [121.71816745031528, 24.974915474817884], [121.7441379380089, 24.975106718002653], [121.77156908305312, 24.97969655443717], [121.7771195809854, 24.984860120425996], [121.76362310706588, 24.99614346832751], [121.77472410293042, 25.0025091343349], [121.78448129403242, 25.017671986841776], [121.81687867406866, 25.042096473582582], [121.81340230957424, 25.05340714193906], [121.79479353492763, 25.07736718094542], [121.77568813678181, 25.070045299014172], [121.76233772859734, 25.056986121539783], [121.74589072682963, 25.05299733511455], [121.73008641429615, 25.053352501029124]]]}, "properties": {"county": "新北市", "town": "平溪區"}}, {"type": "Feature", "geometry": {"type": "Polygon", "coordinates": [[[121.62354606714358, 24.794381908393678], [121.63006059892724, 24.80894371089127], [121.66073440328978, 24.810856142738984], [121.66876801871807, 24.816921283741735], [121.68933407421449, 24.817331090566245], [121.68766892483481, 24.824325127037884], [121.70753386480293, 24.838832288625547], [121.68784420371688, 24.849842431977386], [121.66987811830452, 24.848066602404508], [121.6446379592862, 24.860743293509355], [121.63520211280134, 24.857437518458305], [121.59278462334, 24.866152743592888], [121.57575335863203, 24.87508653236721], [121.56456472332644, 24.87713556648976], [121.56415573926827, 24.88677968709323], [121.53985040095434, 24.893773723564873], [121.52649999276987, 24.883665155226957], [121.50885525197465, 24.87754537331427], [121.48834762277227, 24.862191277622625], [121.49719920631688, 24.848257845589277], [121.49442395735075, 24.836482729498353], [121.48671168653959, 24.83424245219103], [121.48405329016151, 24.81921620195899], [121.4622894956376, 24.80566525629519], [121.45037053165673, 24.790912210612824], [121.44610541219298, 24.781841819563667], [121.4234067969647, 24.76309998745607], [121.43535497409259, 24.73288356426219], [121.45034131850971, 24.705563109294843], [121.4742376727655, 24.69611023187614], [121.47303993373801, 24.689662604503848], [121.47999266272684, 24.673871381532724], [121.49270038167704, 24.67318837015854], [121.51218555073402, 24.684471718060053], [121.52378317009776, 24.683296938496458], [121.53622797072485, 24.688269261300515], [121.54338519174279, 24.705727032024647], [121.57727244227664, 24.714879384438706], [121.58702963337863, 24.72009759133747], [121.59535538027704, 24.739112627994743], [121.59047678472605, 24.76072310787391], [121.59757557944995, 24.77255286487477], [121.59196665522366, 24.787524474196875], [121.60961139601888, 24.793780858384395], [121.62354606714358, 24.794381908393678]]]}, "properties": {"county": "新北市", "town": "烏來區"}}, {"type": "Feature", "geometry": {"type": "Polygon", "coordinates": [[[120.74823254322449, 24.280675393642717], [120.71268014331093, 24.28365332323416], [120.70479259361771, 24.25600502280721], [120.69576573119102, 24.23909366118242], [120.69705110965954, 24.231553215611434], [120.72080139818026, 24.228466004200126], [120.72731592996392, 24.21925901087613], [120.73783266288822, 24.224859704144436], [120.7536661885687, 24.21925901087613], [120.76824354892767, 24.216936772203905], [120.77478729385835, 24.243164408972554], [120.76704580990018, 24.25371010458995], [120.76903230389699, 24.263190302463617], [120.76041442552847, 24.280675393642717], [120.74823254322449, 24.280675393642717]]]}, "properties": {"county": "臺中市", "town": "豐原區"}}, {"type": "Feature", "geometry": {"type": "Polygon", "coordinates": [[[120.77770860855955, 24.320617898804976], [120.76450426611014, 24.32572682388387], [120.76377393743485, 24.2908112824356], [120.74823254322449, 24.286467330095796], [120.74823254322449, 24.280675393642717], [120.76041442552847, 24.280675393642717], [120.78571301084082, 24.28362600277919], [120.81063182524201, 24.27857171861023], [120.81837330920018, 24.263845993382834], [120.82412829916153, 24.242317474868567], [120.83026306003404, 24.212620140319064], [120.8311394544444, 24.1897529195114], [120.8352877213201, 24.174999873829034], [120.84276628695515, 24.163552603197715], [120.85827846801851, 24.158689562213528], [120.86856149576671, 24.164290255481834], [120.86540647588942, 24.175764846568118], [120.8753681590205, 24.18469863534244], [120.88074337807069, 24.20177391969703], [120.89529152528264, 24.206582319771282], [120.89526231213563, 24.22368492458084], [120.88103550954081, 24.23529611794196], [120.87840632630974, 24.266195552510027], [120.89888474236511, 24.28835244148854], [120.90586668450098, 24.292614432463445], [120.87490074866831, 24.294882030225736], [120.85722679472607, 24.28909009377266], [120.83356414564639, 24.290483436975993], [120.81755534108385, 24.307422119055747], [120.80551952451492, 24.315946101005558], [120.77770860855955, 24.320617898804976]]]}, "properties": {"county": "臺中市", "town": "東勢區"}}, {"type": "Feature", "geometry": {"type": "Polygon", "coordinates": [[[120.7243361889687, 24.35411277659494], [120.71825985439023, 24.35583396525788], [120.71364417716234, 24.331573401246878], [120.66921098055715, 24.316191985100264], [120.65086512423365, 24.3149079237168], [120.6463370864468, 24.299144021200643], [120.65866503448585, 24.291630896084623], [120.68314565168185, 24.284691500522918], [120.71268014331093, 24.28365332323416], [120.74823254322449, 24.280675393642717], [120.74823254322449, 24.286467330095796], [120.76377393743485, 24.2908112824356], [120.76450426611014, 24.32572682388387], [120.7243361889687, 24.35411277659494]]]}, "properties": {"county": "臺中市", "town": "后里區"}}, {"type": "Feature", "geometry": {"type": "Polygon", "coordinates": [[[120.68136364971413, 24.23209962471078], [120.69705110965954, 24.231553215611434], [120.69576573119102, 24.23909366118242], [120.70479259361771, 24.25600502280721], [120.71268014331093, 24.28365332323416], [120.68314565168185, 24.284691500522918], [120.65866503448585, 24.291630896084623], [120.6463370864468, 24.299144021200643], [120.64619102071174, 24.299307943930447], [120.63620012443366, 24.28436365506331], [120.64695056253404, 24.276659286762516], [120.64128321201373, 24.26502077294643], [120.63316195714441, 24.259283477403287], [120.64402924783286, 24.243164408972554], [120.65302689711254, 24.25133322500779], [120.6751704625476, 24.24308244760765], [120.68136364971413, 24.23209962471078]]]}, "properties": {"county": "臺中市", "town": "神岡區"}}, {"type": "Feature", "geometry": {"type": "Polygon", "coordinates": [[[120.896167919693, 24.116452138834017], [120.89596342766392, 24.13926471873175], [120.88474557921133, 24.138991514182074], [120.88421974256512, 24.154646134878362], [120.89502860695954, 24.155247184887642], [120.8939477205201, 24.166366610059352], [120.86856149576671, 24.164290255481834], [120.85827846801851, 24.158689562213528], [120.84276628695515, 24.163552603197715], [120.8352877213201, 24.174999873829034], [120.8311394544444, 24.1897529195114], [120.83026306003404, 24.212620140319064], [120.82412829916153, 24.242317474868567], [120.81907442472847, 24.242617999873207], [120.805724016544, 24.261660356985445], [120.8015757496683, 24.245759852194453], [120.78606356860496, 24.249147588610402], [120.77478729385835, 24.243164408972554], [120.76824354892767, 24.216936772203905], [120.79602525173604, 24.204123478824222], [120.80113755246313, 24.196446430978398], [120.79745669593962, 24.183742419418582], [120.80262742296074, 24.16945382147066], [120.80630827948424, 24.160984480430784], [120.80268584925476, 24.1506846689081], [120.83388549026353, 24.140767343754952], [120.83230798032488, 24.123145650301016], [120.8377124125221, 24.117872802492318], [120.84484042039301, 24.12453899350435], [120.85719758157906, 24.117299072938003], [120.87224235229021, 24.11694390702343], [120.88150291989301, 24.10049699313309], [120.89152302931811, 24.09869384310524], [120.896167919693, 24.116452138834017]]]}, "properties": {"county": "臺中市", "town": "新社區"}}, {"type": "Feature", "geometry": {"type": "Polygon", "coordinates": [[[120.77478729385835, 24.243164408972554], [120.78606356860496, 24.249147588610402], [120.8015757496683, 24.245759852194453], [120.805724016544, 24.261660356985445], [120.81907442472847, 24.242617999873207], [120.82412829916153, 24.242317474868567], [120.81837330920018, 24.263845993382834], [120.81063182524201, 24.27857171861023], [120.78571301084082, 24.28362600277919], [120.76041442552847, 24.280675393642717], [120.76903230389699, 24.263190302463617], [120.76704580990018, 24.25371010458995], [120.77478729385835, 24.243164408972554]]]}, "properties": {"county": "臺中市", "town": "石岡區"}}, {"type": "Feature", "geometry": {"type": "Polygon", "coordinates": [[[120.70727571111372, 24.35788299938043], [120.68437260385636, 24.362254272175207], [120.68206476524242, 24.358484049389713], [120.65591899866672, 24.362582117634815], [120.63219792329302, 24.337802464979433], [120.6140857721456, 24.331573401246878], [120.60900268456552, 24.315809498730722], [120.62284971624919, 24.314962564626732], [120.64619102071174, 24.299307943930447], [120.6463370864468, 24.299144021200643], [120.65086512423365, 24.3149079237168], [120.66921098055715, 24.316191985100264], [120.71364417716234, 24.331573401246878], [120.71825985439023, 24.35583396525788], [120.70727571111372, 24.35788299938043]]]}, "properties": {"county": "臺中市", "town": "外埔區"}}, {"type": "Feature", "geometry": {"type": "Polygon", "coordinates": [[[120.5126285125731, 24.17696694658668], [120.519727307297, 24.161476248620197], [120.52586206816952, 24.14852635296568], [120.52367108214362, 24.139483282371486], [120.53225974736513, 24.12691587308651], [120.54958314354322, 24.113911336522055], [120.57260310338863, 24.10831064325375], [120.5818052446974, 24.109540063727277], [120.58849505536314, 24.129402034488535], [120.58624564304321, 24.13789869598338], [120.57467723682649, 24.147433534766982], [120.58437600163445, 24.170355396484585], [120.58364567295915, 24.174234901089946], [120.57052896995079, 24.1763658965774], [120.54184165958505, 24.170683241944193], [120.5258328550225, 24.17666642158204], [120.5126285125731, 24.17696694658668]]]}, "properties": {"county": "臺中市", "town": "大肚區"}}, {"type": "Feature", "geometry": {"type": "Polygon", "coordinates": [[[121.31765520478143, 24.44151091203547], [121.30547332247745, 24.432577123261147], [121.2698917094169, 24.42738623681735], [121.25978396055076, 24.429353309575], [121.2589075661404, 24.438041214254618], [121.25762218767187, 24.425036677690162], [121.24389200857625, 24.42009167534107], [121.24357066395913, 24.40572111602825], [121.23466065412047, 24.397333736353275], [121.23135956850813, 24.383673508869602], [121.21342269624279, 24.382116242936466], [121.21064744727666, 24.3957218295102], [121.19720939965116, 24.396596084069156], [121.19025667066232, 24.381624474747053], [121.17468606330495, 24.373838145081358], [121.16799625263921, 24.360724326697035], [121.14097409165315, 24.35963150849834], [121.12528663170774, 24.341982494589438], [121.12157656203722, 24.330671826232958], [121.10863513791092, 24.330999671692563], [121.08660842506391, 24.3175853283036], [121.08155455063084, 24.324032955675893], [121.0552627183201, 24.31029076682732], [121.0521076984428, 24.299007418925804], [121.03528092576391, 24.297176948442992], [121.02000244987667, 24.30922526908359], [121.00472397398941, 24.33195588761642], [120.99102300804081, 24.329770251219035], [120.9819669324671, 24.335917353586687], [120.97235580710017, 24.33351315354956], [120.9567851997428, 24.339305090002636], [120.93563488130616, 24.342938710513295], [120.91699689351253, 24.335726110401914], [120.92245975200376, 24.30359725536032], [120.9098396724946, 24.293980455211813], [120.90586668450098, 24.292614432463445], [120.89888474236511, 24.28835244148854], [120.87840632630974, 24.266195552510027], [120.88103550954081, 24.23529611794196], [120.89526231213563, 24.22368492458084], [120.89529152528264, 24.206582319771282], [120.88074337807069, 24.20177391969703], [120.8753681590205, 24.18469863534244], [120.86540647588942, 24.175764846568118], [120.86856149576671, 24.164290255481834], [120.8939477205201, 24.166366610059352], [120.89502860695954, 24.155247184887642], [120.88421974256512, 24.154646134878362], [120.88474557921133, 24.138991514182074], [120.89596342766392, 24.13926471873175], [120.896167919693, 24.116452138834017], [120.91988899506671, 24.107436388694794], [120.93183717219459, 24.11219014785911], [120.95012460222408, 24.1278447685554], [120.95704811806591, 24.124183827589775], [120.97521869550735, 24.116971227478395], [120.98897808774997, 24.118747057051273], [120.99864763941093, 24.12691587308651], [121.00709023889738, 24.14489273245502], [121.01988559728862, 24.1588808053983], [121.04757966065594, 24.160028264506927], [121.052604321942, 24.154755416698233], [121.09134095487985, 24.18273156258479], [121.10568461006272, 24.197211403717482], [121.13530674113284, 24.19620054688369], [121.14813131267108, 24.213057267598543], [121.1611311630914, 24.2153521858158], [121.1677041211691, 24.225378792788813], [121.18073318473643, 24.21226497440449], [121.19671277615195, 24.22316583593646], [121.20807669033961, 24.221663210913256], [121.21970352285037, 24.22925829739418], [121.23796173973282, 24.21969613815561], [121.24418414004637, 24.222510145017242], [121.25505143073482, 24.24321904988249], [121.26542209792406, 24.245650570374583], [121.2777500459631, 24.231853740616074], [121.2931161612914, 24.229176336029276], [121.30366210736271, 24.23376617246379], [121.32443265488821, 24.233001199724704], [121.3430122163878, 24.22357564276097], [121.3667332917615, 24.25193427501707], [121.38510836123203, 24.25513076824825], [121.38046347085712, 24.279500614079122], [121.40275310202725, 24.295947527969464], [121.40538228525833, 24.30832369406967], [121.42320230493561, 24.30824173270477], [121.43494599003442, 24.322584971562623], [121.43249208568541, 24.32960632848923], [121.43561789241569, 24.347255342398135], [121.44157737440614, 24.358593331209583], [121.45200646788939, 24.3646857926673], [121.43693248403123, 24.382935856585483], [121.41963830100015, 24.379220274709926], [121.3958003730384, 24.378018174691363], [121.38113537323841, 24.366871429064688], [121.3735691681623, 24.368155490448153], [121.36489286349976, 24.389082958953136], [121.34239874030055, 24.392661938553857], [121.32799665882366, 24.398289952277132], [121.32805508511768, 24.433915825554546], [121.31765520478143, 24.44151091203547]]]}, "properties": {"county": "臺中市", "town": "和平區"}}, {"type": "Feature", "geometry": {"type": "Polygon", "coordinates": [[[120.3525404669476, 23.314050376443138], [120.3515472199492, 23.325634249349292], [120.32963735969024, 23.33224579945139], [120.3075522205492, 23.33347521992492], [120.29589617489144, 23.3408517427661], [120.29300407333726, 23.324759994790337], [120.28277947188307, 23.31702830603458], [120.2725840835759, 23.32000623562602], [120.27635257954044, 23.303012912636333], [120.25759773915877, 23.284380362348603], [120.24848323729104, 23.285309257817495], [120.26314823709104, 23.254218580064656], [120.2804132069751, 23.26186830745551], [120.28464911329183, 23.276867237232583], [120.30074555729541, 23.29615547843953], [120.32502168246235, 23.29675652844881], [120.33144857480498, 23.303996449015155], [120.34243271808147, 23.318722174242556], [120.3525404669476, 23.314050376443138]]]}, "properties": {"county": "臺南市", "town": "新營區"}}, {"type": "Feature", "geometry": {"type": "Polygon", "coordinates": [[[120.21237578758426, 23.29170224427985], [120.21097355652769, 23.27804201679618], [120.19183894523486, 23.265884414335712], [120.20066131563247, 23.258644493769367], [120.21889031936793, 23.264026623397932], [120.22864751046993, 23.247251864047985], [120.24304959194681, 23.244355895821446], [120.26314823709104, 23.254218580064656], [120.24848323729104, 23.285309257817495], [120.25759773915877, 23.284380362348603], [120.27635257954044, 23.303012912636333], [120.2725840835759, 23.32000623562602], [120.28277947188307, 23.31702830603458], [120.29300407333726, 23.324759994790337], [120.29589617489144, 23.3408517427661], [120.28622662323048, 23.350304620184804], [120.27629415324641, 23.348228265607286], [120.25514383480976, 23.33060657215335], [120.23808335695479, 23.327082233462562], [120.22084760021774, 23.295991555709726], [120.21237578758426, 23.29170224427985]]]}, "properties": {"county": "臺南市", "town": "鹽水區"}}, {"type": "Feature", "geometry": {"type": "Polygon", "coordinates": [[[120.49512983751295, 23.393197734483532], [120.4794131644205, 23.387597041215226], [120.47403794537031, 23.39735044363857], [120.43836869286872, 23.4133875507044], [120.4234115615986, 23.406448155142694], [120.40941846417988, 23.412431334780543], [120.38686591468665, 23.404781607389687], [120.38341876333924, 23.394372514047127], [120.4001871097241, 23.388990384418562], [120.40500727898107, 23.36822683864338], [120.38850185091933, 23.365494793146645], [120.3860187334233, 23.35650636346239], [120.39031306603407, 23.33964964274754], [120.39855117349143, 23.33964964274754], [120.4160498485516, 23.32727347664733], [120.43129911129182, 23.32063460609027], [120.44800903138267, 23.30396912856019], [120.48604454879222, 23.293614676127564], [120.49220852281175, 23.29951589440051], [120.50266682944202, 23.2976854239177], [120.52197671961693, 23.28738561239501], [120.52627105222768, 23.295827632979922], [120.52259019570417, 23.311892060500718], [120.5400012313233, 23.327874526656615], [120.53372040471572, 23.336480469971328], [120.50360165014641, 23.351014952013955], [120.51236559424999, 23.35568674981337], [120.50345558441134, 23.368882529562597], [120.48335693926713, 23.375794604669334], [120.49790508647908, 23.385466045727775], [120.49512983751295, 23.393197734483532]]]}, "properties": {"county": "臺南市", "town": "白河區"}}, {"type": "Feature", "geometry": {"type": "Polygon", "coordinates": [[[120.35587076570697, 23.401721716433343], [120.34292934158067, 23.396694752719352], [120.33317215047869, 23.38582121164235], [120.31099937189661, 23.385575327547645], [120.3109409456026, 23.37543943875476], [120.29294564704323, 23.375384797844823], [120.28461990014482, 23.36350039993403], [120.28622662323048, 23.350304620184804], [120.29589617489144, 23.3408517427661], [120.3075522205492, 23.33347521992492], [120.32963735969024, 23.33224579945139], [120.3515472199492, 23.325634249349292], [120.3525404669476, 23.314050376443138], [120.35905499873127, 23.32342129249694], [120.37193799656355, 23.32667242663805], [120.39031306603407, 23.33964964274754], [120.3860187334233, 23.35650636346239], [120.38850185091933, 23.365494793146645], [120.40500727898107, 23.36822683864338], [120.4001871097241, 23.388990384418562], [120.38341876333924, 23.394372514047127], [120.38686591468665, 23.404781607389687], [120.35587076570697, 23.401721716433343]]]}, "properties": {"county": "臺南市", "town": "後壁區"}}, {"type": "Feature", "geometry": {"type": "Polygon", "coordinates": [[[120.28990747975399, 23.20225507471677], [120.25736403398267, 23.20132617924788], [120.23685640478028, 23.21564209765077], [120.23311712196275, 23.223619670501233], [120.22081838707072, 23.23137867971196], [120.20948368603008, 23.215396213556062], [120.19195579782291, 23.20965891801292], [120.1963377698747, 23.196736342813367], [120.2075848314743, 23.193758413221925], [120.21567687319661, 23.183677165338977], [120.21444992102212, 23.160236214976994], [120.24161814774322, 23.130757444067232], [120.25488091648666, 23.135046755497104], [120.26282689247391, 23.141931510148876], [120.26051905385997, 23.15348806260006], [120.2664785358504, 23.170290142404976], [120.28981984031294, 23.176082078858055], [120.28990747975399, 23.20225507471677]]]}, "properties": {"county": "臺南市", "town": "麻豆區"}}, {"type": "Feature", "geometry": {"type": "Polygon", "coordinates": [[[120.26314823709104, 23.254218580064656], [120.24304959194681, 23.244355895821446], [120.22864751046993, 23.247251864047985], [120.23203623552331, 23.241760452599546], [120.22081838707072, 23.23137867971196], [120.23311712196275, 23.223619670501233], [120.23685640478028, 23.21564209765077], [120.25736403398267, 23.20132617924788], [120.28990747975399, 23.20225507471677], [120.28736593596395, 23.21676223630443], [120.29320856536634, 23.223346465951558], [120.28841760925637, 23.239547495747193], [120.29919726050379, 23.248071477697003], [120.29937253938586, 23.26252399837473], [120.2804132069751, 23.26186830745551], [120.26314823709104, 23.254218580064656]]]}, "properties": {"county": "臺南市", "town": "下營區"}}, {"type": "Feature", "geometry": {"type": "Polygon", "coordinates": [[[120.29320856536634, 23.223346465951558], [120.32753401310538, 23.228510031940388], [120.35890893299621, 23.212773449879197], [120.37033127347789, 23.215532815830898], [120.37187957026953, 23.204468031569125], [120.38146148248944, 23.19605333143918], [120.39373100423445, 23.206134579322132], [120.4173060138731, 23.205287645218146], [120.4300137328233, 23.20069780878363], [120.44970339390936, 23.1993864269452], [120.45808756710178, 23.192337749563624], [120.46819531596792, 23.212691488514295], [120.47704689951254, 23.22301862049195], [120.43427885228705, 23.236870091160394], [120.42399582453884, 23.245366752655237], [120.42285651180538, 23.239957302571703], [120.39811297628626, 23.230559066062938], [120.37316494873805, 23.24102280031543], [120.36580323569103, 23.236432963880915], [120.35070003868586, 23.243727525357198], [120.3512843016261, 23.252196866397075], [120.33553841538665, 23.26331629156878], [120.31529370450737, 23.259081621048843], [120.29937253938586, 23.26252399837473], [120.29919726050379, 23.248071477697003], [120.28841760925637, 23.239547495747193], [120.29320856536634, 23.223346465951558]]]}, "properties": {"county": "臺南市", "town": "六甲區"}}, {"type": "Feature", "geometry": {"type": "Polygon", "coordinates": [[[120.28981984031294, 23.176082078858055], [120.29910962106275, 23.176355283407727], [120.32020151320538, 23.1685143128321], [120.34585065628187, 23.151001901198033], [120.35315394303485, 23.15154831029738], [120.37185035712251, 23.165263178690985], [120.39338044647032, 23.164279642312163], [120.39697366355279, 23.173158790176547], [120.4148521095241, 23.178431637985245], [120.4300137328233, 23.20069780878363], [120.4173060138731, 23.205287645218146], [120.39373100423445, 23.206134579322132], [120.38146148248944, 23.19605333143918], [120.37187957026953, 23.204468031569125], [120.37033127347789, 23.215532815830898], [120.35890893299621, 23.212773449879197], [120.32753401310538, 23.228510031940388], [120.29320856536634, 23.223346465951558], [120.28736593596395, 23.21676223630443], [120.28990747975399, 23.20225507471677], [120.28981984031294, 23.176082078858055]]]}, "properties": {"county": "臺南市", "town": "官田區"}}, {"type": "Feature", "geometry": {"type": "Polygon", "coordinates": [[[120.4300137328233, 23.20069780878363], [120.4148521095241, 23.178431637985245], [120.39697366355279, 23.173158790176547], [120.39338044647032, 23.164279642312163], [120.37185035712251, 23.165263178690985], [120.35315394303485, 23.15154831029738], [120.34585065628187, 23.151001901198033], [120.3393069113512, 23.13766951917397], [120.34342596507987, 23.122971114401537], [120.34999892315757, 23.11433785063186], [120.36787736912888, 23.10045905950845], [120.38476256810179, 23.102644695905834], [120.39989497825398, 23.10906500282316], [120.40255337463206, 23.11564923247029], [120.4182992608715, 23.104557127753548], [120.43576872278466, 23.120621555274347], [120.43115304555677, 23.137232391894493], [120.43372380249382, 23.153897869424572], [120.4568898280743, 23.189960869981466], [120.45808756710178, 23.192337749563624], [120.44970339390936, 23.1993864269452], [120.4300137328233, 23.20069780878363]]]}, "properties": {"county": "臺南市", "town": "大內區"}}, {"type": "Feature", "geometry": {"type": "Polygon", "coordinates": [[[120.19195579782291, 23.20965891801292], [120.17714473228786, 23.213319858978544], [120.17831325816833, 23.208593420269192], [120.16841000133128, 23.184278215348257], [120.15126188403526, 23.186873658570153], [120.1449810574277, 23.166820444624125], [120.15888651540538, 23.157176324020654], [120.14886640598029, 23.134391064577887], [120.15713372658468, 23.124145893965135], [120.17130210288546, 23.12152313028827], [120.17393128611654, 23.136494739610374], [120.18003683384204, 23.13676794416005], [120.19598721211057, 23.151411708022543], [120.19248163446913, 23.159826408152483], [120.20516014027231, 23.163132183203533], [120.21444992102212, 23.160236214976994], [120.21567687319661, 23.183677165338977], [120.2075848314743, 23.193758413221925], [120.1963377698747, 23.196736342813367], [120.19195579782291, 23.20965891801292]]]}, "properties": {"county": "臺南市", "town": "佳里區"}}, {"type": "Feature", "geometry": {"type": "Polygon", "coordinates": [[[120.18406824812969, 23.290308901076518], [120.18310421427829, 23.281702957761805], [120.16677406509861, 23.277714171336573], [120.15567306923407, 23.28894287832815], [120.14983043983167, 23.275228009934544], [120.15237198362172, 23.26755096208872], [120.14150469293327, 23.262442037009826], [120.13557442408985, 23.228974479674832], [120.1586820233763, 23.23793558890412], [120.16852685391933, 23.232717382005358], [120.17714473228786, 23.213319858978544], [120.19195579782291, 23.20965891801292], [120.20948368603008, 23.215396213556062], [120.22081838707072, 23.23137867971196], [120.23203623552331, 23.241760452599546], [120.22864751046993, 23.247251864047985], [120.21889031936793, 23.264026623397932], [120.20066131563247, 23.258644493769367], [120.19183894523486, 23.265884414335712], [120.21097355652769, 23.27804201679618], [120.21237578758426, 23.29170224427985], [120.20428374586196, 23.291893487464623], [120.19169287949981, 23.3002808671396], [120.18406824812969, 23.290308901076518]]]}, "properties": {"county": "臺南市", "town": "學甲區"}}, {"type": "Feature", "geometry": {"type": "Polygon", "coordinates": [[[120.21444992102212, 23.160236214976994], [120.20516014027231, 23.163132183203533], [120.19248163446913, 23.159826408152483], [120.19598721211057, 23.151411708022543], [120.18003683384204, 23.13676794416005], [120.17393128611654, 23.136494739610374], [120.17130210288546, 23.12152313028827], [120.17810876613925, 23.111086716490743], [120.17267512079502, 23.083547697883663], [120.18739854688906, 23.083110570604184], [120.20308600683447, 23.099939970864067], [120.20276466221733, 23.10720721188538], [120.22961154432132, 23.125785121263174], [120.24161814774322, 23.130757444067232], [120.21444992102212, 23.160236214976994]]]}, "properties": {"county": "臺南市", "town": "西港區"}}, {"type": "Feature", "geometry": {"type": "Polygon", "coordinates": [[[120.35841230949701, 23.071581338607967], [120.34053386352569, 23.083520377428695], [120.33729120420738, 23.067865756732406], [120.30279047758626, 23.053303954234813], [120.30165116485279, 23.059833542972008], [120.27787166318507, 23.05641848610109], [120.28669403358268, 23.04614599503337], [120.28280868503008, 23.03759469262859], [120.28418170293965, 23.019453910530274], [120.29250744983806, 23.01579296956465], [120.29577932230339, 23.013798576352034], [120.32873175213287, 23.009864430836735], [120.33474966041733, 22.994209810140447], [120.34392258857908, 22.98877303960195], [120.3530078772998, 23.000274951143197], [120.38426594460259, 23.008334485358564], [120.39270854408905, 23.007624153529413], [120.3889400481245, 23.019945678719687], [120.37532672161693, 23.020683331003806], [120.37798511799502, 23.04180204269356], [120.35998981943565, 23.063904290762142], [120.35841230949701, 23.071581338607967]]]}, "properties": {"county": "臺南市", "town": "新化區"}}, {"type": "Feature", "geometry": {"type": "Polygon", "coordinates": [[[120.34053386352569, 23.083520377428695], [120.34237429178745, 23.09078761845001], [120.33288001900857, 23.106551520966164], [120.30918815678187, 23.1106222687563], [120.27781323689103, 23.11141456195035], [120.26224262953367, 23.105240139127734], [120.25581573719104, 23.107972184624465], [120.24725628511653, 23.093902150316286], [120.24781133490977, 23.078138247800126], [120.24106309795, 23.066554374893975], [120.2469349404994, 23.06559815897012], [120.27787166318507, 23.05641848610109], [120.30165116485279, 23.059833542972008], [120.30279047758626, 23.053303954234813], [120.33729120420738, 23.067865756732406], [120.34053386352569, 23.083520377428695]]]}, "properties": {"county": "臺南市", "town": "新市區"}}, {"type": "Feature", "geometry": {"type": "Polygon", "coordinates": [[[120.24161814774322, 23.130757444067232], [120.22961154432132, 23.125785121263174], [120.20276466221733, 23.10720721188538], [120.20308600683447, 23.099939970864067], [120.18739854688906, 23.083110570604184], [120.19943436345797, 23.07873929780941], [120.20226803871813, 23.06775647491254], [120.22058468189462, 23.073930897735156], [120.24106309795, 23.066554374893975], [120.24781133490977, 23.078138247800126], [120.24725628511653, 23.093902150316286], [120.25581573719104, 23.107972184624465], [120.26729650396673, 23.116523487029244], [120.25488091648666, 23.135046755497104], [120.24161814774322, 23.130757444067232]]]}, "properties": {"county": "臺南市", "town": "安定區"}}, {"type": "Feature", "geometry": {"type": "Polygon", "coordinates": [[[120.4182992608715, 23.104557127753548], [120.40632187059661, 23.08688079338968], [120.41502738840617, 23.071772581792736], [120.43553501760856, 23.06338520211776], [120.44234168086234, 23.074368025014635], [120.45288762693366, 23.078575375079605], [120.47926709868545, 23.0730566431762], [120.48248054485677, 23.090814938904977], [120.49997921991692, 23.087399882034056], [120.51172290501573, 23.091825795738767], [120.52726429922609, 23.116250282479573], [120.50786676961015, 23.125129430343957], [120.48800182964203, 23.12368144623069], [120.48700858264363, 23.13818860781835], [120.47514804495677, 23.148297176156266], [120.47482670033963, 23.162531133194253], [120.46127180012608, 23.174442851560013], [120.4568898280743, 23.189960869981466], [120.43372380249382, 23.153897869424572], [120.43115304555677, 23.137232391894493], [120.43576872278466, 23.120621555274347], [120.4182992608715, 23.104557127753548]]]}, "properties": {"county": "臺南市", "town": "玉井區"}}, {"type": "Feature", "geometry": {"type": "Polygon", "coordinates": [[[120.51943517582689, 23.23949285483726], [120.49326019610417, 23.220778343184627], [120.47704689951254, 23.22301862049195], [120.46819531596792, 23.212691488514295], [120.45808756710178, 23.192337749563624], [120.4568898280743, 23.189960869981466], [120.46127180012608, 23.174442851560013], [120.47482670033963, 23.162531133194253], [120.47514804495677, 23.148297176156266], [120.48700858264363, 23.13818860781835], [120.48800182964203, 23.12368144623069], [120.50786676961015, 23.125129430343957], [120.52726429922609, 23.116250282479573], [120.54873596227988, 23.118736443881602], [120.55034268536554, 23.13168633953612], [120.54379894043485, 23.140811371495214], [120.5571201354723, 23.159553203602812], [120.57850415908504, 23.204358749749254], [120.57824124076194, 23.21479516354678], [120.56529981663564, 23.220996906824368], [120.55487072315238, 23.217554529498482], [120.54149110182091, 23.227827020566203], [120.52574521558147, 23.231515281986795], [120.51943517582689, 23.23949285483726]]]}, "properties": {"county": "臺南市", "town": "楠西區"}}, {"type": "Feature", "geometry": {"type": "Polygon", "coordinates": [[[120.57824124076194, 23.21479516354678], [120.57850415908504, 23.204358749749254], [120.5571201354723, 23.159553203602812], [120.54379894043485, 23.140811371495214], [120.55034268536554, 23.13168633953612], [120.54873596227988, 23.118736443881602], [120.52726429922609, 23.116250282479573], [120.51172290501573, 23.091825795738767], [120.49997921991692, 23.087399882034056], [120.48248054485677, 23.090814938904977], [120.47926709868545, 23.0730566431762], [120.45288762693366, 23.078575375079605], [120.44234168086234, 23.074368025014635], [120.43553501760856, 23.06338520211776], [120.43328560528865, 23.048960001895004], [120.44590568479781, 23.021612226472694], [120.44616860312091, 23.011121171765232], [120.46036619256871, 23.003389483009475], [120.47830306483405, 23.003526085284314], [120.48265582373884, 23.015574405924912], [120.50214099279582, 23.027595406110542], [120.53021482707429, 23.05589939745671], [120.54140346237988, 23.062210422554166], [120.55452016538824, 23.068821972656263], [120.5690975257472, 23.084339991077716], [120.588173710746, 23.11431053017689], [120.5884074159221, 23.12242470530219], [120.6011151348723, 23.144171787456198], [120.61183635982569, 23.151712233027183], [120.61662731593565, 23.163132183203533], [120.63617091128664, 23.17509854247923], [120.63657989534481, 23.19012479271127], [120.64332813230457, 23.203320572460495], [120.65142017402688, 23.20851145890429], [120.65343588117071, 23.224521245515156], [120.62822493529939, 23.229438927409277], [120.60970380009381, 23.222745415942278], [120.5974342783488, 23.22889251830993], [120.58653777451333, 23.224084118235677], [120.57824124076194, 23.21479516354678]]]}, "properties": {"county": "臺南市", "town": "南化區"}}, {"type": "Feature", "geometry": {"type": "Polygon", "coordinates": [[[120.46036619256871, 23.003389483009475], [120.44616860312091, 23.011121171765232], [120.44590568479781, 23.021612226472694], [120.43328560528865, 23.048960001895004], [120.43553501760856, 23.06338520211776], [120.41502738840617, 23.071772581792736], [120.40632187059661, 23.08688079338968], [120.39595120340736, 23.078821259174312], [120.35841230949701, 23.071581338607967], [120.35998981943565, 23.063904290762142], [120.37798511799502, 23.04180204269356], [120.37532672161693, 23.020683331003806], [120.3889400481245, 23.019945678719687], [120.39270854408905, 23.007624153529413], [120.40787016738824, 22.98811734868273], [120.40518255786314, 22.973883391644744], [120.42545648188944, 22.967490405182385], [120.43530131243247, 22.959458191421987], [120.44520456926952, 22.97948408491305], [120.45315054525676, 22.978582509899127], [120.46036619256871, 23.003389483009475]]]}, "properties": {"county": "臺南市", "town": "左鎮區"}}, {"type": "Feature", "geometry": {"type": "Polygon", "coordinates": [[[120.26983804775678, 22.896703106362], [120.26154151400539, 22.91612794984378], [120.26659538843845, 22.925854031812154], [120.26945827684563, 22.94402213436544], [120.27346047798626, 22.993718041951038], [120.2672088645257, 22.99655936926764], [120.24784054805677, 22.990685471449662], [120.23901817765916, 22.9801124553773], [120.23782043863167, 22.96109741872003], [120.21702067795917, 22.96057833007565], [120.21602743096076, 22.944896388924395], [120.20121636542571, 22.944841748014458], [120.19806134554841, 22.929542293232746], [120.19207265041096, 22.92118223401274], [120.21436228158107, 22.91047261566554], [120.23168567775917, 22.915390297559664], [120.23320476140378, 22.905418331496584], [120.25876626503924, 22.895337083613633], [120.26983804775678, 22.896703106362]]]}, "properties": {"county": "臺南市", "town": "仁德區"}}, {"type": "Feature", "geometry": {"type": "Polygon", "coordinates": [[[120.31646223038786, 22.89845161547991], [120.32137003908586, 22.911865958868876], [120.326628405548, 22.94317520026145], [120.31374540771574, 22.962381480103495], [120.3097432065751, 22.97568654167259], [120.29630515894961, 22.981888284950177], [120.3004242126783, 22.99593099880339], [120.29577932230339, 23.013798576352034], [120.29250744983806, 23.01579296956465], [120.27495034848387, 23.011011889945365], [120.27346047798626, 22.993718041951038], [120.26945827684563, 22.94402213436544], [120.26659538843845, 22.925854031812154], [120.26154151400539, 22.91612794984378], [120.26983804775678, 22.896703106362], [120.27819300780219, 22.89618401771762], [120.2845614738508, 22.9047353201224], [120.31646223038786, 22.89845161547991]]]}, "properties": {"county": "臺南市", "town": "歸仁區"}}, {"type": "Feature", "geometry": {"type": "Polygon", "coordinates": [[[120.37170429138745, 22.910827781580117], [120.35925949076035, 22.905691536046255], [120.3551988633257, 22.92396892041941], [120.35020341518666, 22.92962425459765], [120.34748659251454, 22.954540509527867], [120.35736063620458, 22.96716255972278], [120.37079868383007, 22.96683471426317], [120.36691333527749, 22.98451104862704], [120.3571853573225, 22.989237487336393], [120.3530078772998, 23.000274951143197], [120.34392258857908, 22.98877303960195], [120.33474966041733, 22.994209810140447], [120.32873175213287, 23.009864430836735], [120.29577932230339, 23.013798576352034], [120.3004242126783, 22.99593099880339], [120.29630515894961, 22.981888284950177], [120.3097432065751, 22.97568654167259], [120.31374540771574, 22.962381480103495], [120.326628405548, 22.94317520026145], [120.32137003908586, 22.911865958868876], [120.31646223038786, 22.89845161547991], [120.32703738960618, 22.89847893593488], [120.3325002480974, 22.889271942610883], [120.35107980959701, 22.888233765322124], [120.35946398278944, 22.901429545071352], [120.37170429138745, 22.910827781580117]]]}, "properties": {"county": "臺南市", "town": "關廟區"}}, {"type": "Feature", "geometry": {"type": "Polygon", "coordinates": [[[120.40868813550458, 22.91235772705829], [120.41651725890378, 22.916373833938486], [120.42840700973764, 22.940470475219684], [120.43530131243247, 22.959458191421987], [120.42545648188944, 22.967490405182385], [120.40518255786314, 22.973883391644744], [120.40787016738824, 22.98811734868273], [120.39270854408905, 23.007624153529413], [120.38426594460259, 23.008334485358564], [120.3530078772998, 23.000274951143197], [120.3571853573225, 22.989237487336393], [120.36691333527749, 22.98451104862704], [120.37079868383007, 22.96683471426317], [120.35736063620458, 22.96716255972278], [120.34748659251454, 22.954540509527867], [120.35020341518666, 22.92962425459765], [120.3551988633257, 22.92396892041941], [120.35925949076035, 22.905691536046255], [120.37170429138745, 22.910827781580117], [120.37751770764282, 22.918204304421298], [120.39898937069661, 22.922275052211432], [120.40868813550458, 22.91235772705829]]]}, "properties": {"county": "臺南市", "town": "龍崎區"}}, {"type": "Feature", "geometry": {"type": "Polygon", "coordinates": [[[120.27787166318507, 23.05641848610109], [120.2469349404994, 23.06559815897012], [120.24138444256714, 23.052320417855988], [120.22531721171056, 23.042075247243233], [120.22014648468945, 23.02956247886819], [120.20945447288307, 23.022950928766093], [120.22923177341016, 23.010383519481117], [120.23308790881575, 22.998499121570323], [120.24784054805677, 22.990685471449662], [120.2672088645257, 22.99655936926764], [120.27346047798626, 22.993718041951038], [120.27495034848387, 23.011011889945365], [120.29250744983806, 23.01579296956465], [120.28418170293965, 23.019453910530274], [120.28280868503008, 23.03759469262859], [120.28669403358268, 23.04614599503337], [120.27787166318507, 23.05641848610109]]]}, "properties": {"county": "臺南市", "town": "永康區"}}, {"type": "Feature", "geometry": {"type": "Polygon", "coordinates": [[[120.20945447288307, 23.022950928766093], [120.19359173405559, 23.020082280994522], [120.17317174429422, 23.00754219216451], [120.18786595724124, 23.007487551254577], [120.19540294917033, 23.001750255711435], [120.21228814814323, 22.99748826473653], [120.23308790881575, 22.998499121570323], [120.22923177341016, 23.010383519481117], [120.20945447288307, 23.022950928766093]]]}, "properties": {"county": "臺南市", "town": "北區"}}, {"type": "Feature", "geometry": {"type": "Polygon", "coordinates": [[[120.35893814614323, 22.500720432065325], [120.40185225910378, 22.473891745287393], [120.42446323489104, 22.468728179298566], [120.42571940021254, 22.498152309298394], [120.42285651180538, 22.518478727794097], [120.42747218903327, 22.53426995076522], [120.4136251573496, 22.53252144164731], [120.39250405205996, 22.537411803086467], [120.37371999853127, 22.52645630064456], [120.36028195090577, 22.507741788991932], [120.35893814614323, 22.500720432065325]]]}, "properties": {"county": "高雄市", "town": "林園區"}}, {"type": "Feature", "geometry": {"type": "Polygon", "coordinates": [[[120.21991277951335, 22.870639392323156], [120.21833526957471, 22.881349010670352], [120.2097758175002, 22.89082920854402], [120.1989961662528, 22.89052868353938], [120.19817819813646, 22.908177697448284], [120.1877491046532, 22.92025333854385], [120.17474925423288, 22.911702036139072], [120.19283219223327, 22.864765494505175], [120.1953445228763, 22.850203692007582], [120.20679607650499, 22.854902810261965], [120.21336903458267, 22.85113258747647], [120.21862740104483, 22.857170408024253], [120.21991277951335, 22.870639392323156]]]}, "properties": {"county": "高雄市", "town": "茄萣區"}}, {"type": "Feature", "geometry": {"type": "Polygon", "coordinates": [[[120.2547348507516, 22.824986912072724], [120.243487789152, 22.829221582592663], [120.23630135498705, 22.839985841849796], [120.21336903458267, 22.85113258747647], [120.20679607650499, 22.854902810261965], [120.1953445228763, 22.850203692007582], [120.20597810838865, 22.820151191543502], [120.19049514047232, 22.815288150559315], [120.19791527981336, 22.8052615435863], [120.21550159431455, 22.803458393558458], [120.23121826740697, 22.802256293539894], [120.23980693262848, 22.796136511627207], [120.25648763957231, 22.79539885934309], [120.26285610562091, 22.80280270263924], [120.25321576710698, 22.81812947787592], [120.2547348507516, 22.824986912072724]]]}, "properties": {"county": "高雄市", "town": "永安區"}}, {"type": "Feature", "geometry": {"type": "Polygon", "coordinates": [[[120.25648763957231, 22.79539885934309], [120.23980693262848, 22.796136511627207], [120.23121826740697, 22.802256293539894], [120.21550159431455, 22.803458393558458], [120.2339643032261, 22.760374036074957], [120.24316644453486, 22.743927122184616], [120.25876626503924, 22.770209399863198], [120.25233937269661, 22.789388359250275], [120.25648763957231, 22.79539885934309]]]}, "properties": {"county": "高雄市", "town": "彌陀區"}}, {"type": "Feature", "geometry": {"type": "Polygon", "coordinates": [[[120.26604033864523, 22.729939049241334], [120.26627404382131, 22.738572313011016], [120.27600202177629, 22.755756879185476], [120.2747750696018, 22.76712218845189], [120.25876626503924, 22.770209399863198], [120.24316644453486, 22.743927122184616], [120.25628314754323, 22.718546419519953], [120.26604033864523, 22.729939049241334]]]}, "properties": {"county": "高雄市", "town": "梓官區"}}, {"type": "Feature", "geometry": {"type": "Polygon", "coordinates": [[[121.52173824980693, 25.179108555243808], [121.50076321025234, 25.192932705457284], [121.49550484379019, 25.191074914519504], [121.48498811086588, 25.20828680114893], [121.49848458478542, 25.21590920808482], [121.49646887764159, 25.230471010582413], [121.46918379833242, 25.23986924709118], [121.4459009201639, 25.241863640303794], [121.43591002388581, 25.217111308103384], [121.43085614945275, 25.21590920808482], [121.41893718547186, 25.199271051009706], [121.41873269344279, 25.19153936225395], [121.40485644861211, 25.189818173591007], [121.40430139881889, 25.18309734166904], [121.41741810182725, 25.175529575643086], [121.44099311146589, 25.162579679988564], [121.45037053165673, 25.152716995745354], [121.45878391799617, 25.12293769983095], [121.50266206480812, 25.173070734696026], [121.52004388728022, 25.169382473275434], [121.52173824980693, 25.179108555243808]]]}, "properties": {"county": "新北市", "town": "淡水區"}}, {"type": "Feature", "geometry": {"type": "Polygon", "coordinates": [[[121.77568813678181, 25.070045299014172], [121.79479353492763, 25.07736718094542], [121.81340230957424, 25.05340714193906], [121.81687867406866, 25.042096473582582], [121.83393915192364, 25.04436407134487], [121.82973245875392, 25.06501833530018], [121.84764011787225, 25.089360860676084], [121.85733888268021, 25.09733843352655], [121.87550946012165, 25.094606388029813], [121.89569574470691, 25.101163297221976], [121.89762381240969, 25.11375802696192], [121.9225718399579, 25.1223093293667], [121.89706876261647, 25.119686565689836], [121.87597687047383, 25.125587783962782], [121.86505115349138, 25.123156263470687], [121.84068738888341, 25.12859303400919], [121.8284762934324, 25.12728165217076], [121.8034990527372, 25.13621544094508], [121.79458904289855, 25.126380077156835], [121.79777327592285, 25.114304436061268], [121.79014864455273, 25.112255401938718], [121.7729713141097, 25.120096372514347], [121.76689497953122, 25.112501286033424], [121.75182099567304, 25.111025981465186], [121.75000978055832, 25.10965995871682], [121.75988382424835, 25.100534926757728], [121.75912428242604, 25.08447049923693], [121.77568813678181, 25.070045299014172]]]}, "properties": {"county": "新北市", "town": "瑞芳區"}}, {"type": "Feature", "geometry": {"type": "Polygon", "coordinates": [[[121.40184749446988, 25.107583604139304], [121.39454420771689, 25.10135454040675], [121.37692868006869, 25.11974120659977], [121.36579847105713, 25.1397124591809], [121.35344130987107, 25.1315982840556], [121.32013832227744, 25.123429468020362], [121.30062394007346, 25.125232618048205], [121.28338818333641, 25.117828774752056], [121.28268706780813, 25.11006976554133], [121.29831610145952, 25.10449639272799], [121.30284413924637, 25.096764703972234], [121.32472478635833, 25.092611994817197], [121.33865945748303, 25.08365088558791], [121.35487275407466, 25.065373501214758], [121.38014212624, 25.065154937575016], [121.3823331122659, 25.070045299014172], [121.40003627935513, 25.065373501214758], [121.40827438681251, 25.075864555922216], [121.41078671745554, 25.095098156219226], [121.40184749446988, 25.107583604139304]]]}, "properties": {"county": "新北市", "town": "林口區"}}, {"type": "Feature", "geometry": {"type": "Polygon", "coordinates": [[[121.52173824980693, 25.179108555243808], [121.54283014194955, 25.188971239487017], [121.55921871742326, 25.21014459208671], [121.56599616753003, 25.215007633070897], [121.55562550034078, 25.22754772190091], [121.55398956410812, 25.23975996527131], [121.5458683092388, 25.243502867601837], [121.54823457414676, 25.266151524769764], [121.52407530156788, 25.263692683822704], [121.50765751294716, 25.28276236138991], [121.48092748343123, 25.270877963479116], [121.47155006324039, 25.25598831552191], [121.45267837027068, 25.2528191427457], [121.4459009201639, 25.241863640303794], [121.46918379833242, 25.23986924709118], [121.49646887764159, 25.230471010582413], [121.49848458478542, 25.21590920808482], [121.48498811086588, 25.20828680114893], [121.49550484379019, 25.191074914519504], [121.50076321025234, 25.192932705457284], [121.52173824980693, 25.179108555243808]]]}, "properties": {"county": "新北市", "town": "三芝區"}}, {"type": "Feature", "geometry": {"type": "Polygon", "coordinates": [[[121.45901762317226, 25.112719849673162], [121.46091647772805, 25.116189547454017], [121.45878391799617, 25.12293769983095], [121.45037053165673, 25.152716995745354], [121.44099311146589, 25.162579679988564], [121.41741810182725, 25.175529575643086], [121.40231490482206, 25.158782136748105], [121.39171053245673, 25.168016450527066], [121.38975325160693, 25.147717352486332], [121.36579847105713, 25.1397124591809], [121.37692868006869, 25.11974120659977], [121.39454420771689, 25.10135454040675], [121.40184749446988, 25.107583604139304], [121.40102952635354, 25.118047338391793], [121.42603598019578, 25.129685852207885], [121.45571653755991, 25.118484465671273], [121.45901762317226, 25.112719849673162]]]}, "properties": {"county": "新北市", "town": "八里區"}}, {"type": "Feature", "geometry": {"type": "Polygon", "coordinates": [[[120.62185646925079, 24.44028149156194], [120.59714214687867, 24.406376806947463], [120.63304510455636, 24.385995747541827], [120.61420262473365, 24.37473972009528], [120.60838920847827, 24.34944097879552], [120.58659620080736, 24.32340458521164], [120.59521407917589, 24.315235769176407], [120.60900268456552, 24.315809498730722], [120.6140857721456, 24.331573401246878], [120.63219792329302, 24.337802464979433], [120.65591899866672, 24.362582117634815], [120.68206476524242, 24.358484049389713], [120.68437260385636, 24.362254272175207], [120.70727571111372, 24.35788299938043], [120.69193880893245, 24.36829209272299], [120.66363126947788, 24.402306059157333], [120.64873256450178, 24.409545979723678], [120.63964727578106, 24.427768723186894], [120.62185646925079, 24.44028149156194]]]}, "properties": {"county": "臺中市", "town": "大甲區"}}, {"type": "Feature", "geometry": {"type": "Polygon", "coordinates": [[[120.59714214687867, 24.406376806947463], [120.5898680732727, 24.399300809110922], [120.5624953545225, 24.361325376706315], [120.54578543443166, 24.334879176297928], [120.53970909985318, 24.334879176297928], [120.57990639014162, 24.33198320807139], [120.58659620080736, 24.32340458521164], [120.60838920847827, 24.34944097879552], [120.61420262473365, 24.37473972009528], [120.63304510455636, 24.385995747541827], [120.59714214687867, 24.406376806947463]]]}, "properties": {"county": "臺中市", "town": "大安區"}}, {"type": "Feature", "geometry": {"type": "Polygon", "coordinates": [[[120.16262579822292, 23.309979628653004], [120.11804653588268, 23.34016873139192], [120.1110061674528, 23.33183599262688], [120.11080167542372, 23.310389435477514], [120.09631195450578, 23.299106087576], [120.09336142665758, 23.2653926461463], [120.08935922551694, 23.249628743630144], [120.0831368252034, 23.241132082135298], [120.0877817155783, 23.22982141377882], [120.09578611785957, 23.225532102348946], [120.12868012139502, 23.22670688191254], [120.13557442408985, 23.228974479674832], [120.14150469293327, 23.262442037009826], [120.15237198362172, 23.26755096208872], [120.14983043983167, 23.275228009934544], [120.15567306923407, 23.28894287832815], [120.16677406509861, 23.277714171336573], [120.18310421427829, 23.281702957761805], [120.18406824812969, 23.290308901076518], [120.17565486179025, 23.294406969321617], [120.16262579822292, 23.309979628653004]]]}, "properties": {"county": "臺南市", "town": "北門區"}}, {"type": "Feature", "geometry": {"type": "Polygon", "coordinates": [[[120.17267512079502, 23.083547697883663], [120.14907089800937, 23.091361348004323], [120.11144436465797, 23.08797361158837], [120.10101527117472, 23.084941041086996], [120.07554140698029, 23.060352631616386], [120.06265840914801, 23.044014999545915], [120.08713902634403, 23.032649690279502], [120.11018819933646, 23.01888018097596], [120.13943055949542, 22.997433623826595], [120.15944156519862, 23.005629760316797], [120.17317174429422, 23.00754219216451], [120.19359173405559, 23.020082280994522], [120.20945447288307, 23.022950928766093], [120.22014648468945, 23.02956247886819], [120.22531721171056, 23.042075247243233], [120.24138444256714, 23.052320417855988], [120.2469349404994, 23.06559815897012], [120.24106309795, 23.066554374893975], [120.22058468189462, 23.073930897735156], [120.20226803871813, 23.06775647491254], [120.19943436345797, 23.07873929780941], [120.18739854688906, 23.083110570604184], [120.17267512079502, 23.083547697883663]]]}, "properties": {"county": "臺南市", "town": "安南區"}}, {"type": "Feature", "geometry": {"type": "Polygon", "coordinates": [[[121.28338818333641, 25.117828774752056], [121.25975474740375, 25.123620711205135], [121.24839083321609, 25.119522642960032], [121.25808959802407, 25.09351356983112], [121.272579318942, 25.080181187807057], [121.24833240692207, 25.04982816233834], [121.23676400070534, 25.04258824177199], [121.23547862223681, 25.02862748928368], [121.24760207824677, 25.010677950370134], [121.25978396055076, 24.987045756823385], [121.27424446832167, 24.992263963722145], [121.27941519534279, 25.002317891150128], [121.27167371138462, 25.022316464186225], [121.28420615145275, 25.032124507519498], [121.28870497609259, 25.026387211976356], [121.30249358148222, 25.03316268480826], [121.3026688603643, 25.047369321391276], [121.31558107134359, 25.051030262356903], [121.32928203729219, 25.060783664780242], [121.35487275407466, 25.065373501214758], [121.33865945748303, 25.08365088558791], [121.32472478635833, 25.092611994817197], [121.30284413924637, 25.096764703972234], [121.29831610145952, 25.10449639272799], [121.28268706780813, 25.11006976554133], [121.28338818333641, 25.117828774752056]]]}, "properties": {"county": "桃園市", "town": "蘆竹區"}}, {"type": "Feature", "geometry": {"type": "Polygon", "coordinates": [[[121.35487275407466, 25.065373501214758], [121.32928203729219, 25.060783664780242], [121.31558107134359, 25.051030262356903], [121.3026688603643, 25.047369321391276], [121.30249358148222, 25.03316268480826], [121.32475399950533, 25.019939584604064], [121.33220335199339, 25.004831373007125], [121.32127763501092, 24.987100397733318], [121.32977866079139, 24.97904086351795], [121.34204818253642, 24.980953295365666], [121.3688950646404, 24.97680058621063], [121.3820994070898, 24.98390390450214], [121.38423196682167, 24.995733661503], [121.39428128939377, 24.993493384195677], [121.40322051237943, 24.99933996155869], [121.3975239487121, 25.016224002728507], [121.41210130907108, 25.01947513686962], [121.39825427738741, 25.03015743476185], [121.40301602035035, 25.04548420999853], [121.3889352834906, 25.06070170341534], [121.38014212624, 25.065154937575016], [121.35487275407466, 25.065373501214758]]]}, "properties": {"county": "桃園市", "town": "龜山區"}}, {"type": "Feature", "geometry": {"type": "Polygon", "coordinates": [[[121.14994252778583, 24.844378340983916], [121.17632199953762, 24.83200217488371], [121.1831286627914, 24.825035458867035], [121.20083182988064, 24.817822858755658], [121.20959577398423, 24.809490119990617], [121.21704512647227, 24.812413408672125], [121.22151473796511, 24.799518153927536], [121.24310325360693, 24.808725147251533], [121.2561907434683, 24.832739827167828], [121.26767151024399, 24.848831575143592], [121.25881992669936, 24.86470475947962], [121.24786499656989, 24.858366413927197], [121.24926722762646, 24.886042034809115], [121.23436852265036, 24.886752366638266], [121.22878881157108, 24.893855684929775], [121.19542739768343, 24.88784518483696], [121.18464774643603, 24.889948859869445], [121.17477370274598, 24.8814521983746], [121.1755624577153, 24.872135923230736], [121.15815142209618, 24.875305096006947], [121.1613648682675, 24.859595834400725], [121.14994252778583, 24.844378340983916]]]}, "properties": {"county": "桃園市", "town": "龍潭區"}}, {"type": "Feature", "geometry": {"type": "Polygon", "coordinates": [[[121.47999266272684, 24.673871381532724], [121.47303993373801, 24.689662604503848], [121.4742376727655, 24.69611023187614], [121.45034131850971, 24.705563109294843], [121.43535497409259, 24.73288356426219], [121.4234067969647, 24.76309998745607], [121.44610541219298, 24.781841819563667], [121.45037053165673, 24.790912210612824], [121.43824707564677, 24.795338124317535], [121.43643586053203, 24.812194845032383], [121.42997975504238, 24.81492689052912], [121.41563609985951, 24.835499193119528], [121.40269467573323, 24.843586047789863], [121.39366781330654, 24.843995854614374], [121.37789271392008, 24.834488336285737], [121.35779406877586, 24.83951529999973], [121.34675149920534, 24.84588096600712], [121.33582578222287, 24.844924750083262], [121.32793823252965, 24.822330733825268], [121.31958327248422, 24.81932548377886], [121.31636982631291, 24.803479619897804], [121.28616343230254, 24.816210951912584], [121.24316167990096, 24.808752467706498], [121.24783578342287, 24.796622185701], [121.25849858208224, 24.78509295370478], [121.27742870134598, 24.770940958031694], [121.29305773499738, 24.765394905673325], [121.30769352165036, 24.754985812330766], [121.29811160943044, 24.733238730176762], [121.30760588220932, 24.719906348152698], [121.29948462734001, 24.695591143231763], [121.31818104142765, 24.69799534326889], [121.32939888988024, 24.691329152256856], [121.33898080210015, 24.67906226797652], [121.33985719651052, 24.670128479202198], [121.35364580190016, 24.665128835943175], [121.35238963657865, 24.643545676518976], [121.36556476588103, 24.630868985414125], [121.35884574206828, 24.61737268066026], [121.36331535356112, 24.603138723622273], [121.37278041319298, 24.593740487113507], [121.39133076154558, 24.586445925637225], [121.40301602035035, 24.591691452990958], [121.41326983495155, 24.60346656908188], [121.4278179821635, 24.606089332758746], [121.43482913744637, 24.624475998951766], [121.45136377865514, 24.651058801634992], [121.44791662730772, 24.65510222897016], [121.45948503352446, 24.673161049703573], [121.47999266272684, 24.673871381532724]]]}, "properties": {"county": "桃園市", "town": "復興區"}}, {"type": "Feature", "geometry": {"type": "Polygon", "coordinates": [[[120.49515905065995, 23.45286560813221], [120.50923978751972, 23.47485857438092], [120.50129381153246, 23.489830183703027], [120.48391198906035, 23.495731401975974], [120.48315244723804, 23.505375522579445], [120.47348289557709, 23.50685082714768], [120.46384255706315, 23.499392342941597], [120.45326739784481, 23.515866577286904], [120.43378222878785, 23.50982875673912], [120.4476000473245, 23.486661010926813], [120.45174831420019, 23.462591690100584], [120.44701578438426, 23.454996603619662], [120.44964496761533, 23.44341273071351], [120.46866272632012, 23.461608153721762], [120.47698847321853, 23.461935999181367], [120.49515905065995, 23.45286560813221]]]}, "properties": {"county": "嘉義市", "town": "東區"}}, {"type": "Feature", "geometry": {"type": "Polygon", "coordinates": [[[120.39416920143964, 23.46253704919065], [120.41125889244162, 23.464777326497973], [120.42928340414801, 23.461034424167448], [120.43015979855836, 23.452537762672602], [120.4395372187492, 23.439560546563115], [120.44964496761533, 23.44341273071351], [120.44701578438426, 23.454996603619662], [120.45174831420019, 23.462591690100584], [120.4476000473245, 23.486661010926813], [120.43378222878785, 23.50982875673912], [120.40880498809263, 23.50655030214304], [120.38934903218266, 23.498572729292576], [120.39925228901971, 23.47106103114046], [120.39416920143964, 23.46253704919065]]]}, "properties": {"county": "嘉義市", "town": "西區"}}, {"type": "Feature", "geometry": {"type": "Polygon", "coordinates": [[[120.75150441568982, 22.45848300868581], [120.75819422635556, 22.45851032914078], [120.77645244323803, 22.44892084944724], [120.77502099903444, 22.44427637210279], [120.78962757254043, 22.417638928509632], [120.78033779179061, 22.40944279201943], [120.76494246331532, 22.40892370337505], [120.75550661683046, 22.403022485102102], [120.74750221454919, 22.37138539824992], [120.74347080026153, 22.367260009549852], [120.7631896744946, 22.35895459123978], [120.76795141745755, 22.347398038788594], [120.78507032160655, 22.345512927395845], [120.79249046094759, 22.335622922697667], [120.79678479355834, 22.31832907470334], [120.7871152418974, 22.309204042744245], [120.77817601891174, 22.308493710915094], [120.77773782170655, 22.297975335752668], [120.788605112395, 22.293986549327435], [120.79818702461492, 22.27647413769337], [120.79973532140656, 22.257185896486423], [120.81518907617587, 22.263251037489173], [120.83978654595994, 22.243716912187523], [120.85865823892966, 22.240820943960987], [120.86642893603484, 22.229838121064112], [120.89631398542807, 22.24642163722929], [120.89187358708224, 22.27748499452716], [120.89184437393524, 22.291609669745277], [120.88532984215158, 22.30021561305999], [120.87247605746632, 22.302619813097117], [120.85854138634161, 22.316307361035754], [120.86613680456472, 22.334584745408907], [120.86555254162448, 22.34742535924356], [120.85684702381492, 22.357889093496052], [120.87793891595754, 22.363380504944487], [120.87793891595754, 22.374937057395673], [120.88866014091093, 22.381193441583196], [120.88582646565078, 22.39630165318014], [120.87370300964082, 22.405044198769687], [120.88676128635515, 22.409606714749234], [120.88787138594161, 22.423103019503102], [120.9039970430922, 22.431517719633042], [120.91804856680496, 22.46269035875078], [120.92517657467587, 22.462881601935553], [120.94244154455994, 22.479383156735828], [120.94147751070854, 22.48809838187041], [120.91641263057228, 22.50858872309592], [120.87539737216751, 22.48905459779427], [120.8656109679185, 22.491868604655906], [120.85772341822528, 22.481049704488836], [120.83931913560775, 22.47656914987419], [120.810573398948, 22.483180699976288], [120.79231518206552, 22.493535152408914], [120.77797152688265, 22.49230573193538], [120.77066824012967, 22.502386979818333], [120.76085262273365, 22.503425157107092], [120.76435820037509, 22.49539294334669], [120.75746389768027, 22.48184199768289], [120.75150441568982, 22.45848300868581]]]}, "properties": {"county": "臺東縣", "town": "達仁鄉"}}, {"type": "Feature", "geometry": {"type": "Polygon", "coordinates": [[[120.89184437393524, 22.291609669745277], [120.89491175437149, 22.33466670677381], [120.90262402518265, 22.352534284322452], [120.9088464254962, 22.359200475334486], [120.91486433378066, 22.384936343913722], [120.92210919423962, 22.39843264866759], [120.94658981143563, 22.45747215185202], [120.92517657467587, 22.462881601935553], [120.91804856680496, 22.46269035875078], [120.9039970430922, 22.431517719633042], [120.88787138594161, 22.423103019503102], [120.88676128635515, 22.409606714749234], [120.87370300964082, 22.405044198769687], [120.88582646565078, 22.39630165318014], [120.88866014091093, 22.381193441583196], [120.87793891595754, 22.374937057395673], [120.87793891595754, 22.363380504944487], [120.85684702381492, 22.357889093496052], [120.86555254162448, 22.34742535924356], [120.86613680456472, 22.334584745408907], [120.85854138634161, 22.316307361035754], [120.87247605746632, 22.302619813097117], [120.88532984215158, 22.30021561305999], [120.89184437393524, 22.291609669745277]]]}, "properties": {"county": "臺東縣", "town": "大武鄉"}}, {"type": "Feature", "geometry": {"type": "Polygon", "coordinates": [[[121.21590581373881, 23.009345342192358], [121.22557536539976, 23.026338665182045], [121.19501841362526, 23.029835683417865], [121.17944780626789, 23.03491728804179], [121.20053969841052, 23.0621011407343], [121.20045205896949, 23.073329847725876], [121.18695558504996, 23.111933650594732], [121.1752995393922, 23.122479346212128], [121.17614672065554, 23.094831045785174], [121.16551313514319, 23.07781040234052], [121.14947511743364, 23.045654226843958], [121.14629088440932, 23.01967247417001], [121.13092476908105, 22.9948381806047], [121.15715817509778, 22.996723291997444], [121.17416022665873, 22.98524870091116], [121.18082082417746, 22.986396160019787], [121.19896218847188, 23.001640973891565], [121.20898229789698, 23.00188685798627], [121.21590581373881, 23.009345342192358]]]}, "properties": {"county": "臺東縣", "town": "關山鎮"}}, {"type": "Feature", "geometry": {"type": "Polygon", "coordinates": [[[121.13092476908105, 22.9948381806047], [121.14629088440932, 23.01967247417001], [121.14947511743364, 23.045654226843958], [121.16551313514319, 23.07781040234052], [121.17614672065554, 23.094831045785174], [121.1752995393922, 23.122479346212128], [121.18041184011929, 23.137724160083906], [121.1743355055408, 23.147204357957573], [121.17810400150535, 23.154307676249083], [121.19507683991928, 23.157504169480262], [121.21207889148025, 23.144171787456198], [121.21248787553841, 23.15474480352856], [121.19916668050097, 23.17507122202426], [121.19823185979658, 23.188458244958262], [121.18952634198702, 23.203703058830037], [121.17565009715634, 23.210178006657298], [121.16092667106231, 23.205970656592328], [121.15470427074877, 23.199140542850493], [121.1398639920667, 23.20154474288762], [121.12937647228941, 23.223319145496593], [121.10886884308702, 23.22353770913633], [121.09245105446631, 23.233892161568953], [121.0836286840687, 23.232963266100064], [121.07004457070813, 23.24875448907119], [121.06241993933801, 23.265857093880744], [121.06206938157388, 23.279408039544546], [121.05631439161252, 23.290308901076518], [121.0389033559934, 23.30066335350914], [121.02832819677508, 23.297111694363387], [121.0108003085679, 23.292767742023578], [120.98608598619579, 23.28030961455847], [120.97028167366233, 23.280582819108144], [120.95815821765237, 23.2653926461463], [120.93788429362607, 23.24492962537576], [120.9271922818197, 23.244656420826086], [120.91547780986791, 23.237525782079608], [120.91173852705037, 23.228428070575482], [120.91170931390336, 23.210205327112266], [120.90645094744121, 23.196709022358398], [120.91246885572568, 23.186764376750286], [120.89844654515994, 23.17624600158786], [120.89499939381253, 23.16070066271144], [120.876595111195, 23.1509472602881], [120.88787138594161, 23.136385457790503], [120.88503771068144, 23.120020505265064], [120.88915676441013, 23.100486379963414], [120.88261301947946, 23.08332913424392], [120.86929182444202, 23.059942824791875], [120.88126921471691, 23.044206242730688], [120.87945799960217, 23.03464408349212], [120.8634199818926, 23.032267203909957], [120.86067394607349, 23.008061280808892], [120.8421528108679, 22.99123188054901], [120.84118877701651, 22.98401928043763], [120.82938666562369, 22.97516745302821], [120.83017542059301, 22.97033173249899], [120.84866734265157, 22.964649077865783], [120.86073237236751, 22.955250841357017], [120.88848486202886, 22.959048384597477], [120.90493186379659, 22.946699538952238], [120.92514736152886, 22.948311445795312], [120.93998764021093, 22.961452584634603], [120.94843023969739, 22.96142526417964], [120.96099189291252, 22.972052921161932], [120.9653446518173, 22.987215773668808], [120.97294007004041, 22.99524798742921], [120.98900730089699, 22.990521548719858], [121.01290365515275, 22.991067957819205], [121.02739337607069, 22.985631187280703], [121.04687854512765, 22.988226630502602], [121.05599304699538, 22.993035030576852], [121.0792174988699, 22.995985639713325], [121.1051587734165, 22.99060351008476], [121.12219003812447, 22.981150632666058], [121.13092476908105, 22.9948381806047]]]}, "properties": {"county": "臺東縣", "town": "海端鄉"}}, {"type": "Feature", "geometry": {"type": "Polygon", "coordinates": [[[120.92520578782289, 24.85481475478144], [120.90574983191293, 24.828532477102858], [120.92628667426233, 24.825800431606122], [120.94010449279898, 24.818997638319253], [120.94670666402368, 24.809298876805848], [120.94971561816591, 24.79159522198701], [120.95620093680256, 24.784546544605433], [120.96277389488026, 24.799354231197732], [120.99105222118783, 24.82399728157828], [120.98144109582088, 24.831209881689656], [120.95529532924519, 24.834379054465867], [120.9448078094679, 24.841072565932866], [120.94042583741611, 24.84997903425222], [120.92520578782289, 24.85481475478144]]]}, "properties": {"county": "新竹市", "town": "北區"}}, {"type": "Feature", "geometry": {"type": "Polygon", "coordinates": [[[120.93426186339659, 24.713130875320797], [120.93543038927707, 24.71258446622145], [120.93805957250814, 24.729577789211138], [120.94612240108344, 24.74528705081736], [120.96078740088345, 24.750887744085666], [120.96367950243763, 24.765094380668685], [120.95620093680256, 24.784546544605433], [120.94971561816591, 24.79159522198701], [120.94670666402368, 24.809298876805848], [120.94010449279898, 24.818997638319253], [120.92628667426233, 24.825800431606122], [120.90574983191293, 24.828532477102858], [120.89210729225834, 24.791950387901583], [120.89318817869778, 24.76135147833816], [120.87455019090416, 24.738347655255655], [120.88103550954081, 24.733293371086695], [120.89721959298544, 24.733348011996632], [120.90586668450098, 24.74066989392788], [120.91629577798425, 24.72154557545074], [120.93426186339659, 24.713130875320797]]]}, "properties": {"county": "新竹市", "town": "香山區"}}, {"type": "Feature", "geometry": {"type": "Polygon", "coordinates": [[[121.77197806711129, 24.771542008040978], [121.781034142685, 24.784628505970336], [121.78848349517305, 24.78438262187563], [121.79415084569337, 24.795720610687077], [121.80373275791328, 24.793534974289688], [121.81658654259854, 24.807714290417742], [121.81430791713161, 24.81894299740932], [121.8013372798583, 24.825964354335927], [121.77872630407106, 24.84487010917333], [121.77267918263958, 24.856508622989416], [121.75845238004476, 24.85063472517144], [121.74738059732724, 24.85369461612778], [121.7326279580862, 24.85582561161523], [121.70753386480293, 24.838832288625547], [121.68766892483481, 24.824325127037884], [121.68933407421449, 24.817331090566245], [121.66876801871807, 24.816921283741735], [121.66073440328978, 24.810856142738984], [121.63006059892724, 24.80894371089127], [121.62354606714358, 24.794381908393678], [121.64846488154477, 24.795256162952633], [121.67382189315114, 24.783590328681576], [121.68539029936787, 24.785065633249815], [121.71352255994039, 24.780339194540463], [121.73367963137864, 24.768509437539603], [121.73806160343042, 24.782142344568307], [121.76222087600931, 24.779710824076215], [121.77197806711129, 24.771542008040978]]]}, "properties": {"county": "宜蘭縣", "town": "礁溪鄉"}}, {"type": "Feature", "geometry": {"type": "Polygon", "coordinates": [[[121.35040314258183, 23.443057564798934], [121.33807519454278, 23.431036564613304], [121.3378414893667, 23.42499874406552], [121.31674959722406, 23.394071989042487], [121.31847317289777, 23.389290909423202], [121.29898800384079, 23.36639636816057], [121.32230009515634, 23.35751722029618], [121.31698330240016, 23.34869271334173], [121.2684602652133, 23.32773792438178], [121.27444896035075, 23.311127087761633], [121.29004878085514, 23.304105730835026], [121.27269617153004, 23.296838489813712], [121.27874329296151, 23.283779312339323], [121.28093427898742, 23.26126725744623], [121.29965990622208, 23.277659530426636], [121.31350693790574, 23.276457430408072], [121.32507534412247, 23.292931664753382], [121.33532915872367, 23.29779470573757], [121.34771553305673, 23.278916271355136], [121.35431770428143, 23.283533428244617], [121.37713317209777, 23.283533428244617], [121.37780507447904, 23.300745314874042], [121.39772844074119, 23.321700103833994], [121.40976425731012, 23.34593334739003], [121.42282253402446, 23.36003070215318], [121.40611261393362, 23.365494793146645], [121.40000706620812, 23.385220161633068], [121.41245186683521, 23.402295445987658], [121.41957987470613, 23.41942537125218], [121.44727393807347, 23.443795217083053], [121.44581328072286, 23.451772789933518], [121.43827628879377, 23.47589675166968], [121.41458442656709, 23.48062319037903], [121.41832370938462, 23.493163279209043], [121.41110806207267, 23.495786042885907], [121.40418454623084, 23.485513551818187], [121.387503839287, 23.473902358457064], [121.37199165822366, 23.454969283164697], [121.36246817229777, 23.43507999194847], [121.35040314258183, 23.443057564798934]]]}, "properties": {"county": "花蓮縣", "town": "玉里鎮"}}, {"type": "Feature", "geometry": {"type": "Polygon", "coordinates": [[[121.01526992006073, 23.43540783740808], [121.02923380433243, 23.422785787213165], [121.02263163310774, 23.400273732320073], [121.0064183365161, 23.396558150444516], [121.00007908361451, 23.382378834316466], [120.98810169333962, 23.37068567959044], [120.9870792331942, 23.358719320314744], [121.0000498704675, 23.35653368391736], [121.01009919303961, 23.34590602693506], [121.02003166302367, 23.350386581549706], [121.02476419283961, 23.33986820638728], [121.04816392359619, 23.325880133444], [121.04646956106949, 23.30910537409405], [121.03189220071053, 23.303668603555547], [121.02832819677508, 23.297111694363387], [121.0389033559934, 23.30066335350914], [121.05631439161252, 23.290308901076518], [121.06206938157388, 23.279408039544546], [121.06241993933801, 23.265857093880744], [121.07004457070813, 23.24875448907119], [121.0836286840687, 23.232963266100064], [121.09245105446631, 23.233892161568953], [121.10886884308702, 23.22353770913633], [121.12937647228941, 23.223319145496593], [121.1398639920667, 23.20154474288762], [121.15470427074877, 23.199140542850493], [121.16092667106231, 23.205970656592328], [121.17565009715634, 23.210178006657298], [121.18952634198702, 23.203703058830037], [121.19823185979658, 23.188458244958262], [121.19916668050097, 23.17507122202426], [121.21248787553841, 23.15474480352856], [121.21207889148025, 23.144171787456198], [121.22060913040774, 23.150291569368882], [121.22943150080535, 23.16695704689896], [121.24161338310932, 23.17889608571969], [121.24491446872167, 23.187747913129108], [121.26717488674478, 23.22170723865352], [121.26711646045077, 23.230176579693396], [121.27719499616988, 23.257797559665377], [121.28093427898742, 23.26126725744623], [121.27874329296151, 23.283779312339323], [121.27269617153004, 23.296838489813712], [121.29004878085514, 23.304105730835026], [121.27444896035075, 23.311127087761633], [121.2684602652133, 23.32773792438178], [121.31698330240016, 23.34869271334173], [121.32230009515634, 23.35751722029618], [121.29898800384079, 23.36639636816057], [121.31847317289777, 23.389290909423202], [121.31674959722406, 23.394071989042487], [121.3378414893667, 23.42499874406552], [121.33807519454278, 23.431036564613304], [121.35040314258183, 23.443057564798934], [121.34368411876908, 23.45710027865215], [121.32525062300454, 23.467236167445034], [121.31920350157307, 23.474230203916672], [121.32378996565394, 23.484420733619494], [121.31496759525633, 23.48843684049969], [121.3185608123388, 23.499938752040944], [121.32755846161848, 23.502780079357546], [121.32381917880096, 23.521248706915472], [121.32230009515634, 23.561519057537335], [121.31473389008023, 23.56212010754662], [121.28379716739458, 23.543132391344315], [121.26326032504518, 23.53892504127934], [121.25026047462487, 23.549470736896737], [121.25385369170733, 23.55807668021145], [121.2442717794874, 23.592281889830563], [121.24558637110295, 23.615231072003134], [121.22084283558382, 23.599494489941943], [121.21333505680175, 23.600314103590964], [121.20623626207785, 23.59580622852135], [121.19455100327308, 23.600532667230702], [121.16942769684279, 23.58657191474239], [121.15338967913323, 23.586790478382127], [121.15189980863562, 23.57392254409251], [121.16034240812208, 23.567830082634792], [121.1476639023189, 23.55294043467759], [121.1508481353432, 23.545782475476145], [121.14696278679061, 23.527177245643387], [121.13556965945594, 23.515238206822655], [121.12046646245076, 23.520975502365797], [121.09210049670216, 23.514828399998144], [121.06852548706351, 23.518489340963768], [121.06206938157388, 23.499419663396566], [121.03902020858145, 23.474448767556414], [121.05900200113761, 23.461881358271434], [121.05158186179658, 23.450761933099724], [121.0335281369432, 23.445434444381092], [121.01526992006073, 23.43540783740808]]]}, "properties": {"county": "花蓮縣", "town": "卓溪鄉"}}, {"type": "Feature", "geometry": {"type": "Polygon", "coordinates": [[[120.97702991062208, 24.673652817892986], [120.97641643453484, 24.683133015766654], [120.96519858608224, 24.68799605675084], [120.97405016962686, 24.699388686472226], [120.97378725130376, 24.7118741343923], [120.93543038927707, 24.71258446622145], [120.93426186339659, 24.713130875320797], [120.9242709671185, 24.704606893370986], [120.88594331823882, 24.702339295608695], [120.89108483211292, 24.691329152256856], [120.88249616689141, 24.68348818168123], [120.87694566895914, 24.647862308403813], [120.87831868686871, 24.633764953640664], [120.89657690375117, 24.625432214875623], [120.91273177404878, 24.64174252649113], [120.9105992143169, 24.653681565311857], [120.92900349693444, 24.662669994996115], [120.93978314818185, 24.657506429007285], [120.95056279942926, 24.678925665701684], [120.97702991062208, 24.673652817892986]]]}, "properties": {"county": "苗栗縣", "town": "頭份市"}}, {"type": "Feature", "geometry": {"type": "Polygon", "coordinates": [[[120.63316195714441, 24.259283477403287], [120.64128321201373, 24.26502077294643], [120.64695056253404, 24.276659286762516], [120.63620012443366, 24.28436365506331], [120.64619102071174, 24.299307943930447], [120.62284971624919, 24.314962564626732], [120.60900268456552, 24.315809498730722], [120.59521407917589, 24.315235769176407], [120.58659620080736, 24.32340458521164], [120.57990639014162, 24.33198320807139], [120.53970909985318, 24.334879176297928], [120.53231817365915, 24.320508616985105], [120.52372950843764, 24.315782178275754], [120.50953191898984, 24.287997275573964], [120.53421702821493, 24.271550361683627], [120.53988437873525, 24.262725854729172], [120.5627290596986, 24.257890134199954], [120.57234018506553, 24.258955631943678], [120.58720967689462, 24.267015166159045], [120.60938245547668, 24.265976988870285], [120.62030817245915, 24.260048450142374], [120.63316195714441, 24.259283477403287]]]}, "properties": {"county": "臺中市", "town": "清水區"}}, {"type": "Feature", "geometry": {"type": "Polygon", "coordinates": [[[120.19207265041096, 22.92118223401274], [120.19806134554841, 22.929542293232746], [120.20121636542571, 22.944841748014458], [120.21602743096076, 22.944896388924395], [120.21702067795917, 22.96057833007565], [120.21202522982013, 22.98125991448593], [120.19765236149024, 22.981505798580635], [120.1865513656257, 22.98631419865489], [120.15541015091097, 22.965468691514804], [120.16262579822292, 22.96497692332539], [120.17200321841375, 22.94967746854368], [120.17515823829105, 22.932984670558632], [120.17474925423288, 22.911702036139072], [120.1877491046532, 22.92025333854385], [120.19207265041096, 22.92118223401274]]]}, "properties": {"county": "臺南市", "town": "南區"}}, {"type": "Feature", "geometry": {"type": "Polygon", "coordinates": [[[120.24784054805677, 22.990685471449662], [120.23308790881575, 22.998499121570323], [120.21228814814323, 22.99748826473653], [120.21202522982013, 22.98125991448593], [120.21702067795917, 22.96057833007565], [120.23782043863167, 22.96109741872003], [120.23901817765916, 22.9801124553773], [120.24784054805677, 22.990685471449662]]]}, "properties": {"county": "臺南市", "town": "東區"}}, {"type": "Feature", "geometry": {"type": "Polygon", "coordinates": [[[120.13943055949542, 22.997433623826595], [120.15865281022928, 22.974894248478538], [120.15541015091097, 22.965468691514804], [120.1865513656257, 22.98631419865489], [120.18672664450777, 22.998908928394833], [120.17486610682093, 22.99931873521934], [120.15944156519862, 23.005629760316797], [120.13943055949542, 22.997433623826595]]]}, "properties": {"county": "臺南市", "town": "安平區"}}, {"type": "Feature", "geometry": {"type": "Polygon", "coordinates": [[[120.17317174429422, 23.00754219216451], [120.15944156519862, 23.005629760316797], [120.17486610682093, 22.99931873521934], [120.18672664450777, 22.998908928394833], [120.1865513656257, 22.98631419865489], [120.19765236149024, 22.981505798580635], [120.21202522982013, 22.98125991448593], [120.21228814814323, 22.99748826473653], [120.19540294917033, 23.001750255711435], [120.18786595724124, 23.007487551254577], [120.17317174429422, 23.00754219216451]]]}, "properties": {"county": "臺南市", "town": "中西區"}}, {"type": "Feature", "geometry": {"type": "Polygon", "coordinates": [[[121.24316167990096, 24.808752467706498], [121.28616343230254, 24.816210951912584], [121.31636982631291, 24.803479619897804], [121.31958327248422, 24.81932548377886], [121.32793823252965, 24.822330733825268], [121.33582578222287, 24.844924750083262], [121.35247727601968, 24.8490774592383], [121.35367501504717, 24.85842105483713], [121.34590431794199, 24.868147136805504], [121.34210660883043, 24.89259894400128], [121.33524151928263, 24.891779330352257], [121.32034281430653, 24.900221350937166], [121.32621465685594, 24.909182460166456], [121.3175675653404, 24.9163404193679], [121.32460793377028, 24.923334455839537], [121.33979877021649, 24.928525342283333], [121.32320570271371, 24.931284708235033], [121.31575635022566, 24.938469987891445], [121.30199695798302, 24.926503628615748], [121.27792532484519, 24.920110642153393], [121.27526692846709, 24.928197496823724], [121.25306493673801, 24.908881935161812], [121.24926722762646, 24.886042034809115], [121.24786499656989, 24.858366413927197], [121.25881992669936, 24.86470475947962], [121.26767151024399, 24.848831575143592], [121.2561907434683, 24.832739827167828], [121.24310325360693, 24.808725147251533], [121.24316167990096, 24.808752467706498]]]}, "properties": {"county": "桃園市", "town": "大溪區"}}, {"type": "Feature", "geometry": {"type": "Polygon", "coordinates": [[[121.31575635022566, 24.938469987891445], [121.3280842982647, 24.948879081234004], [121.3298078739384, 24.966883261057482], [121.32402367083004, 24.971281854307225], [121.29650488634478, 24.976636663480825], [121.29133415932367, 24.961938258708393], [121.28105113157545, 24.97543456346226], [121.26364009595633, 24.973248927064873], [121.26685354212765, 24.95294982902414], [121.25820645061211, 24.930383133221113], [121.25183798456351, 24.9216952285415], [121.25306493673801, 24.908881935161812], [121.27526692846709, 24.928197496823724], [121.27792532484519, 24.920110642153393], [121.30199695798302, 24.926503628615748], [121.31575635022566, 24.938469987891445]]]}, "properties": {"county": "桃園市", "town": "八德區"}}, {"type": "Feature", "geometry": {"type": "Polygon", "coordinates": [[[121.25978396055076, 24.987045756823385], [121.26364009595633, 24.973248927064873], [121.28105113157545, 24.97543456346226], [121.29133415932367, 24.961938258708393], [121.29650488634478, 24.976636663480825], [121.32402367083004, 24.971281854307225], [121.32977866079139, 24.97904086351795], [121.32127763501092, 24.987100397733318], [121.33220335199339, 25.004831373007125], [121.32475399950533, 25.019939584604064], [121.30249358148222, 25.03316268480826], [121.28870497609259, 25.026387211976356], [121.28420615145275, 25.032124507519498], [121.27167371138462, 25.022316464186225], [121.27941519534279, 25.002317891150128], [121.27424446832167, 24.992263963722145], [121.25978396055076, 24.987045756823385]]]}, "properties": {"county": "桃園市", "town": "桃園區"}}, {"type": "Feature", "geometry": {"type": "Polygon", "coordinates": [[[121.24839083321609, 25.119522642960032], [121.21204967833323, 25.109960483721462], [121.18429718867188, 25.095863128958314], [121.15505482851292, 25.083732846952813], [121.15531774683602, 25.058461426108018], [121.16752884228701, 25.04403622588526], [121.16221204953084, 25.026496493796227], [121.17608829436152, 25.02739806881015], [121.19379146145076, 25.01816375503119], [121.20138687967386, 25.02627793015649], [121.2116991205691, 25.014174968605957], [121.21865184955793, 25.019639059599424], [121.22671467813323, 25.00313750479915], [121.24760207824677, 25.010677950370134], [121.23547862223681, 25.02862748928368], [121.23676400070534, 25.04258824177199], [121.24833240692207, 25.04982816233834], [121.272579318942, 25.080181187807057], [121.25808959802407, 25.09351356983112], [121.24839083321609, 25.119522642960032]]]}, "properties": {"county": "桃園市", "town": "大園區"}}, {"type": "Feature", "geometry": {"type": "Polygon", "coordinates": [[[121.15815142209618, 24.875305096006947], [121.1755624577153, 24.872135923230736], [121.17477370274598, 24.8814521983746], [121.18464774643603, 24.889948859869445], [121.18885443960575, 24.909865471540638], [121.1887375870177, 24.92874390592307], [121.1789803959157, 24.948359992589623], [121.17696468877187, 24.959151572301725], [121.16565920087825, 24.95767626773349], [121.1476931154659, 24.94655684256178], [121.12750683088065, 24.95344159721355], [121.10764189091252, 24.945573306182958], [121.09969591492526, 24.954206569952635], [121.08964659235316, 24.956364885895056], [121.07682202081492, 24.949780656247928], [121.07051198106033, 24.939098358355697], [121.05833009875634, 24.936830760593406], [121.0613974791926, 24.903800330537887], [121.08342419203962, 24.898855328188798], [121.09128252858582, 24.893363916740363], [121.10907333511611, 24.897735189535137], [121.10872277735196, 24.885960073444213], [121.1220439723894, 24.880250098356036], [121.15566830460017, 24.88071454609048], [121.15815142209618, 24.875305096006947]]]}, "properties": {"county": "桃園市", "town": "楊梅區"}}, {"type": "Feature", "geometry": {"type": "Polygon", "coordinates": [[[121.73046618520732, 25.113102336042704], [121.70294740072205, 25.12116187025807], [121.70005529916787, 25.13392052272782], [121.68112517990413, 25.145695638818747], [121.67759038911568, 25.15572224579176], [121.65828049894078, 25.15225254801091], [121.6267887264619, 25.1397124591809], [121.64300202305353, 25.127828061270105], [121.64624468237186, 25.113621424687086], [121.65568052885672, 25.093458928921187], [121.68842846665711, 25.071739167222148], [121.69935418363958, 25.067449855792276], [121.7123540340599, 25.068050905801556], [121.7282167728874, 25.0549644078722], [121.72357188251249, 25.076930053665944], [121.72912238044476, 25.09138257434367], [121.71954046822485, 25.10031636311799], [121.73046618520732, 25.113102336042704]]]}, "properties": {"county": "基隆市", "town": "七堵區"}}, {"type": "Feature", "geometry": {"type": "Polygon", "coordinates": [[[121.75000978055832, 25.10965995871682], [121.75182099567304, 25.111025981465186], [121.75369063708182, 25.128101265819776], [121.74621207144675, 25.12952192947808], [121.74349524877465, 25.134494252282135], [121.73642566719775, 25.12930336583834], [121.73192684255791, 25.11348482241225], [121.73917170301688, 25.106763990490283], [121.75000978055832, 25.10965995871682]]]}, "properties": {"county": "基隆市", "town": "仁愛區"}}, {"type": "Feature", "geometry": {"type": "Polygon", "coordinates": [[[121.79458904289855, 25.126380077156835], [121.78491949123759, 25.133565356813246], [121.78065437177385, 25.14501262744456], [121.76946573646826, 25.135231904566254], [121.7624253680384, 25.13651596594972], [121.74621207144675, 25.12952192947808], [121.75369063708182, 25.128101265819776], [121.75182099567304, 25.111025981465186], [121.76689497953122, 25.112501286033424], [121.7729713141097, 25.120096372514347], [121.79014864455273, 25.112255401938718], [121.79777327592285, 25.114304436061268], [121.79458904289855, 25.126380077156835]]]}, "properties": {"county": "基隆市", "town": "信義區"}}, {"type": "Feature", "geometry": {"type": "Polygon", "coordinates": [[[121.8034990527372, 25.13621544094508], [121.80700463037863, 25.149138016144633], [121.79318681184198, 25.14689773883731], [121.76487927238739, 25.163727139097194], [121.75336929246468, 25.159273904937518], [121.75667037807703, 25.150640641167836], [121.74349524877465, 25.134494252282135], [121.74621207144675, 25.12952192947808], [121.7624253680384, 25.13651596594972], [121.76946573646826, 25.135231904566254], [121.78065437177385, 25.14501262744456], [121.78491949123759, 25.133565356813246], [121.79458904289855, 25.126380077156835], [121.8034990527372, 25.13621544094508]]]}, "properties": {"county": "基隆市", "town": "中正區"}}, {"type": "Feature", "geometry": {"type": "Polygon", "coordinates": [[[121.74349524877465, 25.134494252282135], [121.75667037807703, 25.150640641167836], [121.75336929246468, 25.159273904937518], [121.74849069691369, 25.156241334436142], [121.72365952195352, 25.165175123210464], [121.71261695238302, 25.16569421185484], [121.71247088664795, 25.148892132049927], [121.72056292837026, 25.139739779635867], [121.73125494017664, 25.13763610460338], [121.73642566719775, 25.12930336583834], [121.74349524877465, 25.134494252282135]]]}, "properties": {"county": "基隆市", "town": "中山區"}}, {"type": "Feature", "geometry": {"type": "Polygon", "coordinates": [[[121.73192684255791, 25.11348482241225], [121.73642566719775, 25.12930336583834], [121.73125494017664, 25.13763610460338], [121.72056292837026, 25.139739779635867], [121.71247088664795, 25.148892132049927], [121.71261695238302, 25.16569421185484], [121.7096664245348, 25.176567752931845], [121.67759038911568, 25.15572224579176], [121.68112517990413, 25.145695638818747], [121.70005529916787, 25.13392052272782], [121.70294740072205, 25.12116187025807], [121.73046618520732, 25.113102336042704], [121.73192684255791, 25.11348482241225]]]}, "properties": {"county": "基隆市", "town": "安樂區"}}, {"type": "Feature", "geometry": {"type": "Polygon", "coordinates": [[[121.45746932638063, 24.946092394827335], [121.43666956570812, 24.93557401966491], [121.4341864482121, 24.94030045837426], [121.41747652812127, 24.937541092422556], [121.4092384206639, 24.941693801577593], [121.40757327128422, 24.952130215375117], [121.39723181724199, 24.942540735681582], [121.37923651868263, 24.94338766978557], [121.37605228565832, 24.949698694883025], [121.36138728585833, 24.94554598572799], [121.33979877021649, 24.928525342283333], [121.32460793377028, 24.923334455839537], [121.3175675653404, 24.9163404193679], [121.32621465685594, 24.909182460166456], [121.32034281430653, 24.900221350937166], [121.33524151928263, 24.891779330352257], [121.34210660883043, 24.89259894400128], [121.34590431794199, 24.868147136805504], [121.35367501504717, 24.85842105483713], [121.35247727601968, 24.8490774592383], [121.33582578222287, 24.844924750083262], [121.34675149920534, 24.84588096600712], [121.35779406877586, 24.83951529999973], [121.37789271392008, 24.834488336285737], [121.39366781330654, 24.843995854614374], [121.40269467573323, 24.843586047789863], [121.41563609985951, 24.835499193119528], [121.42997975504238, 24.81492689052912], [121.43643586053203, 24.812194845032383], [121.43824707564677, 24.795338124317535], [121.45037053165673, 24.790912210612824], [121.4622894956376, 24.80566525629519], [121.48405329016151, 24.81921620195899], [121.48671168653959, 24.83424245219103], [121.49442395735075, 24.836482729498353], [121.49719920631688, 24.848257845589277], [121.48834762277227, 24.862191277622625], [121.47175455526947, 24.876998964214923], [121.48653640765752, 24.900494555486837], [121.49202847929577, 24.917078071652018], [121.48469597939577, 24.927951612729018], [121.45971873870054, 24.935464737845038], [121.45746932638063, 24.946092394827335]]]}, "properties": {"county": "新北市", "town": "三峽區"}}, {"type": "Feature", "geometry": {"type": "Polygon", "coordinates": [[[121.32977866079139, 24.97904086351795], [121.32402367083004, 24.971281854307225], [121.3298078739384, 24.966883261057482], [121.3280842982647, 24.948879081234004], [121.31575635022566, 24.938469987891445], [121.32320570271371, 24.931284708235033], [121.33979877021649, 24.928525342283333], [121.36138728585833, 24.94554598572799], [121.36614902882127, 24.95478029950695], [121.37862304259538, 24.9608454405097], [121.3688950646404, 24.97680058621063], [121.34204818253642, 24.980953295365666], [121.32977866079139, 24.97904086351795]]]}, "properties": {"county": "新北市", "town": "鶯歌區"}}, {"type": "Feature", "geometry": {"type": "Polygon", "coordinates": [[[121.53137858832086, 24.995433136498356], [121.51709335943202, 24.99559705922816], [121.51440574990693, 25.00395711844817], [121.49401497329258, 25.00917532534693], [121.4886981805364, 25.015759554994062], [121.48200836987067, 25.015704914084125], [121.46792763301092, 25.004421566182614], [121.46713887804158, 24.992974295551296], [121.47911626831649, 24.977674840769584], [121.47978817069776, 24.96393265192101], [121.50199016242685, 24.969861190648924], [121.51446417620095, 24.981800229469652], [121.531699932938, 24.990515454604235], [121.53137858832086, 24.995433136498356]]]}, "properties": {"county": "新北市", "town": "中和區"}}, {"type": "Feature", "geometry": {"type": "Polygon", "coordinates": [[[121.42881122916191, 24.972074147501278], [121.42445847025712, 24.987045756823385], [121.43006739448342, 24.995214572858618], [121.43202467533322, 25.003574632078625], [121.41788551217944, 25.019529777779553], [121.41210130907108, 25.01947513686962], [121.3975239487121, 25.016224002728507], [121.40322051237943, 24.99933996155869], [121.39428128939377, 24.993493384195677], [121.38423196682167, 24.995733661503], [121.3820994070898, 24.98390390450214], [121.3688950646404, 24.97680058621063], [121.37862304259538, 24.9608454405097], [121.36614902882127, 24.95478029950695], [121.36138728585833, 24.94554598572799], [121.37605228565832, 24.949698694883025], [121.37923651868263, 24.94338766978557], [121.39723181724199, 24.942540735681582], [121.40757327128422, 24.952130215375117], [121.4128900640404, 24.966063647408465], [121.42881122916191, 24.972074147501278]]]}, "properties": {"county": "新北市", "town": "樹林區"}}, {"type": "Feature", "geometry": {"type": "Polygon", "coordinates": [[[121.61998206320811, 24.96928746109461], [121.63917510079497, 24.98070741127096], [121.63788972232643, 24.995077970583782], [121.6402267740874, 25.023545884659754], [121.63084935389656, 25.024638702858446], [121.62255282014516, 25.017371461837133], [121.6104293641352, 25.01985762323916], [121.59725423483282, 25.014366211790726], [121.59561829860014, 25.00715361167935], [121.60020476268102, 24.976937188485465], [121.61998206320811, 24.96928746109461]]]}, "properties": {"county": "新北市", "town": "深坑區"}}, {"type": "Feature", "geometry": {"type": "Polygon", "coordinates": [[[121.46713887804158, 24.992974295551296], [121.46792763301092, 25.004421566182614], [121.48200836987067, 25.015704914084125], [121.4886981805364, 25.015759554994062], [121.48522181604199, 25.03922782581101], [121.46626248363123, 25.038517493981857], [121.45507384832565, 25.03302608253342], [121.43763359955952, 25.01065062991517], [121.43006739448342, 24.995214572858618], [121.42445847025712, 24.987045756823385], [121.42881122916191, 24.972074147501278], [121.44008750390852, 24.988165895477046], [121.44961098983441, 24.993056256916198], [121.46713887804158, 24.992974295551296]]]}, "properties": {"county": "新北市", "town": "板橋區"}}, {"type": "Feature", "geometry": {"type": "Polygon", "coordinates": [[[121.60920241196071, 24.96404193374088], [121.60704063908182, 24.947403776665766], [121.59792613721409, 24.944589769804132], [121.58869478275831, 24.914236744335412], [121.56801187467386, 24.90325392143854], [121.5788499522153, 24.895412950862912], [121.57575335863203, 24.87508653236721], [121.59278462334, 24.866152743592888], [121.63520211280134, 24.857437518458305], [121.6446379592862, 24.860743293509355], [121.65322662450771, 24.87044205502276], [121.6488154393089, 24.895221707678143], [121.66605119604596, 24.908335526062466], [121.6632175207858, 24.914947076164562], [121.67621737120612, 24.92308857174483], [121.67014103662764, 24.93010992867144], [121.6656714251348, 24.949807976702893], [121.68051170381688, 24.954534415412244], [121.68772735112883, 24.962812513267348], [121.69862385496428, 24.96464298375016], [121.71816745031528, 24.974915474817884], [121.7267853286838, 24.989149431855868], [121.70104854616628, 25.023190718745177], [121.70318110589815, 25.031987905244662], [121.68860374553918, 25.041659346303103], [121.66584670401687, 25.029938871122113], [121.66386021002006, 25.023108757380278], [121.6402267740874, 25.023545884659754], [121.63788972232643, 24.995077970583782], [121.63917510079497, 24.98070741127096], [121.61998206320811, 24.96928746109461], [121.60920241196071, 24.96404193374088]]]}, "properties": {"county": "新北市", "town": "石碇區"}}, {"type": "Feature", "geometry": {"type": "Polygon", "coordinates": [[[121.44803347989577, 25.062641455718023], [121.43868527285194, 25.05575670106625], [121.44201557161131, 25.04775180776082], [121.42130345037984, 25.02873677110355], [121.40909235492884, 25.0441728281601], [121.40301602035035, 25.04548420999853], [121.39825427738741, 25.03015743476185], [121.41210130907108, 25.01947513686962], [121.41788551217944, 25.019529777779553], [121.43202467533322, 25.003574632078625], [121.43006739448342, 24.995214572858618], [121.43763359955952, 25.01065062991517], [121.45507384832565, 25.03302608253342], [121.46626248363123, 25.038517493981857], [121.46868717483322, 25.05299733511455], [121.46553215495592, 25.065537423944562], [121.44803347989577, 25.062641455718023]]]}, "properties": {"county": "新北市", "town": "新莊區"}}, {"type": "Feature", "geometry": {"type": "Polygon", "coordinates": [[[121.40827438681251, 25.075864555922216], [121.40003627935513, 25.065373501214758], [121.3823331122659, 25.070045299014172], [121.38014212624, 25.065154937575016], [121.3889352834906, 25.06070170341534], [121.40301602035035, 25.04548420999853], [121.40909235492884, 25.0441728281601], [121.42130345037984, 25.02873677110355], [121.44201557161131, 25.04775180776082], [121.43868527285194, 25.05575670106625], [121.44803347989577, 25.062641455718023], [121.44239534252246, 25.067422535337307], [121.41934616953003, 25.069007121725413], [121.40827438681251, 25.075864555922216]]]}, "properties": {"county": "新北市", "town": "泰山區"}}, {"type": "Feature", "geometry": {"type": "Polygon", "coordinates": [[[121.47096580030015, 25.073487676340058], [121.46553215495592, 25.065537423944562], [121.46868717483322, 25.05299733511455], [121.46626248363123, 25.038517493981857], [121.48522181604199, 25.03922782581101], [121.50464855880493, 25.049746200973438], [121.5070148237129, 25.070619028568487], [121.50467777195195, 25.07810483322954], [121.49115208488541, 25.094770310759618], [121.47534777235194, 25.073214471790383], [121.47096580030015, 25.073487676340058]]]}, "properties": {"county": "新北市", "town": "三重區"}}, {"type": "Feature", "geometry": {"type": "Polygon", "coordinates": [[[121.86122423123281, 24.963686767826303], [121.86604440048978, 24.98955923868038], [121.87527575494555, 24.999367282013655], [121.8805341214077, 25.01349195723177], [121.88707786633839, 25.01409300724105], [121.89677663114635, 25.039337107630878], [121.89026209936269, 25.05258752829004], [121.87550946012165, 25.094606388029813], [121.85733888268021, 25.09733843352655], [121.84764011787225, 25.089360860676084], [121.82973245875392, 25.06501833530018], [121.83393915192364, 25.04436407134487], [121.81687867406866, 25.042096473582582], [121.78448129403242, 25.017671986841776], [121.77472410293042, 25.0025091343349], [121.76362310706588, 24.99614346832751], [121.7771195809854, 24.984860120425996], [121.79248569631369, 24.98346677722266], [121.79017785769975, 24.960654197324928], [121.79321602498898, 24.954343172227475], [121.77814204113082, 24.919700835328882], [121.79339130387106, 24.89975690320272], [121.81051020802006, 24.90366372826305], [121.83180659219177, 24.90492046919155], [121.85210972936508, 24.923744262664048], [121.84664687087384, 24.937841617427196], [121.83984020762006, 24.942212890221974], [121.84714349437304, 24.960353672320288], [121.86122423123281, 24.963686767826303]]]}, "properties": {"county": "新北市", "town": "雙溪區"}}, {"type": "Feature", "geometry": {"type": "Polygon", "coordinates": [[[121.96601178956467, 24.983084290853117], [121.97474652052125, 24.985297247705475], [121.99668559392722, 25.00076062521699], [122.00661806391129, 25.01103311628471], [121.98301384112563, 25.02491190740812], [121.9736364209348, 25.02657845516113], [121.94711088344795, 25.021059723257725], [121.92952456894675, 25.03982887582029], [121.93171555497264, 25.063105903452467], [121.91532697949894, 25.07807751277457], [121.91445058508859, 25.089770667500595], [121.92654482795153, 25.108157333693615], [121.9225718399579, 25.1223093293667], [121.89762381240969, 25.11375802696192], [121.89569574470691, 25.101163297221976], [121.87550946012165, 25.094606388029813], [121.89026209936269, 25.05258752829004], [121.89677663114635, 25.039337107630878], [121.88707786633839, 25.01409300724105], [121.8805341214077, 25.01349195723177], [121.87527575494555, 24.999367282013655], [121.86604440048978, 24.98955923868038], [121.86122423123281, 24.963686767826303], [121.87153647212803, 24.96073615868983], [121.89718561520452, 24.967074504242255], [121.90282375257783, 24.974369065718534], [121.92227970848778, 24.978603736238473], [121.95035354276627, 24.98832981820685], [121.96601178956467, 24.983084290853117]]]}, "properties": {"county": "新北市", "town": "貢寮區"}}, {"type": "Feature", "geometry": {"type": "Polygon", "coordinates": [[[121.7282167728874, 25.0549644078722], [121.7123540340599, 25.068050905801556], [121.69935418363958, 25.067449855792276], [121.68842846665711, 25.071739167222148], [121.65568052885672, 25.093458928921187], [121.64624468237186, 25.113621424687086], [121.64300202305353, 25.127828061270105], [121.6267887264619, 25.1397124591809], [121.60780018090414, 25.130204940852263], [121.59567672489418, 25.114140513331463], [121.59763400574397, 25.109386754167147], [121.61527874653919, 25.103922663173677], [121.62816174437145, 25.08818608111249], [121.61612592780254, 25.063925517101488], [121.61641805927266, 25.05072973735226], [121.62500672449417, 25.03769788033284], [121.65512547906349, 25.027480030175052], [121.66584670401687, 25.029938871122113], [121.68860374553918, 25.041659346303103], [121.70318110589815, 25.031987905244662], [121.71191583685473, 25.033381248448], [121.73008641429615, 25.053352501029124], [121.7282167728874, 25.0549644078722]]]}, "properties": {"county": "新北市", "town": "汐止區"}}, {"type": "Feature", "geometry": {"type": "Polygon", "coordinates": [[[121.67759038911568, 25.15572224579176], [121.7096664245348, 25.176567752931845], [121.69266437297385, 25.180146732532567], [121.68582849657305, 25.189544969041332], [121.69482614585273, 25.202139698781277], [121.69266437297385, 25.208532685243636], [121.67057923383281, 25.20274074879056], [121.65582659459177, 25.213286444407956], [121.65015924407146, 25.222739321826655], [121.62973925431011, 25.211374012560242], [121.61320461310135, 25.196484364603037], [121.60695299964078, 25.177469327945765], [121.58983409549178, 25.163727139097194], [121.59848118700732, 25.140258868280245], [121.60780018090414, 25.130204940852263], [121.6267887264619, 25.1397124591809], [121.65828049894078, 25.15225254801091], [121.67759038911568, 25.15572224579176]]]}, "properties": {"county": "新北市", "town": "萬里區"}}, {"type": "Feature", "geometry": {"type": "Polygon", "coordinates": [[[121.55921871742326, 25.21014459208671], [121.56482764164956, 25.201019560127616], [121.57610391639616, 25.19533690549441], [121.58369933461927, 25.194571932755323], [121.58334877685513, 25.17741468703583], [121.57849939445114, 25.165776173219744], [121.58983409549178, 25.163727139097194], [121.60695299964078, 25.177469327945765], [121.61320461310135, 25.196484364603037], [121.62973925431011, 25.211374012560242], [121.65015924407146, 25.222739321826655], [121.6338875211858, 25.240634219830266], [121.6341212263619, 25.260059063312045], [121.62077081817743, 25.275741004463303], [121.61600907521449, 25.26691649750885], [121.61580458318541, 25.253392872300015], [121.60411932438062, 25.253065026840407], [121.59786771092007, 25.2432843039621], [121.58399146608939, 25.23328501744405], [121.5813330697113, 25.22364089684058], [121.56599616753003, 25.215007633070897], [121.55921871742326, 25.21014459208671]]]}, "properties": {"county": "新北市", "town": "金山區"}}, {"type": "Feature", "geometry": {"type": "Polygon", "coordinates": [[[121.56599616753003, 25.215007633070897], [121.5813330697113, 25.22364089684058], [121.58399146608939, 25.23328501744405], [121.59786771092007, 25.2432843039621], [121.60411932438062, 25.253065026840407], [121.61580458318541, 25.253392872300015], [121.61600907521449, 25.26691649750885], [121.62077081817743, 25.275741004463303], [121.60791703349219, 25.281450979551476], [121.59704974280373, 25.29158686834436], [121.57773985262884, 25.298908750275608], [121.56038724330374, 25.29199667516887], [121.53333586917067, 25.28986567968142], [121.50765751294716, 25.28276236138991], [121.52407530156788, 25.263692683822704], [121.54823457414676, 25.266151524769764], [121.5458683092388, 25.243502867601837], [121.55398956410812, 25.23975996527131], [121.55562550034078, 25.22754772190091], [121.56599616753003, 25.215007633070897]]]}, "properties": {"county": "新北市", "town": "石門區"}}, {"type": "Feature", "geometry": {"type": "Polygon", "coordinates": [[[120.2901703980771, 22.614947254283788], [120.28885580646156, 22.61101310876849], [120.29662650356673, 22.609483163290317], [120.31771839570936, 22.618280349789803], [120.32697896331216, 22.612379131516857], [120.34000802687949, 22.624236208972683], [120.3446821304014, 22.633798368211252], [120.32154531796793, 22.637869116001387], [120.31675436185797, 22.634290136400665], [120.31213868463009, 22.62325267259386], [120.30214778835199, 22.619919577087842], [120.29028725066514, 22.62054794755209], [120.2901703980771, 22.614947254283788]]]}, "properties": {"county": "高雄市", "town": "苓雅區"}}, {"type": "Feature", "geometry": {"type": "Polygon", "coordinates": [[[120.28596370490737, 22.631749334088703], [120.29709391391893, 22.636065965973543], [120.31675436185797, 22.634290136400665], [120.32154531796793, 22.637869116001387], [120.3446821304014, 22.633798368211252], [120.34725288733844, 22.64729467296512], [120.3332305767727, 22.65737592084807], [120.33951140338027, 22.672128966530437], [120.326628405548, 22.679778693921293], [120.31175891371892, 22.66363230503559], [120.30874995957669, 22.65472583671624], [120.28681088617071, 22.65008135937179], [120.28517494993805, 22.634727263680144], [120.28596370490737, 22.631749334088703]]]}, "properties": {"county": "高雄市", "town": "三民區"}}, {"type": "Feature", "geometry": {"type": "Polygon", "coordinates": [[[121.05833009875634, 24.936830760593406], [121.07051198106033, 24.939098358355697], [121.07682202081492, 24.949780656247928], [121.08964659235316, 24.956364885895056], [121.09969591492526, 24.954206569952635], [121.10764189091252, 24.945573306182958], [121.12750683088065, 24.95344159721355], [121.1476931154659, 24.94655684256178], [121.16565920087825, 24.95767626773349], [121.15143239828343, 24.964998149664737], [121.13673818533643, 24.971800942951607], [121.13001916152368, 24.981663627194816], [121.12803266752687, 24.99821982290503], [121.11024186099658, 24.986963795458482], [121.10477900250535, 24.99674451833679], [121.07869166222368, 25.007098970769412], [121.06846706076949, 25.00158023886601], [121.0613974791926, 25.01122435946948], [121.04454149336671, 25.017508064111972], [121.03457981023563, 25.017043616377528], [121.0195934658185, 25.00745413668399], [121.01044975080376, 24.98882158639626], [121.01100480059698, 24.9783305316888], [120.99844314738185, 24.95857784274741], [120.98202535876113, 24.93997261291465], [120.98991290845436, 24.936011146944384], [121.00706102575037, 24.94622899710217], [121.01938897378942, 24.940409740194127], [121.03793932214201, 24.946392919831975], [121.0462358558934, 24.942431453861712], [121.05833009875634, 24.936830760593406]]]}, "properties": {"county": "桃園市", "town": "新屋區"}}, {"type": "Feature", "geometry": {"type": "Polygon", "coordinates": [[[121.15505482851292, 25.083732846952813], [121.12499450023762, 25.076820771846073], [121.0899971501173, 25.06296930117763], [121.08663763821093, 25.056439712440437], [121.05196163270774, 25.043517137240883], [121.0286203282452, 25.020567955068312], [121.0195934658185, 25.00745413668399], [121.03457981023563, 25.017043616377528], [121.04454149336671, 25.017508064111972], [121.0613974791926, 25.01122435946948], [121.06846706076949, 25.00158023886601], [121.07869166222368, 25.007098970769412], [121.10477900250535, 24.99674451833679], [121.11024186099658, 24.986963795458482], [121.12803266752687, 24.99821982290503], [121.13001916152368, 24.981663627194816], [121.13673818533643, 24.971800942951607], [121.15143239828343, 24.964998149664737], [121.16095588420933, 24.974068540713894], [121.16837602355037, 24.988029293202207], [121.16116037623841, 25.014366211790726], [121.16221204953084, 25.026496493796227], [121.16752884228701, 25.04403622588526], [121.15531774683602, 25.058461426108018], [121.15505482851292, 25.083732846952813]]]}, "properties": {"county": "桃園市", "town": "觀音區"}}, {"type": "Feature", "geometry": {"type": "MultiPolygon", "coordinates": [[[[119.99640299172492, 26.238104030687975], [119.98325707556954, 26.224990212303652], [119.97125047214763, 26.220810182693647], [119.97256506376316, 26.211849073464357], [119.9875514081803, 26.218624546296258], [119.9968704020771, 26.21813277810685], [120.00656916688507, 26.226492837326855], [119.99640299172492, 26.238104030687975]]], [[[119.98959632847112, 26.281871399545658], [119.97884589037074, 26.269686476630223], [119.98790196594443, 26.26714567431826], [119.98959632847112, 26.281871399545658]]]]}, "properties": {"county": "連江縣", "town": "北竿鄉"}}, {"type": "Feature", "geometry": {"type": "Polygon", "coordinates": [[[120.47958844330259, 26.382984403379798], [120.47728060468864, 26.369132932711352], [120.49051416028506, 26.37131856910874], [120.47958844330259, 26.382984403379798]]]}, "properties": {"county": "連江縣", "town": "東引鄉"}}, {"type": "Feature", "geometry": {"type": "Polygon", "coordinates": [[[118.24887253747, 24.456373239537704], [118.23049746799948, 24.452056607652864], [118.21679650205088, 24.428069248191534], [118.21352462958555, 24.409764543363416], [118.22596943021263, 24.405065425109033], [118.23227946996721, 24.412769793409822], [118.24533774668156, 24.413644047968777], [118.25208598364132, 24.42347941175702], [118.26505662091462, 24.425364523149767], [118.26917567464331, 24.445991466650113], [118.24887253747, 24.456373239537704]]]}, "properties": {"county": "金門縣", "town": "烈嶼鄉"}}, {"type": "Feature", "geometry": {"type": "Polygon", "coordinates": [[[120.31710491962211, 22.55907692387557], [120.29697706133088, 22.58259983560245], [120.27760874486195, 22.61109507013339], [120.25651685271933, 22.619591731628233], [120.26601112549821, 22.608800151916135], [120.26376171317828, 22.601915397264364], [120.30281969073327, 22.55776554203714], [120.3036084457026, 22.545635260031638], [120.31710491962211, 22.55907692387557]]]}, "properties": {"county": "高雄市", "town": "旗津區"}}, {"type": "Feature", "geometry": {"type": "Polygon", "coordinates": [[[121.40926763381091, 23.213948229442792], [121.42039784282247, 23.22629707508803], [121.41490577118422, 23.234930338857712], [121.42083604002764, 23.257633636935573], [121.42740899810534, 23.265993696155583], [121.43287185659656, 23.28812326467913], [121.44701101975035, 23.308859489999342], [121.4600692964647, 23.31200134232059], [121.46567822069099, 23.321891347018767], [121.46763550154078, 23.34560550193042], [121.47219275247465, 23.352408295217288], [121.47485114885274, 23.386613504836404], [121.48203758301769, 23.397268482273667], [121.48411171645553, 23.410737466572566], [121.49608910673044, 23.434834107853764], [121.48241735392884, 23.43016231005435], [121.47330285206111, 23.44062604430684], [121.4620557904615, 23.439560546563115], [121.44727393807347, 23.443795217083053], [121.41957987470613, 23.41942537125218], [121.41245186683521, 23.402295445987658], [121.40000706620812, 23.385220161633068], [121.40611261393362, 23.365494793146645], [121.42282253402446, 23.36003070215318], [121.40976425731012, 23.34593334739003], [121.39772844074119, 23.321700103833994], [121.37780507447904, 23.300745314874042], [121.37713317209777, 23.283533428244617], [121.37792192706709, 23.26959999621127], [121.35951764444955, 23.252797916406355], [121.35685924807147, 23.237197936620003], [121.35998505480175, 23.23012193878346], [121.40126323152964, 23.222936659127047], [121.40926763381091, 23.213948229442792]]]}, "properties": {"county": "臺東縣", "town": "長濱鄉"}}, {"type": "Feature", "geometry": {"type": "Polygon", "coordinates": [[[121.42530565152047, 23.587883296580824], [121.42314387864158, 23.56744759626525], [121.42860673713282, 23.550153748270922], [121.45308735432884, 23.542640623154902], [121.48311846945712, 23.545208745921833], [121.49226218447187, 23.54274990497477], [121.4845207005137, 23.51592121819684], [121.48939929606469, 23.50512963848474], [121.48285555113402, 23.48310935178106], [121.47435452535353, 23.487917751855313], [121.46450969481052, 23.475814790304778], [121.46655461510134, 23.465815503786732], [121.46223106934357, 23.454395553610382], [121.44581328072286, 23.451772789933518], [121.44727393807347, 23.443795217083053], [121.4620557904615, 23.439560546563115], [121.47330285206111, 23.44062604430684], [121.48241735392884, 23.43016231005435], [121.49608910673044, 23.434834107853764], [121.49982838954796, 23.45617138318326], [121.51393833955473, 23.487152779116226], [121.5077159392412, 23.49125084736133], [121.50356767236549, 23.517451163675013], [121.51136758261768, 23.55149245056432], [121.52629550074079, 23.57638138503957], [121.53009320985234, 23.59717225126972], [121.53123252258581, 23.62645977899471], [121.5358774129607, 23.645638738381788], [121.54376496265394, 23.65599319081441], [121.54616044070892, 23.67522679111142], [121.55334687487385, 23.698339896013792], [121.5492862474392, 23.711754239402758], [121.56754446432166, 23.74628729448148], [121.55875130707106, 23.748390969513967], [121.54604358812087, 23.741997983051608], [121.54119420571688, 23.734430217025654], [121.52661684535792, 23.73126104424944], [121.52501012227226, 23.720797309996946], [121.51738549090214, 23.71216404622727], [121.52410451471489, 23.68044499801018], [121.51329565032047, 23.655009654435585], [121.50371373810054, 23.64397219062878], [121.49147342950255, 23.647879015689107], [121.47794774243602, 23.63460127457498], [121.4654737286619, 23.61331864015542], [121.4476244958376, 23.60823703553149], [121.44385599987307, 23.598237749013446], [121.43079772315872, 23.596079433071026], [121.42530565152047, 23.587883296580824]]]}, "properties": {"county": "花蓮縣", "town": "豐濱鄉"}}, {"type": "Feature", "geometry": {"type": "Polygon", "coordinates": [[[120.678617613895, 24.014027753161447], [120.70637010355635, 24.005203246206992], [120.71922388824161, 24.009656480366672], [120.73172711516273, 24.009000789447455], [120.7460415571986, 23.998564375649927], [120.77055138754162, 24.009082750812357], [120.7795490368213, 24.020092894164197], [120.79655108838224, 24.04031003084003], [120.7881377020428, 24.052686196940236], [120.76771771228145, 24.06448863348613], [120.75614930606473, 24.07517093137836], [120.73219452551493, 24.081399995110914], [120.72690694590577, 24.07847670642941], [120.70812289237708, 24.081919083755295], [120.68516135882568, 24.070280569939207], [120.67186937693525, 24.081126790561243], [120.65898637910297, 24.082492813309607], [120.65253027361334, 24.08904972250177], [120.65051456646951, 24.073176538165743], [120.65986277351334, 24.06274012436822], [120.66085602051174, 24.046730337757356], [120.65571450663764, 24.030693230691526], [120.678617613895, 24.014027753161447]]]}, "properties": {"county": "臺中市", "town": "霧峰區"}}, {"type": "Feature", "geometry": {"type": "Polygon", "coordinates": [[[120.73219452551493, 24.081399995110914], [120.74127981423564, 24.08689140655935], [120.70929141825755, 24.105633238666947], [120.70073196618306, 24.112791197868393], [120.70409147808942, 24.124675595779188], [120.68533663770775, 24.121724986642715], [120.66497507424043, 24.112572634228652], [120.65729201657628, 24.10448577955832], [120.66330992486074, 24.09779226809132], [120.65253027361334, 24.08904972250177], [120.65898637910297, 24.082492813309607], [120.67186937693525, 24.081126790561243], [120.68516135882568, 24.070280569939207], [120.70812289237708, 24.081919083755295], [120.72690694590577, 24.07847670642941], [120.73219452551493, 24.081399995110914]]]}, "properties": {"county": "臺中市", "town": "大里區"}}, {"type": "Feature", "geometry": {"type": "Polygon", "coordinates": [[[120.68533663770775, 24.121724986642715], [120.68241532300657, 24.135521816401223], [120.66643573159102, 24.128800984479255], [120.6548965385213, 24.135275932306516], [120.65402014411094, 24.12748960264082], [120.64356183748066, 24.119320786605588], [120.65729201657628, 24.10448577955832], [120.66497507424043, 24.112572634228652], [120.68533663770775, 24.121724986642715]]]}, "properties": {"county": "臺中市", "town": "南區"}}, {"type": "Feature", "geometry": {"type": "Polygon", "coordinates": [[[120.6258002440974, 24.046730337757356], [120.62866313250457, 24.029627732947798], [120.64484721594918, 24.025939471527206], [120.65571450663764, 24.030693230691526], [120.66085602051174, 24.046730337757356], [120.65986277351334, 24.06274012436822], [120.65051456646951, 24.073176538165743], [120.65253027361334, 24.08904972250177], [120.66330992486074, 24.09779226809132], [120.65729201657628, 24.10448577955832], [120.64356183748066, 24.119320786605588], [120.63137995517668, 24.109567384182245], [120.61998682784203, 24.112654595593554], [120.61887672825557, 24.12393794349507], [120.6104049156221, 24.1251673639686], [120.58624564304321, 24.13789869598338], [120.58849505536314, 24.129402034488535], [120.5818052446974, 24.109540063727277], [120.6123621964719, 24.10260066816557], [120.61516665858505, 24.084268642882485], [120.6253328337452, 24.068969188100773], [120.6258002440974, 24.046730337757356]]]}, "properties": {"county": "臺中市", "town": "烏日區"}}, {"type": "Feature", "geometry": {"type": "Polygon", "coordinates": [[[120.68574562176592, 24.143280825611946], [120.67373901834401, 24.143280825611946], [120.68241532300657, 24.135521816401223], [120.68574562176592, 24.143280825611946]]]}, "properties": {"county": "臺中市", "town": "中區"}}, {"type": "Feature", "geometry": {"type": "Polygon", "coordinates": [[[120.68241532300657, 24.135521816401223], [120.67373901834401, 24.143280825611946], [120.66336835115477, 24.163142796373208], [120.65381565208186, 24.155793593986992], [120.6548965385213, 24.135275932306516], [120.66643573159102, 24.128800984479255], [120.68241532300657, 24.135521816401223]]]}, "properties": {"county": "臺中市", "town": "西區"}}, {"type": "Feature", "geometry": {"type": "Polygon", "coordinates": [[[120.58624564304321, 24.13789869598338], [120.6104049156221, 24.1251673639686], [120.61887672825557, 24.12393794349507], [120.61998682784203, 24.112654595593554], [120.63137995517668, 24.109567384182245], [120.64356183748066, 24.119320786605588], [120.65402014411094, 24.12748960264082], [120.6548965385213, 24.135275932306516], [120.65381565208186, 24.155793593986992], [120.62682270424281, 24.154427571238624], [120.60640271448146, 24.16475470321628], [120.59492194770577, 24.16338868046791], [120.58437600163445, 24.170355396484585], [120.57467723682649, 24.147433534766982], [120.58624564304321, 24.13789869598338]]]}, "properties": {"county": "臺中市", "town": "南屯區"}}, {"type": "Feature", "geometry": {"type": "Polygon", "coordinates": [[[120.68574562176592, 24.143280825611946], [120.6920556615205, 24.15270638257568], [120.69973871918465, 24.151449641647183], [120.70391619920736, 24.159372573587714], [120.68852087073206, 24.162295862269218], [120.67946479515835, 24.17297816016145], [120.66704920767828, 24.17308744198132], [120.66336835115477, 24.163142796373208], [120.67373901834401, 24.143280825611946], [120.68574562176592, 24.143280825611946]]]}, "properties": {"county": "臺中市", "town": "北區"}}, {"type": "Feature", "geometry": {"type": "Polygon", "coordinates": [[[120.58364567295915, 24.174234901089946], [120.58437600163445, 24.170355396484585], [120.59492194770577, 24.16338868046791], [120.60640271448146, 24.16475470321628], [120.62682270424281, 24.154427571238624], [120.65381565208186, 24.155793593986992], [120.66336835115477, 24.163142796373208], [120.66704920767828, 24.17308744198132], [120.65813919783963, 24.17740407386616], [120.65743808231134, 24.186802310374926], [120.66444923759421, 24.20158267651226], [120.65159545290895, 24.209833453912395], [120.6355866483464, 24.203877594729516], [120.59632417876234, 24.214177406252205], [120.58773551354082, 24.19264888773794], [120.59781404925995, 24.18942507405179], [120.58364567295915, 24.174234901089946]]]}, "properties": {"county": "臺中市", "town": "西屯區"}}, {"type": "Feature", "geometry": {"type": "Polygon", "coordinates": [[[120.66444923759421, 24.20158267651226], [120.65743808231134, 24.186802310374926], [120.65813919783963, 24.17740407386616], [120.66704920767828, 24.17308744198132], [120.67946479515835, 24.17297816016145], [120.68852087073206, 24.162295862269218], [120.70391619920736, 24.159372573587714], [120.70680830076154, 24.162869591823533], [120.73134734425157, 24.15713229628039], [120.7489920850468, 24.162213900904316], [120.76462111869819, 24.1588808053983], [120.77633559064998, 24.168524926001773], [120.79415561032727, 24.165847521414975], [120.80262742296074, 24.16945382147066], [120.79745669593962, 24.183742419418582], [120.80113755246313, 24.196446430978398], [120.79602525173604, 24.204123478824222], [120.76824354892767, 24.216936772203905], [120.7536661885687, 24.21925901087613], [120.72903950563763, 24.191556069539242], [120.6978982909229, 24.188332255853098], [120.69103320137509, 24.20617251294677], [120.6698244566444, 24.203686351544743], [120.66444923759421, 24.20158267651226]]]}, "properties": {"county": "臺中市", "town": "北屯區"}}, {"type": "Feature", "geometry": {"type": "Polygon", "coordinates": [[[120.6698244566444, 24.203686351544743], [120.69103320137509, 24.20617251294677], [120.6978982909229, 24.188332255853098], [120.72903950563763, 24.191556069539242], [120.7536661885687, 24.21925901087613], [120.73783266288822, 24.224859704144436], [120.72731592996392, 24.21925901087613], [120.72080139818026, 24.228466004200126], [120.69705110965954, 24.231553215611434], [120.68136364971413, 24.23209962471078], [120.67306711596274, 24.218466717682077], [120.6698244566444, 24.203686351544743]]]}, "properties": {"county": "臺中市", "town": "潭子區"}}, {"type": "Feature", "geometry": {"type": "Polygon", "coordinates": [[[121.56596695438301, 25.008109827603207], [121.57803198409896, 25.01384712314635], [121.59205429466469, 25.03127757341551], [121.58007690438978, 25.049445675968794], [121.55769963377864, 25.045211005448856], [121.5573782891615, 25.02941978247773], [121.55261654619855, 25.02439281876374], [121.56596695438301, 25.008109827603207]]]}, "properties": {"county": "臺北市", "town": "信義區"}}, {"type": "Feature", "geometry": {"type": "Polygon", "coordinates": [[[121.5123900427631, 25.02174273463191], [121.50418114845274, 25.02988423021218], [121.51069568023641, 25.0483528577701], [121.50464855880493, 25.049746200973438], [121.48522181604199, 25.03922782581101], [121.4886981805364, 25.015759554994062], [121.49401497329258, 25.00917532534693], [121.5123900427631, 25.02174273463191]]]}, "properties": {"county": "臺北市", "town": "萬華區"}}, {"type": "Feature", "geometry": {"type": "Polygon", "coordinates": [[[121.53321901658262, 25.04537492817866], [121.51864165622365, 25.04838017822507], [121.51069568023641, 25.0483528577701], [121.50418114845274, 25.02988423021218], [121.5123900427631, 25.02174273463191], [121.53184599867306, 25.008656236702553], [121.5370751519882, 25.011279000379417], [121.52173824980693, 25.0280264392744], [121.5326639667894, 25.033709093907607], [121.53321901658262, 25.04537492817866]]]}, "properties": {"county": "臺北市", "town": "中正區"}}, {"type": "Feature", "geometry": {"type": "Polygon", "coordinates": [[[121.59725423483282, 25.014366211790726], [121.6104293641352, 25.01985762323916], [121.62255282014516, 25.017371461837133], [121.63084935389656, 25.024638702858446], [121.6402267740874, 25.023545884659754], [121.66386021002006, 25.023108757380278], [121.66584670401687, 25.029938871122113], [121.65512547906349, 25.027480030175052], [121.62500672449417, 25.03769788033284], [121.61641805927266, 25.05072973735226], [121.61612592780254, 25.063925517101488], [121.57993083865473, 25.05291537374965], [121.58007690438978, 25.049445675968794], [121.59205429466469, 25.03127757341551], [121.57803198409896, 25.01384712314635], [121.59725423483282, 25.014366211790726]]]}, "properties": {"county": "臺北市", "town": "南港區"}}, {"type": "Feature", "geometry": {"type": "Polygon", "coordinates": [[[121.55769963377864, 25.045211005448856], [121.58007690438978, 25.049445675968794], [121.57993083865473, 25.05291537374965], [121.56956017146548, 25.063215185272337], [121.57142981287426, 25.07430728998908], [121.55267497249258, 25.075645992282478], [121.54434922559417, 25.066985408057832], [121.54385260209497, 25.044910480444216], [121.55769963377864, 25.045211005448856]]]}, "properties": {"county": "臺北市", "town": "松山區"}}, {"type": "Feature", "geometry": {"type": "Polygon", "coordinates": [[[121.50464855880493, 25.049746200973438], [121.51069568023641, 25.0483528577701], [121.51864165622365, 25.04838017822507], [121.52249779162923, 25.077093976395748], [121.50467777195195, 25.07810483322954], [121.5070148237129, 25.070619028568487], [121.50464855880493, 25.049746200973438]]]}, "properties": {"county": "臺北市", "town": "大同區"}}, {"type": "Feature", "geometry": {"type": "Polygon", "coordinates": [[[121.54385260209497, 25.044910480444216], [121.54434922559417, 25.066985408057832], [121.55267497249258, 25.075645992282478], [121.57142981287426, 25.07430728998908], [121.55217834899338, 25.09239343117746], [121.53833131730971, 25.091628458438375], [121.52249779162923, 25.077093976395748], [121.51864165622365, 25.04838017822507], [121.53321901658262, 25.04537492817866], [121.54385260209497, 25.044910480444216]]]}, "properties": {"county": "臺北市", "town": "中山區"}}, {"type": "Feature", "geometry": {"type": "Polygon", "coordinates": [[[121.59567672489418, 25.114140513331463], [121.57914208368541, 25.105179404102177], [121.5703197132878, 25.10545260865185], [121.55217834899338, 25.09239343117746], [121.57142981287426, 25.07430728998908], [121.56956017146548, 25.063215185272337], [121.57993083865473, 25.05291537374965], [121.61612592780254, 25.063925517101488], [121.62816174437145, 25.08818608111249], [121.61527874653919, 25.103922663173677], [121.59763400574397, 25.109386754167147], [121.59567672489418, 25.114140513331463]]]}, "properties": {"county": "臺北市", "town": "內湖區"}}, {"type": "Feature", "geometry": {"type": "Polygon", "coordinates": [[[121.49115208488541, 25.094770310759618], [121.50467777195195, 25.07810483322954], [121.52249779162923, 25.077093976395748], [121.53833131730971, 25.091628458438375], [121.55217834899338, 25.09239343117746], [121.5703197132878, 25.10545260865185], [121.57914208368541, 25.105179404102177], [121.59567672489418, 25.114140513331463], [121.60780018090414, 25.130204940852263], [121.59848118700732, 25.140258868280245], [121.58983409549178, 25.163727139097194], [121.57849939445114, 25.165776173219744], [121.58334877685513, 25.17741468703583], [121.58369933461927, 25.194571932755323], [121.57610391639616, 25.19533690549441], [121.56701862767545, 25.188725355392314], [121.56310406597585, 25.169983523284714], [121.54578066979776, 25.141570250118676], [121.5334235086117, 25.137608784148412], [121.51712257257904, 25.09949674946897], [121.49734527205194, 25.098212688085503], [121.49588461470135, 25.1115997110195], [121.48904873830055, 25.115342613350027], [121.47353655723721, 25.110834738280417], [121.46091647772805, 25.116189547454017], [121.45901762317226, 25.112719849673162], [121.46266926654876, 25.10318501088956], [121.48075220454916, 25.10094473358224], [121.49115208488541, 25.094770310759618]]]}, "properties": {"county": "臺北市", "town": "士林區"}}, {"type": "Feature", "geometry": {"type": "Polygon", "coordinates": [[[121.45878391799617, 25.12293769983095], [121.46091647772805, 25.116189547454017], [121.47353655723721, 25.110834738280417], [121.48904873830055, 25.115342613350027], [121.49588461470135, 25.1115997110195], [121.49734527205194, 25.098212688085503], [121.51712257257904, 25.09949674946897], [121.5334235086117, 25.137608784148412], [121.54578066979776, 25.141570250118676], [121.56310406597585, 25.169983523284714], [121.56701862767545, 25.188725355392314], [121.57610391639616, 25.19533690549441], [121.56482764164956, 25.201019560127616], [121.55921871742326, 25.21014459208671], [121.54283014194955, 25.188971239487017], [121.52173824980693, 25.179108555243808], [121.52004388728022, 25.169382473275434], [121.50266206480812, 25.173070734696026], [121.45878391799617, 25.12293769983095]]]}, "properties": {"county": "臺北市", "town": "北投區"}}, {"type": "Feature", "geometry": {"type": "Polygon", "coordinates": [[[121.60961139601888, 23.96307510464735], [121.62217304923401, 23.977855470784682], [121.63496840762525, 23.979795223087365], [121.63955487170612, 23.995395202873716], [121.64790983175153, 24.008946148537518], [121.6436447122878, 24.01940988279001], [121.6333908976866, 24.027032289725902], [121.61764501144715, 24.01020288946602], [121.60785860719815, 24.013563305427], [121.58551054973401, 24.01419167589125], [121.57978477291967, 24.018972755510536], [121.55769963377864, 24.004028466643398], [121.55816704413083, 23.998318491555224], [121.58311507167903, 23.98982183006038], [121.59798456350812, 23.98714442547358], [121.59275541019298, 23.976789973040958], [121.59798456350812, 23.965916431963954], [121.60961139601888, 23.96307510464735]]]}, "properties": {"county": "花蓮縣", "town": "花蓮市"}}, {"type": "Feature", "geometry": {"type": "Polygon", "coordinates": [[[121.57978477291967, 24.018972755510536], [121.58551054973401, 24.01419167589125], [121.60785860719815, 24.013563305427], [121.61764501144715, 24.01020288946602], [121.6333908976866, 24.027032289725902], [121.6255909874344, 24.038315637627413], [121.61647648556668, 24.06148338343972], [121.61913488194477, 24.089596131601116], [121.63371224230373, 24.107600311424598], [121.65646928382604, 24.124074545769904], [121.63426729209696, 24.13617750732044], [121.6399930689113, 24.12218943437716], [121.614840549334, 24.104294536373548], [121.60718670481688, 24.06498040167554], [121.5935441651623, 24.04566484001363], [121.58355326888422, 24.04244102632748], [121.58884084849338, 24.030501987506753], [121.57978477291967, 24.018972755510536]]]}, "properties": {"county": "花蓮縣", "town": "新城鄉"}}, {"type": "Feature", "geometry": {"type": "Polygon", "coordinates": [[[120.25488091648666, 23.135046755497104], [120.26729650396673, 23.116523487029244], [120.25581573719104, 23.107972184624465], [120.26224262953367, 23.105240139127734], [120.27781323689103, 23.11141456195035], [120.30918815678187, 23.1106222687563], [120.33288001900857, 23.106551520966164], [120.33109801704083, 23.11851788024186], [120.3393069113512, 23.13766951917397], [120.34585065628187, 23.151001901198033], [120.32020151320538, 23.1685143128321], [120.29910962106275, 23.176355283407727], [120.28981984031294, 23.176082078858055], [120.2664785358504, 23.170290142404976], [120.26051905385997, 23.15348806260006], [120.26282689247391, 23.141931510148876], [120.25488091648666, 23.135046755497104]]]}, "properties": {"county": "臺南市", "town": "善化區"}}, {"type": "Feature", "geometry": {"type": "Polygon", "coordinates": [[[120.3393069113512, 23.13766951917397], [120.33109801704083, 23.11851788024186], [120.33288001900857, 23.106551520966164], [120.34237429178745, 23.09078761845001], [120.34053386352569, 23.083520377428695], [120.35841230949701, 23.071581338607967], [120.39595120340736, 23.078821259174312], [120.40632187059661, 23.08688079338968], [120.4182992608715, 23.104557127753548], [120.40255337463206, 23.11564923247029], [120.39989497825398, 23.10906500282316], [120.38476256810179, 23.102644695905834], [120.36787736912888, 23.10045905950845], [120.34999892315757, 23.11433785063186], [120.34342596507987, 23.122971114401537], [120.3393069113512, 23.13766951917397]]]}, "properties": {"county": "臺南市", "town": "山上區"}}, {"type": "Feature", "geometry": {"type": "Polygon", "coordinates": [[[120.55495836259341, 23.869939673663676], [120.54815169933963, 23.87070464640276], [120.54099447832171, 23.88469271934604], [120.5255991498464, 23.882507082948653], [120.51987337303207, 23.888025814852057], [120.49997921991692, 23.894937889958797], [120.4996870884468, 23.882479762493688], [120.50731171981693, 23.871087132772303], [120.51400153048266, 23.869885032753743], [120.52334973752649, 23.858109916662816], [120.55986617129142, 23.840952670943324], [120.56275827284561, 23.84327490961555], [120.57198962730138, 23.851252482466013], [120.55469544427031, 23.86496735085962], [120.55495836259341, 23.869939673663676]]]}, "properties": {"county": "彰化縣", "town": "北斗鎮"}}, {"type": "Feature", "geometry": {"type": "Polygon", "coordinates": [[[120.56810427874879, 23.888736146681207], [120.56451106166632, 23.90332526963377], [120.53792709788544, 23.901822644610565], [120.53874506600178, 23.90742333787887], [120.52410927934879, 23.914390053895545], [120.51549140098027, 23.913351876606786], [120.4945455745727, 23.92512699269771], [120.49033888140298, 23.92059179717313], [120.47488512663367, 23.921985140376464], [120.47392109278226, 23.913215274331947], [120.4823344791217, 23.90373507645828], [120.49997921991692, 23.894937889958797], [120.51987337303207, 23.888025814852057], [120.5255991498464, 23.882507082948653], [120.54099447832171, 23.88469271934604], [120.54815169933963, 23.87070464640276], [120.55495836259341, 23.869939673663676], [120.5600414501735, 23.886004101184476], [120.56810427874879, 23.888736146681207]]]}, "properties": {"county": "彰化縣", "town": "田尾鄉"}}, {"type": "Feature", "geometry": {"type": "Polygon", "coordinates": [[[118.30300449888315, 24.44159287340037], [118.2909102560202, 24.41886225486754], [118.27814411077598, 24.413042997959497], [118.29590570415925, 24.395858431785037], [118.32754354237319, 24.386951963465684], [118.33423335303893, 24.39110467262072], [118.34457480708116, 24.41126716838662], [118.32529413005327, 24.421812864004014], [118.33040643078036, 24.432467841441277], [118.30300449888315, 24.44159287340037]]]}, "properties": {"county": "金門縣", "town": "金城鎮"}}, {"type": "Feature", "geometry": {"type": "Polygon", "coordinates": [[[118.46890596076402, 24.457684621376135], [118.46195323177517, 24.48426742405936], [118.44953764429509, 24.504675803919966], [118.4356321863174, 24.514483847253242], [118.42932214656282, 24.52737910199783], [118.41129763485645, 24.532160181617115], [118.3840417686943, 24.508090860790887], [118.38570691807398, 24.493583699203224], [118.37197673897836, 24.479076537615565], [118.3825518981967, 24.46145484416163], [118.39607758526323, 24.453668514495938], [118.40934035400664, 24.45877743957483], [118.42634240556761, 24.470197389751178], [118.43303221623334, 24.470935042035297], [118.4551757816684, 24.446619837114362], [118.46890596076402, 24.457684621376135]]]}, "properties": {"county": "金門縣", "town": "金沙鎮"}}, {"type": "Feature", "geometry": {"type": "Polygon", "coordinates": [[[118.36055439849669, 24.426511982258397], [118.38582377066203, 24.43514524602808], [118.4025921170469, 24.434981323298274], [118.41050887988713, 24.428588336835915], [118.42748171830107, 24.423889218581532], [118.43300300308633, 24.416458054830414], [118.43051988559031, 24.406813934226943], [118.45602296293175, 24.417796757123813], [118.46651048270904, 24.43159358688232], [118.47618003436999, 24.453286028126392], [118.46890596076402, 24.457684621376135], [118.4551757816684, 24.446619837114362], [118.43303221623334, 24.470935042035297], [118.42634240556761, 24.470197389751178], [118.40934035400664, 24.45877743957483], [118.39607758526323, 24.453668514495938], [118.3825518981967, 24.46145484416163], [118.37197673897836, 24.479076537615565], [118.36584197810586, 24.473749048896934], [118.36779925895566, 24.457903185015876], [118.3605836116437, 24.44839566668724], [118.36055439849669, 24.426511982258397]]]}, "properties": {"county": "金門縣", "town": "金湖鎮"}}, {"type": "Feature", "geometry": {"type": "Polygon", "coordinates": [[[120.2804132069751, 23.26186830745551], [120.29937253938586, 23.26252399837473], [120.31529370450737, 23.259081621048843], [120.33553841538665, 23.26331629156878], [120.3512843016261, 23.252196866397075], [120.35070003868586, 23.243727525357198], [120.36580323569103, 23.236432963880915], [120.37316494873805, 23.24102280031543], [120.39811297628626, 23.230559066062938], [120.42285651180538, 23.239957302571703], [120.42399582453884, 23.245366752655237], [120.42297336439343, 23.253617530055376], [120.41286561552728, 23.263207009748914], [120.39539615361414, 23.26304308701911], [120.3894074584767, 23.27569245766899], [120.39227034688386, 23.286101551011548], [120.37000992886075, 23.29325951021299], [120.36632907233725, 23.298723601206458], [120.34964836539342, 23.305061946758883], [120.34196530772928, 23.294516251141488], [120.33144857480498, 23.303996449015155], [120.32502168246235, 23.29675652844881], [120.30074555729541, 23.29615547843953], [120.28464911329183, 23.276867237232583], [120.2804132069751, 23.26186830745551]]]}, "properties": {"county": "臺南市", "town": "柳營區"}}, {"type": "Feature", "geometry": {"type": "Polygon", "coordinates": [[[120.52197671961693, 23.28738561239501], [120.50266682944202, 23.2976854239177], [120.49220852281175, 23.29951589440051], [120.48604454879222, 23.293614676127564], [120.44800903138267, 23.30396912856019], [120.43129911129182, 23.32063460609027], [120.4160498485516, 23.32727347664733], [120.39855117349143, 23.33964964274754], [120.39031306603407, 23.33964964274754], [120.37193799656355, 23.32667242663805], [120.35905499873127, 23.32342129249694], [120.3525404669476, 23.314050376443138], [120.34243271808147, 23.318722174242556], [120.33144857480498, 23.303996449015155], [120.34196530772928, 23.294516251141488], [120.34964836539342, 23.305061946758883], [120.36632907233725, 23.298723601206458], [120.37000992886075, 23.29325951021299], [120.39227034688386, 23.286101551011548], [120.3894074584767, 23.27569245766899], [120.39539615361414, 23.26304308701911], [120.41286561552728, 23.263207009748914], [120.42297336439343, 23.253617530055376], [120.42399582453884, 23.245366752655237], [120.43427885228705, 23.236870091160394], [120.47704689951254, 23.22301862049195], [120.49326019610417, 23.220778343184627], [120.51943517582689, 23.23949285483726], [120.53228896051215, 23.255147475533548], [120.52042842282529, 23.27178563260866], [120.52197671961693, 23.28738561239501]]]}, "properties": {"county": "臺南市", "town": "東山區"}}, {"type": "Feature", "geometry": {"type": "Polygon", "coordinates": [[[120.15126188403526, 23.186873658570153], [120.13986875670061, 23.195834767799443], [120.12648913536913, 23.19370377231199], [120.12432736249025, 23.181682772126358], [120.11310951403766, 23.18621796765094], [120.10323547034761, 23.183130756239628], [120.08369187499662, 23.18895001314767], [120.0694650724018, 23.183485922154205], [120.06052584941615, 23.163569310483012], [120.05211246307671, 23.12594904399298], [120.04393278191336, 23.119200891616046], [120.0352272641038, 23.102562734540932], [120.0278947642038, 23.075187638663653], [120.03896654692133, 23.06805699991718], [120.05795509247909, 23.043086104077027], [120.06265840914801, 23.044014999545915], [120.07554140698029, 23.060352631616386], [120.10101527117472, 23.084941041086996], [120.11144436465797, 23.08797361158837], [120.14907089800937, 23.091361348004323], [120.17267512079502, 23.083547697883663], [120.17810876613925, 23.111086716490743], [120.17130210288546, 23.12152313028827], [120.15713372658468, 23.124145893965135], [120.14886640598029, 23.134391064577887], [120.15888651540538, 23.157176324020654], [120.1449810574277, 23.166820444624125], [120.15126188403526, 23.186873658570153]]]}, "properties": {"county": "臺南市", "town": "七股區"}}, {"type": "Feature", "geometry": {"type": "Polygon", "coordinates": [[[120.17714473228786, 23.213319858978544], [120.16852685391933, 23.232717382005358], [120.1586820233763, 23.23793558890412], [120.13557442408985, 23.228974479674832], [120.12868012139502, 23.22670688191254], [120.09578611785957, 23.225532102348946], [120.0877817155783, 23.22982141377882], [120.0831368252034, 23.241132082135298], [120.07749868783009, 23.200479245143892], [120.0694650724018, 23.183485922154205], [120.08369187499662, 23.18895001314767], [120.10323547034761, 23.183130756239628], [120.11310951403766, 23.18621796765094], [120.12432736249025, 23.181682772126358], [120.12648913536913, 23.19370377231199], [120.13986875670061, 23.195834767799443], [120.15126188403526, 23.186873658570153], [120.16841000133128, 23.184278215348257], [120.17831325816833, 23.208593420269192], [120.17714473228786, 23.213319858978544]]]}, "properties": {"county": "臺南市", "town": "將軍區"}}, {"type": "Feature", "geometry": {"type": "Polygon", "coordinates": [[[120.28517494993805, 22.634727263680144], [120.28681088617071, 22.65008135937179], [120.30874995957669, 22.65472583671624], [120.29288722074921, 22.672648055174815], [120.27395710148546, 22.674096039288084], [120.25751009971773, 22.668850511934355], [120.24994389464163, 22.650737050291006], [120.26332351597311, 22.624126927152815], [120.25651685271933, 22.619591731628233], [120.27760874486195, 22.61109507013339], [120.28885580646156, 22.61101310876849], [120.2901703980771, 22.614947254283788], [120.27705369506873, 22.623225352138892], [120.28517494993805, 22.634727263680144]]]}, "properties": {"county": "高雄市", "town": "鼓山區"}}, {"type": "Feature", "geometry": {"type": "Polygon", "coordinates": [[[120.25806514951095, 22.693630164589734], [120.26446282870657, 22.675216177941746], [120.25751009971773, 22.668850511934355], [120.27395710148546, 22.674096039288084], [120.29288722074921, 22.672648055174815], [120.30874995957669, 22.65472583671624], [120.31175891371892, 22.66363230503559], [120.326628405548, 22.679778693921293], [120.31491393359622, 22.695870441897057], [120.30807805719542, 22.695214750977843], [120.29253666298506, 22.705132076130987], [120.26636168326235, 22.70622489432968], [120.26338194226713, 22.696717376001047], [120.25806514951095, 22.693630164589734]]]}, "properties": {"county": "高雄市", "town": "左營區"}}, {"type": "Feature", "geometry": {"type": "Polygon", "coordinates": [[[120.76126160679182, 22.629782261331055], [120.75287743359938, 22.612078606512217], [120.75480550130217, 22.60156023134979], [120.74577863887548, 22.588337131145593], [120.74794041175437, 22.571070603606234], [120.7399360094731, 22.55833927159145], [120.7394685991209, 22.551454516939682], [120.75001454519222, 22.534024066670515], [120.75387068059779, 22.510774359493308], [120.76085262273365, 22.503425157107092], [120.77066824012967, 22.502386979818333], [120.77797152688265, 22.49230573193538], [120.79231518206552, 22.493535152408914], [120.810573398948, 22.483180699976288], [120.83931913560775, 22.47656914987419], [120.85772341822528, 22.481049704488836], [120.8656109679185, 22.491868604655906], [120.87539737216751, 22.48905459779427], [120.91641263057228, 22.50858872309592], [120.91071606690495, 22.514189416364225], [120.93236300884081, 22.53006260070025], [120.91904181380336, 22.54844926689327], [120.92088224206512, 22.559432089790146], [120.94168200273762, 22.57224538316983], [120.96183907417587, 22.567081817181002], [120.97516026921332, 22.580714724209706], [120.97250187283524, 22.584648869725], [120.97679620544599, 22.616422558852022], [120.97627036879977, 22.630110106790664], [121.0051913843416, 22.63128488635426], [121.00066334655476, 22.641284172872307], [120.98000965161731, 22.64311464335512], [120.97159626527787, 22.653633018517546], [120.9812073906448, 22.66480708459919], [120.99636901394399, 22.665954543707816], [121.00194872502328, 22.67456048702253], [120.99242523909739, 22.69248270548111], [120.98795562760455, 22.680762230300118], [120.9516728990157, 22.669287639213834], [120.93864383544837, 22.65945227542559], [120.91536095727986, 22.65131077984532], [120.89529152528264, 22.653332493512906], [120.88486243179938, 22.648906579808195], [120.87148281046791, 22.65412478670696], [120.85693466325596, 22.66467048232435], [120.85316616729142, 22.658468739046764], [120.8355506396432, 22.65513564354075], [120.78629727378106, 22.672238248350308], [120.78635570007508, 22.662976614116378], [120.76126160679182, 22.629782261331055]]]}, "properties": {"county": "臺東縣", "town": "金峰鄉"}}, {"type": "Feature", "geometry": {"type": "Polygon", "coordinates": [[[121.0398966029918, 22.70179898062497], [121.01839572679101, 22.693329639585095], [120.99242523909739, 22.69248270548111], [121.00194872502328, 22.67456048702253], [120.99636901394399, 22.665954543707816], [120.9812073906448, 22.66480708459919], [120.97159626527787, 22.653633018517546], [120.98000965161731, 22.64311464335512], [121.00066334655476, 22.641284172872307], [121.0051913843416, 22.63128488635426], [120.97627036879977, 22.630110106790664], [120.97679620544599, 22.616422558852022], [120.97250187283524, 22.584648869725], [120.97516026921332, 22.580714724209706], [120.96183907417587, 22.567081817181002], [120.94168200273762, 22.57224538316983], [120.92088224206512, 22.559432089790146], [120.91904181380336, 22.54844926689327], [120.93236300884081, 22.53006260070025], [120.91071606690495, 22.514189416364225], [120.91641263057228, 22.50858872309592], [120.94147751070854, 22.48809838187041], [120.94244154455994, 22.479383156735828], [120.92517657467587, 22.462881601935553], [120.94658981143563, 22.45747215185202], [120.95935595667986, 22.50476385940049], [120.97714676321013, 22.55410460107151], [120.98558936269659, 22.56945869676316], [121.00916437233523, 22.58896550160984], [121.01261152368264, 22.619509770263335], [121.0222810753436, 22.649234425267803], [121.03934155319858, 22.670325816502594], [121.05535035776113, 22.6760904325007], [121.06545810662726, 22.68349427579685], [121.05009199129897, 22.699586023772618], [121.0398966029918, 22.70179898062497]]]}, "properties": {"county": "臺東縣", "town": "太麻里鄉"}}, {"type": "Feature", "geometry": {"type": "Polygon", "coordinates": [[[121.24760207824677, 25.010677950370134], [121.22671467813323, 25.00313750479915], [121.21865184955793, 25.019639059599424], [121.2116991205691, 25.014174968605957], [121.20138687967386, 25.02627793015649], [121.19379146145076, 25.01816375503119], [121.17608829436152, 25.02739806881015], [121.16221204953084, 25.026496493796227], [121.16116037623841, 25.014366211790726], [121.16837602355037, 24.988029293202207], [121.16095588420933, 24.974068540713894], [121.15143239828343, 24.964998149664737], [121.16565920087825, 24.95767626773349], [121.17696468877187, 24.959151572301725], [121.17886354332765, 24.969533345189316], [121.19110385192566, 24.96980654973899], [121.19475549530216, 24.957184499544077], [121.20822275607466, 24.95734842227388], [121.22136867223004, 24.951638447185704], [121.22890566415913, 24.931694515059544], [121.24514817389777, 24.925383489962087], [121.25820645061211, 24.930383133221113], [121.26685354212765, 24.95294982902414], [121.26364009595633, 24.973248927064873], [121.25978396055076, 24.987045756823385], [121.24760207824677, 25.010677950370134]]]}, "properties": {"county": "桃園市", "town": "中壢區"}}, {"type": "Feature", "geometry": {"type": "Polygon", "coordinates": [[[121.24926722762646, 24.886042034809115], [121.25306493673801, 24.908881935161812], [121.25183798456351, 24.9216952285415], [121.25820645061211, 24.930383133221113], [121.24514817389777, 24.925383489962087], [121.22890566415913, 24.931694515059544], [121.22136867223004, 24.951638447185704], [121.20822275607466, 24.95734842227388], [121.19475549530216, 24.957184499544077], [121.19110385192566, 24.96980654973899], [121.17886354332765, 24.969533345189316], [121.17696468877187, 24.959151572301725], [121.1789803959157, 24.948359992589623], [121.1887375870177, 24.92874390592307], [121.18885443960575, 24.909865471540638], [121.18464774643603, 24.889948859869445], [121.19542739768343, 24.88784518483696], [121.22878881157108, 24.893855684929775], [121.23436852265036, 24.886752366638266], [121.24926722762646, 24.886042034809115]]]}, "properties": {"county": "桃園市", "town": "平鎮區"}}, {"type": "Feature", "geometry": {"type": "Polygon", "coordinates": [[[121.02117097575714, 24.8020589562395], [121.00037121508464, 24.822057529275597], [120.99105222118783, 24.82399728157828], [120.96277389488026, 24.799354231197732], [120.95620093680256, 24.784546544605433], [120.96367950243763, 24.765094380668685], [120.96078740088345, 24.750887744085666], [120.96984347645714, 24.765176342033588], [120.97948381497109, 24.763318551095807], [120.9848882471683, 24.77596792174569], [120.99598924303284, 24.779984028625886], [121.01354634438702, 24.770940958031694], [121.02020694190576, 24.756843603268546], [121.02631248963125, 24.757663216917567], [121.03276859512088, 24.76203448971234], [121.02061592596391, 24.794108703844003], [121.02117097575714, 24.8020589562395]]]}, "properties": {"county": "新竹市", "town": "東區"}}, {"type": "Feature", "geometry": {"type": "Polygon", "coordinates": [[[121.03703371458464, 24.710672034373736], [121.04763808694997, 24.71660057310165], [121.05862223022646, 24.730151518765453], [121.06954794720893, 24.73080720968467], [121.06282892339618, 24.74572417809684], [121.04614821645237, 24.752581612293643], [121.03455059708861, 24.748237659953833], [121.02631248963125, 24.757663216917567], [121.02020694190576, 24.756843603268546], [121.01354634438702, 24.770940958031694], [120.99598924303284, 24.779984028625886], [120.9848882471683, 24.77596792174569], [120.97948381497109, 24.763318551095807], [120.96984347645714, 24.765176342033588], [120.96078740088345, 24.750887744085666], [120.94612240108344, 24.74528705081736], [120.93805957250814, 24.729577789211138], [120.93543038927707, 24.71258446622145], [120.97378725130376, 24.7118741343923], [120.98570621528464, 24.710808636648572], [120.99274658371452, 24.717174302655962], [121.01150142409618, 24.706054877484256], [121.01798674273284, 24.71086327755851], [121.03703371458464, 24.710672034373736]]]}, "properties": {"county": "新竹縣", "town": "寶山鄉"}}, {"type": "Feature", "geometry": {"type": "Polygon", "coordinates": [[[120.69234779299062, 22.009607933572358], [120.69383766348824, 22.00258657664575], [120.70558134858703, 21.99354350605156], [120.7135565377213, 21.980620930852005], [120.71057679672607, 21.934121516497587], [120.7287181610205, 21.918302973071494], [120.73964387800297, 21.919477752635093], [120.74572021258146, 21.931170907361114], [120.74843703525357, 21.949448291734267], [120.76470875813922, 21.959119732792708], [120.78302540131571, 21.94354707346132], [120.7966387278233, 21.942153730257985], [120.81305651644401, 21.93349314603334], [120.82222944460575, 21.934340080137325], [120.8372450021699, 21.916008054854238], [120.84615501200855, 21.913685816182014], [120.85112124700058, 21.896364647732717], [120.86713005156312, 21.90273031374011], [120.86257280062927, 21.91756532078738], [120.84890104782767, 21.933820991492947], [120.84232808974998, 21.94994005992368], [120.84416851801173, 21.979309549013575], [120.83441132690974, 21.970785567063764], [120.81851937493524, 21.973872778475073], [120.81150821965237, 21.981276621771222], [120.7932207896229, 21.98220551724011], [120.77072666642368, 21.97944615128841], [120.78556694510576, 22.000619503888103], [120.78530402678265, 22.009471331297522], [120.7736771942719, 22.020126308734785], [120.78539166622369, 22.025508438363353], [120.79339606850496, 22.03766604082382], [120.78454448496034, 22.050424693293568], [120.76987948516035, 22.05974096843743], [120.75334484395158, 22.06274621848384], [120.74642132810975, 22.049359195549844], [120.73835849953444, 22.0476380068869], [120.7220867766488, 22.054167595624094], [120.70581505376313, 22.044332231835853], [120.69079949619899, 22.02572700200309], [120.69234779299062, 22.009607933572358]]]}, "properties": {"county": "屏東縣", "town": "恆春鎮"}}, {"type": "Feature", "geometry": {"type": "Polygon", "coordinates": [[[120.70409147808942, 24.124675595779188], [120.7120666672237, 24.144537566540446], [120.69973871918465, 24.151449641647183], [120.6920556615205, 24.15270638257568], [120.68574562176592, 24.143280825611946], [120.68241532300657, 24.135521816401223], [120.68533663770775, 24.121724986642715], [120.70409147808942, 24.124675595779188]]]}, "properties": {"county": "臺中市", "town": "東區"}}, {"type": "Feature", "geometry": {"type": "Polygon", "coordinates": [[[120.8377124125221, 24.117872802492318], [120.83230798032488, 24.123145650301016], [120.83388549026353, 24.140767343754952], [120.80268584925476, 24.1506846689081], [120.80630827948424, 24.160984480430784], [120.80262742296074, 24.16945382147066], [120.79415561032727, 24.165847521414975], [120.77633559064998, 24.168524926001773], [120.76462111869819, 24.1588808053983], [120.7489920850468, 24.162213900904316], [120.73134734425157, 24.15713229628039], [120.70680830076154, 24.162869591823533], [120.70391619920736, 24.159372573587714], [120.69973871918465, 24.151449641647183], [120.7120666672237, 24.144537566540446], [120.70409147808942, 24.124675595779188], [120.70073196618306, 24.112791197868393], [120.70929141825755, 24.105633238666947], [120.74127981423564, 24.08689140655935], [120.73219452551493, 24.081399995110914], [120.75614930606473, 24.07517093137836], [120.76771771228145, 24.06448863348613], [120.7881377020428, 24.052686196940236], [120.79655108838224, 24.04031003084003], [120.80686332927748, 24.063914903931813], [120.82924059988862, 24.071455349502802], [120.82865633694838, 24.094677736225044], [120.8377124125221, 24.117872802492318]]]}, "properties": {"county": "臺中市", "town": "太平區"}}, {"type": "Feature", "geometry": {"type": "Polygon", "coordinates": [[[121.21333505680175, 23.600314103590964], [121.22084283558382, 23.599494489941943], [121.24558637110295, 23.615231072003134], [121.2442717794874, 23.592281889830563], [121.25385369170733, 23.55807668021145], [121.25026047462487, 23.549470736896737], [121.26326032504518, 23.53892504127934], [121.28379716739458, 23.543132391344315], [121.31473389008023, 23.56212010754662], [121.32230009515634, 23.561519057537335], [121.32381917880096, 23.521248706915472], [121.32755846161848, 23.502780079357546], [121.3185608123388, 23.499938752040944], [121.31496759525633, 23.48843684049969], [121.32378996565394, 23.484420733619494], [121.31920350157307, 23.474230203916672], [121.32525062300454, 23.467236167445034], [121.33719880013243, 23.490403913257342], [121.34552454703083, 23.49089568144675], [121.34882563264318, 23.52578390244005], [121.36276030376789, 23.526357631994365], [121.37631520398143, 23.54862380279275], [121.37450398886669, 23.55703850292269], [121.35811541339298, 23.576354064584603], [121.3523019971376, 23.598784158112792], [121.35811541339298, 23.605423028669858], [121.36796024393601, 23.62110496982111], [121.36901191722845, 23.63528428594916], [121.37938258441768, 23.64309793606982], [121.37862304259538, 23.660992834073433], [121.37056021402007, 23.676292288855144], [121.37318939725115, 23.688641134500386], [121.40371713587864, 23.68899630041496], [121.41177996445394, 23.711262471213345], [121.40798225534239, 23.721534962281066], [121.42521801207944, 23.71975913270819], [121.43255051197944, 23.72984038059114], [121.41198445648303, 23.738555605725722], [121.42095289261569, 23.746779062670893], [121.42247197626031, 23.76180531290293], [121.4305055916886, 23.768881310739474], [121.4529705017408, 23.761040340163845], [121.45314578062286, 23.777596535874054], [121.4466312488392, 23.78404416324635], [121.44429419707824, 23.79811419755453], [121.45113007347904, 23.81251207732232], [121.44087625887784, 23.818304013775396], [121.4285483108388, 23.82906827303253], [121.4221798447902, 23.842072809596985], [121.40509015378821, 23.845078059643395], [121.40056211600135, 23.837428332252536], [121.38709485522884, 23.83936808455522], [121.35966371018462, 23.865623041778836], [121.3613288595643, 23.87319080780479], [121.34602117053004, 23.896659078621738], [121.33649768460414, 23.8991998809337], [121.331268531289, 23.913215274331947], [121.2955700656404, 23.925618760887122], [121.27453659979179, 23.926520335901046], [121.27488715755594, 23.907532619698742], [121.26106933901929, 23.902587617349653], [121.26828498633124, 23.883435978417545], [121.253035723591, 23.867890639541127], [121.24891666986231, 23.852126737024967], [121.23974374170056, 23.841061952763194], [121.23492357244359, 23.818112770590627], [121.22548772595873, 23.7982234793744], [121.2283506143659, 23.785218942809944], [121.20530144137346, 23.771121588046796], [121.21315977791969, 23.757625283292928], [121.2324988812416, 23.75060392636632], [121.22963599283443, 23.730195546505715], [121.23620895091211, 23.724348969142703], [121.24117518590414, 23.709022193906023], [121.23930554449538, 23.686756023107638], [121.23261573382965, 23.676292288855144], [121.2354201959428, 23.661402640897943], [121.22428998693124, 23.639136470099558], [121.22382257657905, 23.62359113122314], [121.21333505680175, 23.600314103590964]]]}, "properties": {"county": "花蓮縣", "town": "萬榮鄉"}}, {"type": "Feature", "geometry": {"type": "Polygon", "coordinates": [[[121.51738549090214, 23.71216404622727], [121.52501012227226, 23.720797309996946], [121.52661684535792, 23.73126104424944], [121.52097870798461, 23.736506571603172], [121.51653830963879, 23.75770724465783], [121.49778346925713, 23.768034376635484], [121.50029579990016, 23.778334188158173], [121.51963490322207, 23.78650300419341], [121.51852480363561, 23.796256406616752], [121.52541910633043, 23.808359368167284], [121.51957647692804, 23.815790531918402], [121.50815413644636, 23.810326440924932], [121.4862442761874, 23.80696602496395], [121.46015693590573, 23.80816812498251], [121.45113007347904, 23.81251207732232], [121.44429419707824, 23.79811419755453], [121.4466312488392, 23.78404416324635], [121.45314578062286, 23.777596535874054], [121.4529705017408, 23.761040340163845], [121.4305055916886, 23.768881310739474], [121.42247197626031, 23.76180531290293], [121.42095289261569, 23.746779062670893], [121.41198445648303, 23.738555605725722], [121.43255051197944, 23.72984038059114], [121.42521801207944, 23.71975913270819], [121.40798225534239, 23.721534962281066], [121.41177996445394, 23.711262471213345], [121.40371713587864, 23.68899630041496], [121.4197551535882, 23.68694726629241], [121.4518019758603, 23.676073725215407], [121.4639838581643, 23.67645621158495], [121.48119040175433, 23.696290861891242], [121.50561259265632, 23.710115012104716], [121.51738549090214, 23.71216404622727]]]}, "properties": {"county": "花蓮縣", "town": "鳳林鎮"}}]}